Date,Adj Close,Close,High,Low,Open,Volume,Ticker
2023-01-03,156.39437866210938,194.5,196.5,194.5,196.0,2992300,ADVANC
2023-01-04,158.4045867919922,197.0,197.5,194.0,194.5,5078000,ADVANC
2023-01-05,161.6208953857422,201.0,202.0,196.5,197.0,13624900,ADVANC
2023-01-06,161.6208953857422,201.0,202.0,199.5,201.0,4262300,ADVANC
2023-01-09,163.2290802001953,203.0,203.0,201.0,202.0,4561800,ADVANC
2023-01-10,163.2290802001953,203.0,204.0,202.0,204.0,4852900,ADVANC
2023-01-11,160.0127410888672,199.0,204.0,199.0,203.0,6663900,ADVANC
2023-01-12,161.6208953857422,201.0,203.0,199.5,200.0,7078600,ADVANC
2023-01-13,162.4250030517578,202.0,203.0,200.0,202.0,3937300,ADVANC
2023-01-16,162.4250030517578,202.0,203.0,201.0,203.0,3680700,ADVANC
2023-01-17,161.6208953857422,201.0,202.0,200.0,201.0,4213600,ADVANC
2023-01-18,162.4250030517578,202.0,202.0,200.0,200.0,3823300,ADVANC
2023-01-19,162.4250030517578,202.0,202.0,200.0,201.0,3115500,ADVANC
2023-01-20,160.8168182373047,200.0,202.0,200.0,202.0,4366200,ADVANC
2023-01-23,161.6208953857422,201.0,202.0,200.0,200.0,2546400,ADVANC
2023-01-24,160.8168182373047,200.0,202.0,200.0,201.0,2341400,ADVANC
2023-01-25,161.6208953857422,201.0,201.0,199.0,200.0,2432100,ADVANC
2023-01-26,160.8168182373047,200.0,202.0,199.0,201.0,4414300,ADVANC
2023-01-27,160.8168182373047,200.0,201.0,199.0,200.0,1974700,ADVANC
2023-01-30,158.80661010742188,197.5,201.0,196.5,200.0,8722800,ADVANC
2023-01-31,156.79640197753906,195.0,197.5,195.0,196.5,8277800,ADVANC
2023-02-01,159.2086639404297,198.0,198.5,196.0,196.0,4759400,ADVANC
2023-02-02,158.80661010742188,197.5,200.0,197.0,198.5,5754300,ADVANC
2023-02-03,159.61068725585938,198.5,198.5,197.0,197.5,2401200,ADVANC
2023-02-06,158.4045867919922,197.0,198.5,197.0,198.5,2112300,ADVANC
2023-02-07,158.00253295898438,196.5,198.0,196.0,197.0,3222700,ADVANC
2023-02-08,157.1984405517578,195.5,196.5,195.0,196.0,3769600,ADVANC
2023-02-09,160.414794921875,199.5,201.0,194.0,195.0,11696300,ADVANC
2023-02-10,165.6413116455078,206.0,206.0,201.0,202.0,16099700,ADVANC
2023-02-13,168.857666015625,210.0,210.0,207.0,208.0,11095800,ADVANC
2023-02-14,167.24949645996094,208.0,211.0,206.0,211.0,8695700,ADVANC
2023-02-15,168.05357360839844,209.0,210.0,206.0,207.0,5605900,ADVANC
2023-02-16,169.6617431640625,211.0,212.0,208.0,209.0,6836200,ADVANC
2023-02-17,168.05357360839844,209.0,211.0,208.0,210.0,6406500,ADVANC
2023-02-20,168.05357360839844,209.0,210.0,207.0,208.0,5039600,ADVANC
2023-02-21,168.857666015625,210.0,211.0,208.0,210.0,6670500,ADVANC
2023-02-22,170.69593811035156,208.0,208.0,206.0,206.0,5605500,ADVANC
2023-02-23,169.0546112060547,206.0,208.0,205.0,207.0,4638800,ADVANC
2023-02-24,164.9513397216797,201.0,206.0,201.0,205.0,9418200,ADVANC
2023-02-27,164.1306915283203,200.0,201.0,198.5,201.0,7383600,ADVANC
2023-02-28,165.7720184326172,202.0,203.0,200.0,201.0,5706700,ADVANC
2023-03-01,165.7720184326172,202.0,204.0,201.0,202.0,7670600,ADVANC
2023-03-02,165.7720184326172,202.0,203.0,200.0,202.0,5280500,ADVANC
2023-03-03,166.59266662597656,203.0,203.0,200.0,203.0,4207500,ADVANC
2023-03-07,167.41329956054688,204.0,205.0,202.0,204.0,7244400,ADVANC
2023-03-08,167.41329956054688,204.0,204.0,201.0,201.0,6516900,ADVANC
2023-03-09,169.87527465820312,207.0,208.0,203.0,205.0,9662700,ADVANC
2023-03-10,171.51658630371094,209.0,209.0,205.0,206.0,7456100,ADVANC
2023-03-13,165.7720184326172,202.0,210.0,201.0,210.0,11559700,ADVANC
2023-03-14,164.9513397216797,201.0,207.0,200.0,200.0,13588700,ADVANC
2023-03-15,168.2339630126953,205.0,207.0,201.0,203.0,8989900,ADVANC
2023-03-16,169.87527465820312,207.0,207.0,202.0,202.0,6964000,ADVANC
2023-03-17,169.0546112060547,206.0,208.0,204.0,208.0,8668500,ADVANC
2023-03-20,171.51658630371094,209.0,210.0,206.0,207.0,9315100,ADVANC
2023-03-21,175.61985778808594,214.0,215.0,208.0,210.0,13701400,ADVANC
2023-03-22,175.61985778808594,214.0,214.0,211.0,214.0,9118200,ADVANC
2023-03-23,174.79916381835938,213.0,215.0,211.0,214.0,6941000,ADVANC
2023-03-24,174.79916381835938,213.0,215.0,212.0,215.0,5702200,ADVANC
2023-03-27,173.9785614013672,212.0,213.0,210.0,213.0,4282400,ADVANC
2023-03-28,175.61985778808594,214.0,214.0,211.0,213.0,3294600,ADVANC
2023-03-29,173.9785614013672,212.0,214.0,211.0,214.0,4271200,ADVANC
2023-03-30,173.1578826904297,211.0,213.0,211.0,212.0,4399900,ADVANC
2023-03-31,173.9785614013672,212.0,213.0,211.0,212.0,3142700,ADVANC
2023-04-03,174.79916381835938,213.0,213.0,211.0,213.0,2613000,ADVANC
2023-04-04,174.79916381835938,213.0,214.0,211.0,213.0,4915800,ADVANC
2023-04-05,171.51658630371094,209.0,213.0,209.0,213.0,4477700,ADVANC
2023-04-07,172.3372344970703,210.0,210.0,206.0,207.0,3624200,ADVANC
2023-04-10,173.9785614013672,212.0,213.0,209.0,211.0,4216300,ADVANC
2023-04-11,174.79916381835938,213.0,213.0,211.0,212.0,3171200,ADVANC
2023-04-12,173.1578826904297,211.0,214.0,210.0,213.0,3786300,ADVANC
2023-04-17,174.79916381835938,213.0,215.0,211.0,213.0,4412700,ADVANC
2023-04-18,173.9785614013672,212.0,214.0,212.0,213.0,2889000,ADVANC
2023-04-19,173.9785614013672,212.0,214.0,211.0,212.0,4750600,ADVANC
2023-04-20,172.3372344970703,210.0,212.0,209.0,211.0,4690700,ADVANC
2023-04-21,171.51658630371094,209.0,211.0,207.0,210.0,4716300,ADVANC
2023-04-24,170.69593811035156,208.0,209.0,206.0,209.0,5808000,ADVANC
2023-04-25,170.69593811035156,208.0,210.0,206.0,207.0,6072900,ADVANC
2023-04-26,173.9785614013672,212.0,212.0,208.0,208.0,4219100,ADVANC
2023-04-27,175.61985778808594,214.0,216.0,212.0,213.0,11108900,ADVANC
2023-04-28,175.61985778808594,214.0,216.0,212.0,214.0,4333600,ADVANC
2023-05-02,175.61985778808594,214.0,215.0,213.0,215.0,2332400,ADVANC
2023-05-03,175.61985778808594,214.0,215.0,210.0,213.0,6266800,ADVANC
2023-05-08,179.72311401367188,219.0,220.0,213.0,213.0,9343400,ADVANC
2023-05-09,178.90245056152344,218.0,219.0,216.0,219.0,4522300,ADVANC
2023-05-10,180.54376220703125,220.0,221.0,217.0,218.0,3517100,ADVANC
2023-05-11,179.72311401367188,219.0,221.0,219.0,220.0,2566400,ADVANC
2023-05-12,181.3644256591797,221.0,221.0,218.0,219.0,3733900,ADVANC
2023-05-15,173.1578826904297,211.0,222.0,210.0,222.0,12483000,ADVANC
2023-05-16,174.79916381835938,213.0,215.0,211.0,212.0,6325900,ADVANC
2023-05-17,176.44049072265625,215.0,216.0,214.0,215.0,4680900,ADVANC
2023-05-18,173.1578826904297,211.0,215.0,211.0,215.0,3567800,ADVANC
2023-05-19,172.3372344970703,210.0,212.0,209.0,211.0,2926800,ADVANC
2023-05-22,173.9785614013672,212.0,212.0,206.0,209.0,5255200,ADVANC
2023-05-23,174.79916381835938,213.0,213.0,210.0,212.0,2928400,ADVANC
2023-05-24,173.1578826904297,211.0,213.0,211.0,212.0,1878400,ADVANC
2023-05-25,173.9785614013672,212.0,213.0,210.0,212.0,3049500,ADVANC
2023-05-26,173.9785614013672,212.0,213.0,210.0,211.0,2034000,ADVANC
2023-05-29,173.9785614013672,212.0,214.0,211.0,212.0,3286300,ADVANC
2023-05-30,173.9785614013672,212.0,213.0,211.0,212.0,3173900,ADVANC
2023-05-31,173.1578826904297,211.0,213.0,211.0,211.0,2694800,ADVANC
2023-06-01,172.3372344970703,210.0,213.0,208.0,211.0,3622200,ADVANC
2023-06-02,173.9785614013672,212.0,213.0,208.0,210.0,3373100,ADVANC
2023-06-06,175.61985778808594,214.0,214.0,211.0,214.0,3530200,ADVANC
2023-06-07,176.44049072265625,215.0,215.0,213.0,215.0,3611500,ADVANC
2023-06-08,178.08181762695312,217.0,218.0,214.0,215.0,4091500,ADVANC
2023-06-09,179.72311401367188,219.0,219.0,217.0,217.0,4394600,ADVANC
2023-06-12,178.90245056152344,218.0,219.0,216.0,218.0,2907100,ADVANC
2023-06-13,178.90245056152344,218.0,219.0,216.0,217.0,3209200,ADVANC
2023-06-14,178.90245056152344,218.0,218.0,215.0,217.0,2466100,ADVANC
2023-06-15,178.90245056152344,218.0,218.0,216.0,218.0,2867500,ADVANC
2023-06-16,178.90245056152344,218.0,219.0,216.0,218.0,3487600,ADVANC
2023-06-19,177.2611541748047,216.0,218.0,215.0,217.0,1122900,ADVANC
2023-06-20,178.90245056152344,218.0,219.0,216.0,217.0,2842000,ADVANC
2023-06-21,177.2611541748047,216.0,219.0,216.0,219.0,2064600,ADVANC
2023-06-22,173.9785614013672,212.0,216.0,211.0,216.0,4350000,ADVANC
2023-06-23,173.1578826904297,211.0,213.0,209.0,211.0,3871800,ADVANC
2023-06-26,172.3372344970703,210.0,213.0,210.0,211.0,2093400,ADVANC
2023-06-27,172.3372344970703,210.0,213.0,210.0,211.0,2812100,ADVANC
2023-06-28,173.9785614013672,212.0,212.0,210.0,211.0,3019200,ADVANC
2023-06-29,173.1578826904297,211.0,213.0,211.0,212.0,2917500,ADVANC
2023-06-30,175.61985778808594,214.0,216.0,211.0,213.0,5817000,ADVANC
2023-07-03,173.9785614013672,212.0,215.0,210.0,215.0,4078500,ADVANC
2023-07-04,175.61985778808594,214.0,215.0,209.0,211.0,7167800,ADVANC
2023-07-05,177.2611541748047,216.0,218.0,215.0,215.0,6525600,ADVANC
2023-07-06,177.2611541748047,216.0,219.0,215.0,218.0,4167100,ADVANC
2023-07-07,175.61985778808594,214.0,217.0,214.0,215.0,3259300,ADVANC
2023-07-10,175.61985778808594,214.0,216.0,213.0,215.0,3246100,ADVANC
2023-07-11,177.2611541748047,216.0,216.0,213.0,214.0,3037600,ADVANC
2023-07-12,178.08181762695312,217.0,218.0,215.0,217.0,4900200,ADVANC
2023-07-13,178.90245056152344,218.0,219.0,217.0,218.0,3293000,ADVANC
2023-07-14,182.18508911132812,222.0,222.0,218.0,219.0,5495400,ADVANC
2023-07-17,182.18508911132812,222.0,223.0,220.0,223.0,4704700,ADVANC
2023-07-18,184.6470489501953,225.0,224.0,221.0,222.0,2584500,ADVANC
2023-07-19,181.3644256591797,221.0,225.0,220.0,224.0,5093400,ADVANC
2023-07-20,180.54376220703125,220.0,222.0,219.0,221.0,3381900,ADVANC
2023-07-21,182.18508911132812,222.0,223.0,218.0,220.0,3631600,ADVANC
2023-07-24,182.18508911132812,222.0,223.0,221.0,222.0,1923200,ADVANC
2023-07-25,182.18508911132812,222.0,223.0,220.0,222.0,1811300,ADVANC
2023-07-26,183.00572204589844,223.0,223.0,221.0,222.0,1588500,ADVANC
2023-07-27,183.8263702392578,224.0,225.0,221.0,223.0,4573400,ADVANC
2023-07-31,185.4676971435547,226.0,227.0,225.0,226.0,1626700,ADVANC
2023-08-02,185.4676971435547,226.0,228.0,222.0,222.0,5201600,ADVANC
2023-08-03,182.18508911132812,222.0,227.0,222.0,226.0,4908500,ADVANC
2023-08-04,183.8263702392578,224.0,226.0,222.0,222.0,1905700,ADVANC
2023-08-07,183.8263702392578,224.0,226.0,222.0,224.0,3945500,ADVANC
2023-08-08,180.54376220703125,220.0,225.0,220.0,223.0,4418800,ADVANC
2023-08-09,182.18508911132812,222.0,222.0,218.0,220.0,3140300,ADVANC
2023-08-10,181.3644256591797,221.0,222.0,219.0,221.0,4019300,ADVANC
2023-08-11,181.3644256591797,221.0,222.0,220.0,221.0,1810700,ADVANC
2023-08-15,181.3644256591797,221.0,222.0,219.0,222.0,2278100,ADVANC
2023-08-16,182.18508911132812,222.0,222.0,218.0,220.0,5354300,ADVANC
2023-08-17,183.00572204589844,223.0,223.0,220.0,221.0,2879600,ADVANC
2023-08-18,185.51266479492188,222.0,223.0,219.0,220.0,5947200,ADVANC
2023-08-21,185.51266479492188,222.0,222.0,219.0,222.0,5055700,ADVANC
2023-08-22,184.67701721191406,221.0,223.0,219.0,222.0,6317100,ADVANC
2023-08-23,185.51266479492188,222.0,223.0,220.0,220.0,3851600,ADVANC
2023-08-24,183.8413848876953,220.0,223.0,220.0,223.0,3924900,ADVANC
2023-08-25,182.1700897216797,218.0,220.0,216.0,219.0,6995900,ADVANC
2023-08-28,183.00572204589844,219.0,219.0,216.0,218.0,3177500,ADVANC
2023-08-29,178.8275146484375,214.0,220.0,213.0,219.0,11740800,ADVANC
2023-08-30,181.33444213867188,217.0,219.0,215.0,217.0,7439800,ADVANC
2023-08-31,180.49880981445312,216.0,218.0,215.0,216.0,3691500,ADVANC
2023-09-01,179.6631622314453,215.0,217.0,214.0,216.0,3234700,ADVANC
2023-09-04,177.99188232421875,213.0,215.0,212.0,214.0,3981200,ADVANC
2023-09-05,178.8275146484375,214.0,215.0,212.0,213.0,2597700,ADVANC
2023-09-06,178.8275146484375,214.0,216.0,213.0,214.0,3308800,ADVANC
2023-09-07,180.49880981445312,216.0,217.0,214.0,214.0,3389000,ADVANC
2023-09-08,180.49880981445312,216.0,217.0,215.0,216.0,1604800,ADVANC
2023-09-11,182.1700897216797,218.0,218.0,215.0,217.0,3640600,ADVANC
2023-09-12,183.00572204589844,219.0,219.0,216.0,218.0,3179100,ADVANC
2023-09-13,183.00572204589844,219.0,220.0,217.0,218.0,2535200,ADVANC
2023-09-14,184.67701721191406,221.0,221.0,219.0,220.0,2439300,ADVANC
2023-09-15,185.51266479492188,222.0,223.0,219.0,221.0,4147900,ADVANC
2023-09-18,185.51266479492188,222.0,223.0,221.0,222.0,2735500,ADVANC
2023-09-19,188.0195770263672,225.0,225.0,222.0,223.0,6514700,ADVANC
2023-09-20,184.67701721191406,221.0,225.0,221.0,225.0,5867300,ADVANC
2023-09-21,185.51266479492188,222.0,224.0,220.0,221.0,3185500,ADVANC
2023-09-22,190.5265350341797,228.0,231.0,223.0,224.0,10752000,ADVANC
2023-09-25,188.85523986816406,226.0,229.0,226.0,229.0,2465000,ADVANC
2023-09-26,188.0195770263672,225.0,228.0,225.0,225.0,5573800,ADVANC
2023-09-27,188.85523986816406,226.0,228.0,226.0,226.0,1747400,ADVANC
2023-09-28,188.0195770263672,225.0,228.0,224.0,226.0,4505100,ADVANC
2023-09-29,190.5265350341797,228.0,228.0,226.0,227.0,4672700,ADVANC
2023-10-02,190.5265350341797,228.0,230.0,226.0,229.0,7345900,ADVANC
2023-10-03,188.85523986816406,226.0,228.0,224.0,227.0,6836700,ADVANC
2023-10-04,188.85523986816406,226.0,227.0,224.0,224.0,3750100,ADVANC
2023-10-05,188.0195770263672,225.0,226.0,222.0,226.0,3133800,ADVANC
2023-10-06,186.34829711914062,223.0,226.0,222.0,226.0,2262200,ADVANC
2023-10-09,186.34829711914062,223.0,224.0,220.0,223.0,2550600,ADVANC
2023-10-10,185.51266479492188,222.0,224.0,220.0,224.0,1905400,ADVANC
2023-10-11,185.51266479492188,222.0,224.0,221.0,222.0,2759100,ADVANC
2023-10-12,187.1839599609375,224.0,224.0,222.0,222.0,1944400,ADVANC
2023-10-16,186.34829711914062,223.0,224.0,221.0,224.0,3116000,ADVANC
2023-10-17,185.51266479492188,222.0,224.0,222.0,224.0,1335300,ADVANC
2023-10-18,187.1839599609375,224.0,225.0,222.0,222.0,1185000,ADVANC
2023-10-19,188.85523986816406,226.0,227.0,223.0,226.0,4001300,ADVANC
2023-10-20,183.8413848876953,220.0,225.0,220.0,225.0,3641600,ADVANC
2023-10-24,179.6631622314453,215.0,221.0,215.0,220.0,5868400,ADVANC
2023-10-25,180.49880981445312,216.0,219.0,215.0,216.0,3661600,ADVANC
2023-10-26,179.6631622314453,215.0,219.0,215.0,216.0,4353500,ADVANC
2023-10-27,181.33444213867188,217.0,218.0,215.0,216.0,3157500,ADVANC
2023-10-30,183.00572204589844,219.0,220.0,216.0,216.0,2927600,ADVANC
2023-10-31,183.8413848876953,220.0,224.0,219.0,223.0,7400300,ADVANC
2023-11-01,177.15621948242188,212.0,217.0,211.0,217.0,10386800,ADVANC
2023-11-02,179.6631622314453,215.0,217.0,212.0,214.0,7659400,ADVANC
2023-11-03,183.00572204589844,219.0,219.0,216.0,217.0,4325300,ADVANC
2023-11-06,185.51266479492188,222.0,223.0,220.0,220.0,6804700,ADVANC
2023-11-07,184.67701721191406,221.0,226.0,221.0,224.0,8348200,ADVANC
2023-11-08,187.1839599609375,224.0,224.0,221.0,222.0,3506400,ADVANC
2023-11-09,185.51266479492188,222.0,224.0,221.0,223.0,4883700,ADVANC
2023-11-10,185.51266479492188,222.0,223.0,221.0,222.0,3807800,ADVANC
2023-11-13,188.0195770263672,225.0,225.0,221.0,222.0,2985000,ADVANC
2023-11-14,186.34829711914062,223.0,227.0,222.0,225.0,4574100,ADVANC
2023-11-15,182.1700897216797,218.0,225.0,217.0,224.0,8719300,ADVANC
2023-11-16,182.1700897216797,218.0,220.0,217.0,217.0,4663800,ADVANC
2023-11-17,182.1700897216797,218.0,220.0,217.0,218.0,3068500,ADVANC
2023-11-20,180.49880981445312,216.0,218.0,215.0,217.0,3674500,ADVANC
2023-11-21,180.49880981445312,216.0,217.0,214.0,216.0,6111500,ADVANC
2023-11-22,182.1700897216797,218.0,219.0,215.0,217.0,3009200,ADVANC
2023-11-23,182.1700897216797,218.0,219.0,216.0,218.0,2523200,ADVANC
2023-11-24,181.33444213867188,217.0,218.0,215.0,218.0,3781600,ADVANC
2023-11-27,180.49880981445312,216.0,217.0,215.0,217.0,2355700,ADVANC
2023-11-28,181.33444213867188,217.0,219.0,216.0,217.0,3150600,ADVANC
2023-11-29,182.1700897216797,218.0,218.0,217.0,218.0,2664700,ADVANC
2023-11-30,182.1700897216797,218.0,218.0,217.0,218.0,6075500,ADVANC
2023-12-01,183.00572204589844,219.0,219.0,217.0,218.0,2296900,ADVANC
2023-12-04,184.67701721191406,221.0,222.0,219.0,220.0,5564300,ADVANC
2023-12-06,184.67701721191406,221.0,222.0,219.0,221.0,4552300,ADVANC
2023-12-07,183.8413848876953,220.0,220.0,217.0,219.0,3642000,ADVANC
2023-12-08,183.8413848876953,220.0,220.0,218.0,220.0,2055300,ADVANC
2023-12-12,183.8413848876953,220.0,220.0,218.0,220.0,2771100,ADVANC
2023-12-13,182.1700897216797,218.0,220.0,217.0,219.0,2665500,ADVANC
2023-12-14,182.1700897216797,218.0,220.0,218.0,219.0,3042600,ADVANC
2023-12-15,183.8413848876953,220.0,220.0,218.0,219.0,5917900,ADVANC
2023-12-18,182.1700897216797,218.0,220.0,218.0,220.0,1551700,ADVANC
2023-12-19,183.00572204589844,219.0,219.0,217.0,218.0,2253100,ADVANC
2023-12-20,183.8413848876953,220.0,221.0,219.0,219.0,3086100,ADVANC
2023-12-21,183.8413848876953,220.0,221.0,219.0,221.0,2776800,ADVANC
2023-12-22,184.67701721191406,221.0,222.0,220.0,220.0,3183800,ADVANC
2023-12-25,184.67701721191406,221.0,222.0,220.0,221.0,1346000,ADVANC
2023-12-26,183.00572204589844,219.0,222.0,218.0,220.0,4789400,ADVANC
2023-12-27,183.00572204589844,219.0,220.0,218.0,219.0,5366300,ADVANC
2023-12-28,181.33444213867188,217.0,219.0,216.0,219.0,6049200,ADVANC
2024-01-03,183.00572204589844,219.0,220.0,218.0,218.0,3801200,ADVANC
2024-01-04,183.00572204589844,219.0,219.0,217.0,218.0,2936200,ADVANC
2024-01-05,178.8275146484375,214.0,219.0,213.0,218.0,9841600,ADVANC
2024-01-08,178.8275146484375,214.0,215.0,213.0,214.0,3091900,ADVANC
2024-01-09,181.33444213867188,217.0,217.0,215.0,216.0,5244000,ADVANC
2024-01-10,180.49880981445312,216.0,217.0,215.0,217.0,3885700,ADVANC
2024-01-11,181.33444213867188,217.0,218.0,216.0,217.0,3228900,ADVANC
2024-01-12,182.1700897216797,218.0,219.0,216.0,217.0,4328500,ADVANC
2024-01-15,181.33444213867188,217.0,218.0,216.0,218.0,3516200,ADVANC
2024-01-16,181.33444213867188,217.0,217.0,215.0,217.0,2600400,ADVANC
2024-01-17,177.99188232421875,213.0,216.0,213.0,216.0,4803600,ADVANC
2024-01-18,179.6631622314453,215.0,215.0,213.0,214.0,2661900,ADVANC
2024-01-19,182.1700897216797,218.0,218.0,215.0,215.0,3161900,ADVANC
2024-01-22,180.49880981445312,216.0,217.0,215.0,217.0,2477000,ADVANC
2024-01-23,179.6631622314453,215.0,216.0,214.0,215.0,3001200,ADVANC
2024-01-24,180.49880981445312,216.0,218.0,214.0,215.0,3220900,ADVANC
2024-01-25,182.1700897216797,218.0,218.0,216.0,216.0,2731900,ADVANC
2024-01-26,180.49880981445312,216.0,219.0,216.0,218.0,6715900,ADVANC
2024-01-29,182.1700897216797,218.0,218.0,217.0,217.0,2527200,ADVANC
2024-01-30,183.00572204589844,219.0,219.0,216.0,217.0,2995100,ADVANC
2024-01-31,183.00572204589844,219.0,219.0,217.0,218.0,4795700,ADVANC
2024-02-01,183.8413848876953,220.0,220.0,217.0,218.0,3231900,ADVANC
2024-02-02,184.67701721191406,221.0,221.0,219.0,220.0,2797000,ADVANC
2024-02-05,183.00572204589844,219.0,221.0,219.0,220.0,2987100,ADVANC
2024-02-06,182.1700897216797,218.0,221.0,217.0,220.0,5134000,ADVANC
2024-02-07,182.1700897216797,218.0,219.0,217.0,218.0,5227700,ADVANC
2024-02-08,178.8275146484375,214.0,219.0,214.0,219.0,6477600,ADVANC
2024-02-09,178.8275146484375,214.0,216.0,213.0,215.0,3840700,ADVANC
2024-02-12,179.6631622314453,215.0,216.0,215.0,215.0,1867100,ADVANC
2024-02-13,178.8275146484375,214.0,216.0,214.0,215.0,3549000,ADVANC
2024-02-14,177.99188232421875,213.0,214.0,212.0,214.0,4513500,ADVANC
2024-02-15,175.48497009277344,210.0,213.0,210.0,213.0,5778600,ADVANC
2024-02-16,177.99188232421875,213.0,214.0,211.0,211.0,7729400,ADVANC
2024-02-19,178.51292419433594,209.0,210.0,208.0,209.0,4822100,ADVANC
2024-02-20,176.8046417236328,207.0,210.0,207.0,210.0,4352500,ADVANC
2024-02-21,175.0963897705078,205.0,209.0,203.0,208.0,12475500,ADVANC
2024-02-22,178.51292419433594,209.0,211.0,204.0,205.0,9222400,ADVANC
2024-02-23,175.95053100585938,206.0,209.0,206.0,209.0,4196600,ADVANC
2024-02-27,175.0963897705078,205.0,208.0,205.0,207.0,3848800,ADVANC
2024-02-28,174.24224853515625,204.0,206.0,204.0,205.0,2716700,ADVANC
2024-02-29,171.67987060546875,201.0,205.0,200.0,205.0,10429600,ADVANC
2024-03-01,175.95053100585938,206.0,208.0,201.0,201.0,6041500,ADVANC
2024-03-04,177.65878295898438,208.0,209.0,206.0,206.0,4853400,ADVANC
2024-03-05,175.95053100585938,206.0,207.0,204.0,207.0,4801900,ADVANC
2024-03-06,175.95053100585938,206.0,207.0,204.0,205.0,2346500,ADVANC
2024-03-07,180.22116088867188,211.0,212.0,207.0,208.0,8100200,ADVANC
2024-03-08,180.22116088867188,211.0,212.0,211.0,211.0,2478000,ADVANC
2024-03-11,180.22116088867188,211.0,212.0,211.0,211.0,2287700,ADVANC
2024-03-12,180.22116088867188,211.0,211.0,211.0,211.0,0,ADVANC
2024-03-13,177.65878295898438,208.0,209.0,208.0,209.0,3358000,ADVANC
2024-03-14,178.51292419433594,209.0,210.0,208.0,209.0,3793700,ADVANC
2024-03-15,175.95053100585938,206.0,209.0,206.0,209.0,8691700,ADVANC
2024-03-18,178.51292419433594,209.0,210.0,207.0,207.0,3295400,ADVANC
2024-03-19,179.36703491210938,210.0,212.0,209.0,210.0,8109300,ADVANC
2024-03-20,179.36703491210938,210.0,210.0,210.0,210.0,0,ADVANC
2024-03-21,180.22116088867188,211.0,212.0,210.0,210.0,3865200,ADVANC
2024-03-22,180.22116088867188,211.0,211.0,211.0,211.0,0,ADVANC
2024-03-25,177.65878295898438,208.0,212.0,206.0,210.0,7482400,ADVANC
2024-03-26,177.65878295898438,208.0,208.0,208.0,208.0,0,ADVANC
2024-03-27,175.95053100585938,206.0,206.0,204.0,205.0,2941900,ADVANC
2024-03-28,175.95053100585938,206.0,206.0,206.0,206.0,0,ADVANC
2024-03-29,175.0963897705078,205.0,206.0,204.0,204.0,2118900,ADVANC
2024-04-01,175.0963897705078,205.0,207.0,204.0,205.0,3338800,ADVANC
2024-04-02,173.3881378173828,203.0,206.0,203.0,205.0,3181600,ADVANC
2024-04-03,174.24224853515625,204.0,205.0,202.0,202.0,7311700,ADVANC
2024-04-04,173.3881378173828,203.0,205.0,203.0,205.0,3738600,ADVANC
2024-04-05,174.24224853515625,204.0,205.0,203.0,203.0,2633800,ADVANC
2024-04-09,176.8046417236328,207.0,207.0,204.0,205.0,8294100,ADVANC
2024-04-10,174.24224853515625,204.0,208.0,204.0,207.0,9393600,ADVANC
2024-04-11,172.53399658203125,202.0,204.0,202.0,204.0,4761700,ADVANC
2024-04-17,170.398681640625,199.5,202.0,198.5,202.0,8657300,ADVANC
2024-04-18,170.398681640625,199.5,199.5,199.5,199.5,0,ADVANC
2024-04-19,170.398681640625,199.5,199.5,199.5,199.5,0,ADVANC
2024-04-22,168.6904296875,197.5,199.0,197.0,197.5,3589600,ADVANC
2024-04-23,169.54454040527344,198.5,199.5,196.0,198.0,3637600,ADVANC
2024-04-24,169.54454040527344,198.5,198.5,198.5,198.5,0,ADVANC
2024-04-25,168.6904296875,197.5,198.0,196.5,196.5,2177800,ADVANC
2024-04-26,166.5550994873047,195.0,197.5,194.5,197.5,5166500,ADVANC
2024-04-29,168.2633514404297,197.0,198.0,196.0,196.0,4379100,ADVANC
2024-04-30,168.2633514404297,197.0,197.0,197.0,197.0,0,ADVANC
2024-05-02,168.2633514404297,197.0,197.0,197.0,197.0,0,ADVANC
2024-05-03,176.8046417236328,207.0,209.0,206.0,208.0,5684000,ADVANC
2024-05-07,176.8046417236328,207.0,207.0,207.0,207.0,0,ADVANC
2024-05-08,175.95053100585938,206.0,209.0,205.0,209.0,8836700,ADVANC
2024-05-09,175.95053100585938,206.0,209.0,206.0,207.0,5189900,ADVANC
2024-05-10,175.95053100585938,206.0,206.0,203.0,205.0,6482500,ADVANC
2024-05-13,175.0963897705078,205.0,206.0,204.0,205.0,4833200,ADVANC
2024-05-14,175.0963897705078,205.0,206.0,205.0,205.0,2669400,ADVANC
2024-05-15,175.95053100585938,206.0,207.0,205.0,206.0,3967000,ADVANC
2024-05-16,175.95053100585938,206.0,206.0,206.0,206.0,0,ADVANC
2024-05-17,177.65878295898438,208.0,209.0,206.0,207.0,2359300,ADVANC
2024-05-20,177.65878295898438,208.0,208.0,208.0,208.0,0,ADVANC
2024-05-21,177.65878295898438,208.0,208.0,208.0,208.0,0,ADVANC
2024-05-23,176.8046417236328,207.0,209.0,206.0,206.0,3522000,ADVANC
2024-05-24,176.8046417236328,207.0,207.0,207.0,207.0,0,ADVANC
2024-05-27,176.8046417236328,207.0,207.0,207.0,207.0,0,ADVANC
2024-05-28,176.8046417236328,207.0,208.0,207.0,207.0,2078700,ADVANC
2024-05-29,174.24224853515625,204.0,207.0,204.0,207.0,4858500,ADVANC
2024-05-30,174.24224853515625,204.0,204.0,204.0,204.0,0,ADVANC
2024-05-31,174.24224853515625,204.0,204.0,204.0,204.0,0,ADVANC
2024-06-04,176.8046417236328,207.0,208.0,202.0,203.0,6526100,ADVANC
2024-06-05,177.65878295898438,208.0,209.0,206.0,207.0,5464900,ADVANC
2024-06-06,177.65878295898438,208.0,210.0,208.0,209.0,5275900,ADVANC
2024-06-07,180.22116088867188,211.0,212.0,208.0,208.0,8066900,ADVANC
2024-06-10,178.51292419433594,209.0,212.0,208.0,211.0,7496900,ADVANC
2024-06-11,180.22116088867188,211.0,212.0,209.0,210.0,8577400,ADVANC
2024-06-12,179.36703491210938,210.0,212.0,209.0,211.0,4981600,ADVANC
2024-06-13,178.51292419433594,209.0,211.0,209.0,210.0,3079800,ADVANC
2024-06-14,180.22116088867188,211.0,211.0,209.0,210.0,1942900,ADVANC
2024-06-17,178.51292419433594,209.0,212.0,208.0,212.0,6861900,ADVANC
2024-06-18,178.51292419433594,209.0,209.0,209.0,209.0,0,ADVANC
2024-06-19,178.51292419433594,209.0,209.0,209.0,209.0,0,ADVANC
2024-06-20,177.65878295898438,208.0,208.0,204.0,206.0,4734200,ADVANC
2024-06-21,177.65878295898438,208.0,209.0,207.0,208.0,4354700,ADVANC
2024-06-24,176.8046417236328,207.0,209.0,207.0,208.0,2404500,ADVANC
2024-06-25,176.8046417236328,207.0,207.0,207.0,207.0,0,ADVANC
2024-06-26,176.8046417236328,207.0,207.0,207.0,207.0,0,ADVANC
2024-06-27,180.22116088867188,211.0,212.0,210.0,210.0,2200800,ADVANC
2024-06-28,178.51292419433594,209.0,212.0,208.0,212.0,7015000,ADVANC
2024-07-01,178.51292419433594,209.0,209.0,209.0,209.0,0,ADVANC
2024-07-02,178.51292419433594,209.0,209.0,209.0,209.0,0,ADVANC
2024-07-03,180.22116088867188,211.0,211.0,210.0,211.0,1807100,ADVANC
2024-07-04,179.36703491210938,210.0,211.0,208.0,210.0,3025900,ADVANC
2024-07-05,179.36703491210938,210.0,211.0,209.0,210.0,1760800,ADVANC
2024-07-08,181.929443359375,213.0,214.0,210.0,210.0,3985100,ADVANC
2024-07-09,181.929443359375,213.0,213.0,213.0,213.0,0,ADVANC
2024-07-10,188.762451171875,221.0,222.0,218.0,219.0,7626000,ADVANC
2024-07-11,188.762451171875,221.0,221.0,221.0,221.0,0,ADVANC
2024-07-12,188.762451171875,221.0,221.0,221.0,221.0,0,ADVANC
2024-07-15,188.762451171875,221.0,221.0,221.0,221.0,0,ADVANC
2024-07-16,187.90830993652344,220.0,223.0,220.0,222.0,3925700,ADVANC
2024-07-17,187.90830993652344,220.0,220.0,220.0,220.0,0,ADVANC
2024-07-18,194.74136352539062,228.0,230.0,225.0,225.0,8698000,ADVANC
2024-07-19,194.74136352539062,228.0,228.0,225.0,225.0,6262600,ADVANC
2024-07-23,191.3248291015625,224.0,228.0,224.0,228.0,3526500,ADVANC
2024-07-24,189.61659240722656,222.0,225.0,222.0,223.0,4756400,ADVANC
2024-07-25,190.47071838378906,223.0,224.0,221.0,221.0,3838800,ADVANC
2024-07-26,193.88722229003906,227.0,227.0,221.0,223.0,6611200,ADVANC
2024-07-30,193.88722229003906,227.0,227.0,227.0,227.0,0,ADVANC
2024-07-31,199.86611938476562,234.0,235.0,230.0,231.0,6834200,ADVANC
2024-08-01,199.01199340820312,233.0,235.0,233.0,233.0,4572200,ADVANC
2024-08-02,199.01199340820312,233.0,233.0,233.0,233.0,0,ADVANC
2024-08-05,204.9908905029297,240.0,246.0,237.0,237.0,17940100,ADVANC
2024-08-06,203.2826385498047,238.0,242.0,235.0,241.0,7480500,ADVANC
2024-08-07,204.1367645263672,239.0,241.0,235.0,239.0,8825900,ADVANC
2024-08-08,204.1367645263672,239.0,239.0,239.0,239.0,0,ADVANC
2024-08-09,209.26153564453125,245.0,247.0,240.0,241.0,6536600,ADVANC
2024-08-13,209.26153564453125,245.0,245.0,242.0,244.0,2638300,ADVANC
2024-08-14,209.26153564453125,245.0,247.0,240.0,246.0,5232700,ADVANC
2024-08-15,209.26153564453125,245.0,245.0,245.0,245.0,0,ADVANC
2024-08-16,205.84503173828125,241.0,245.0,240.0,245.0,3978800,ADVANC
2024-08-19,210.09042358398438,241.0,241.0,241.0,241.0,0,ADVANC
2024-08-20,212.70562744140625,244.0,246.0,241.0,241.0,6029200,ADVANC
2024-08-21,212.70562744140625,244.0,246.0,243.0,245.0,2802600,ADVANC
2024-08-22,212.70562744140625,244.0,244.0,244.0,244.0,0,ADVANC
2024-08-23,215.32086181640625,247.0,247.0,242.0,243.0,6215900,ADVANC
2024-08-26,215.32086181640625,247.0,247.0,247.0,247.0,0,ADVANC
2024-08-27,215.32086181640625,247.0,251.0,247.0,248.0,4971600,ADVANC
2024-08-28,217.9361114501953,250.0,252.0,247.0,247.0,8048500,ADVANC
2024-08-29,214.44912719726562,246.0,251.0,245.0,250.0,7524800,ADVANC
2024-08-30,215.32086181640625,247.0,248.0,245.0,248.0,7715700,ADVANC
2024-09-02,215.32086181640625,247.0,247.0,247.0,247.0,0,ADVANC
2024-09-03,215.32086181640625,247.0,247.0,247.0,247.0,0,ADVANC
2024-09-04,215.32086181640625,247.0,247.0,247.0,247.0,0,ADVANC
2024-09-05,232.75576782226562,267.0,268.0,249.0,249.0,17848400,ADVANC
2024-09-06,234.49923706054688,269.0,271.0,265.0,267.0,9544300,ADVANC
2024-09-09,234.49923706054688,269.0,269.0,269.0,269.0,0,ADVANC
2024-09-10,225.7818145751953,259.0,262.0,257.0,258.0,8435600,ADVANC
2024-09-11,225.7818145751953,259.0,261.0,257.0,258.0,6989000,ADVANC
2024-09-12,225.7818145751953,259.0,263.0,258.0,261.0,8424800,ADVANC
2024-09-13,226.65354919433594,260.0,260.0,256.0,258.0,4563500,ADVANC
2024-09-16,226.65354919433594,260.0,260.0,260.0,260.0,0,ADVANC
2024-09-17,226.65354919433594,260.0,260.0,260.0,260.0,0,ADVANC
2024-09-18,226.65354919433594,260.0,260.0,260.0,260.0,0,ADVANC
2024-09-19,226.65354919433594,260.0,260.0,260.0,260.0,0,ADVANC
2024-09-20,226.65354919433594,260.0,260.0,260.0,260.0,0,ADVANC
2024-09-23,224.91006469726562,258.0,261.0,254.0,260.0,5833100,ADVANC
2024-09-24,231.01226806640625,265.0,265.0,257.0,258.0,5996400,ADVANC
2024-09-25,231.01226806640625,265.0,268.0,264.0,264.0,5292000,ADVANC
2024-09-26,230.1405487060547,264.0,264.0,259.0,263.0,6523200,ADVANC
2024-09-27,230.1405487060547,264.0,264.0,264.0,264.0,0,ADVANC
2024-09-30,226.65354919433594,260.0,261.0,258.0,259.0,5697400,ADVANC
2024-10-01,226.65354919433594,260.0,260.0,260.0,260.0,0,ADVANC
2024-10-02,231.01226806640625,265.0,267.0,262.0,265.0,5001400,ADVANC
2024-10-03,235.3710174560547,270.0,270.0,262.0,263.0,7791100,ADVANC
2024-10-04,235.3710174560547,270.0,270.0,270.0,270.0,0,ADVANC
2024-10-07,234.49923706054688,269.0,269.0,266.0,267.0,3288100,ADVANC
2024-10-08,233.6275177001953,268.0,270.0,265.0,268.0,7047400,ADVANC
2024-10-09,235.3710174560547,270.0,271.0,267.0,268.0,4503500,ADVANC
2024-10-10,237.11448669433594,272.0,275.0,270.0,271.0,7135500,ADVANC
2024-10-11,237.11448669433594,272.0,272.0,272.0,272.0,0,ADVANC
2024-10-15,244.08843994140625,280.0,281.0,276.0,277.0,7246800,ADVANC
2024-10-16,244.08843994140625,280.0,280.0,280.0,280.0,0,ADVANC
2024-10-17,244.08843994140625,280.0,280.0,280.0,280.0,0,ADVANC
2024-10-18,245.83192443847656,282.0,296.0,280.0,295.0,17193900,ADVANC
2024-10-21,247.57540893554688,284.0,285.0,280.0,280.0,7422000,ADVANC
2024-10-22,247.57540893554688,284.0,284.0,284.0,284.0,0,ADVANC
2024-10-24,239.729736328125,275.0,278.0,273.0,277.0,7671200,ADVANC
2024-10-25,239.729736328125,275.0,275.0,275.0,275.0,0,ADVANC
2024-10-28,236.24273681640625,271.0,277.0,270.0,276.0,6489800,ADVANC
2024-10-29,236.24273681640625,271.0,271.0,271.0,271.0,0,ADVANC
2024-10-30,233.6275177001953,268.0,272.0,265.0,266.0,11440100,ADVANC
2024-10-31,239.729736328125,275.0,276.0,266.0,267.0,8132800,ADVANC
2024-11-01,237.11448669433594,272.0,274.0,270.0,274.0,4671900,ADVANC
2024-11-04,237.11448669433594,272.0,275.0,269.0,274.0,4015700,ADVANC
2024-11-05,242.34495544433594,278.0,278.0,271.0,272.0,5135200,ADVANC
2024-11-06,238.8579864501953,274.0,281.0,274.0,277.0,8822200,ADVANC
2024-11-07,248.44715881347656,285.0,297.0,275.0,275.0,14823900,ADVANC
2024-11-08,246.7036895751953,283.0,288.0,280.0,286.0,4920800,ADVANC
2024-11-11,248.44715881347656,285.0,286.0,279.0,283.0,4470300,ADVANC
2024-11-12,249.31890869140625,286.0,288.0,283.0,285.0,5244100,ADVANC
2024-11-13,249.31890869140625,286.0,290.0,283.0,286.0,6175000,ADVANC
2024-11-14,248.44715881347656,285.0,287.0,279.0,285.0,13107600,ADVANC
2024-11-15,249.31890869140625,286.0,286.0,280.0,285.0,6895100,ADVANC
2024-11-18,249.31890869140625,286.0,288.0,283.0,287.0,3655500,ADVANC
2024-11-19,247.57540893554688,284.0,287.0,283.0,286.0,4258900,ADVANC
2024-11-20,245.83192443847656,282.0,286.0,282.0,285.0,4173500,ADVANC
2024-11-21,249.31890869140625,286.0,293.0,285.0,285.0,5753400,ADVANC
2024-11-22,251.9341583251953,289.0,292.0,283.0,286.0,9468900,ADVANC
2024-11-25,251.06240844726562,288.0,291.0,287.0,291.0,6523800,ADVANC
2024-11-26,246.7036895751953,283.0,288.0,282.0,288.0,5797100,ADVANC
2024-11-27,244.96018981933594,281.0,284.0,280.0,282.0,4338000,ADVANC
2024-11-28,249.31890869140625,286.0,286.0,280.0,281.0,4372800,ADVANC
2024-11-29,248.44715881347656,285.0,287.0,283.0,284.0,4717600,ADVANC
2024-12-02,249.31890869140625,286.0,288.0,285.0,286.0,2811100,ADVANC
2024-12-03,258.036376953125,296.0,299.0,288.0,288.0,9576500,ADVANC
2024-12-04,251.9341583251953,289.0,296.0,288.0,296.0,7597100,ADVANC
2024-12-06,257.1645812988281,295.0,296.0,289.0,290.0,4127100,ADVANC
2024-12-09,257.1645812988281,295.0,297.0,290.0,292.0,4253100,ADVANC
2024-12-11,251.9341583251953,289.0,295.0,289.0,291.0,6583000,ADVANC
2024-12-12,250.19065856933594,287.0,292.0,285.0,290.0,6915900,ADVANC
2024-12-13,250.19065856933594,287.0,288.0,285.0,285.0,4637100,ADVANC
2024-12-16,249.31890869140625,286.0,286.0,283.0,285.0,3685500,ADVANC
2024-12-17,243.21670532226562,279.0,286.0,279.0,285.0,7877600,ADVANC
2024-12-18,245.83192443847656,282.0,284.0,279.0,280.0,5374600,ADVANC
2024-12-19,238.8579864501953,274.0,281.0,273.0,278.0,7435100,ADVANC
2024-12-20,238.8579864501953,274.0,276.0,268.0,271.0,8562600,ADVANC
2024-12-23,247.57540893554688,284.0,286.0,276.0,276.0,5399300,ADVANC
2024-12-24,247.57540893554688,284.0,286.0,283.0,284.0,3781900,ADVANC
2024-12-25,249.31890869140625,286.0,287.0,284.0,285.0,1681600,ADVANC
2024-12-26,250.19065856933594,287.0,288.0,285.0,286.0,2295600,ADVANC
2024-12-27,251.9341583251953,289.0,293.0,285.0,286.0,5168100,ADVANC
2024-12-30,250.19065856933594,287.0,292.0,287.0,289.0,3429200,ADVANC
2025-01-02,248.44715881347656,285.0,288.0,282.0,286.0,3018900,ADVANC
2025-01-03,248.44715881347656,285.0,286.0,283.0,285.0,3403700,ADVANC
2025-01-06,242.34495544433594,278.0,286.0,278.0,285.0,4809700,ADVANC
2025-01-07,244.96018981933594,281.0,284.0,279.0,279.0,5287600,ADVANC
2025-01-08,247.57540893554688,284.0,285.0,280.0,281.0,5078700,ADVANC
2025-01-09,240.6014862060547,276.0,282.0,272.0,282.0,9650100,ADVANC
2025-01-10,246.7036895751953,283.0,283.0,274.0,279.0,4631600,ADVANC
2025-01-13,245.83192443847656,282.0,284.0,280.0,280.0,3831500,ADVANC
2025-01-14,247.57540893554688,284.0,286.0,282.0,284.0,4527100,ADVANC
2025-01-15,250.19065856933594,287.0,287.0,278.0,284.0,7854200,ADVANC
2025-01-16,252.805908203125,290.0,290.0,284.0,287.0,6273800,ADVANC
2025-01-17,247.57540893554688,284.0,291.0,284.0,289.0,7022200,ADVANC
2025-01-20,246.7036895751953,283.0,286.0,282.0,285.0,2402400,ADVANC
2025-01-21,251.06240844726562,288.0,288.0,282.0,283.0,3457800,ADVANC
2025-01-22,251.9341583251953,289.0,290.0,286.0,286.0,3977500,ADVANC
2025-01-23,246.7036895751953,283.0,288.0,283.0,287.0,5075300,ADVANC
2025-01-24,250.19065856933594,287.0,287.0,284.0,285.0,3360600,ADVANC
2025-01-27,250.19065856933594,287.0,289.0,285.0,285.0,2818700,ADVANC
2025-01-28,251.06240844726562,288.0,292.0,286.0,289.0,5881200,ADVANC
2025-01-29,248.44715881347656,285.0,290.0,284.0,288.0,5319000,ADVANC
2025-01-30,249.31890869140625,286.0,288.0,284.0,284.0,2157500,ADVANC
2025-01-31,247.57540893554688,284.0,288.0,280.0,286.0,4726100,ADVANC
2025-02-03,243.21670532226562,279.0,281.0,276.0,279.0,4830800,ADVANC
2025-02-04,243.21670532226562,279.0,283.0,279.0,281.0,4490500,ADVANC
2025-02-05,244.96018981933594,281.0,285.0,280.0,282.0,5935300,ADVANC
2025-02-06,239.729736328125,275.0,283.0,275.0,282.0,4739300,ADVANC
2025-02-07,244.08843994140625,280.0,280.0,272.0,277.0,9770900,ADVANC
2025-02-10,246.7036895751953,283.0,285.0,280.0,281.0,9866500,ADVANC
2025-02-11,247.57540893554688,284.0,285.0,280.0,284.0,11073400,ADVANC
2025-02-13,265.01031494140625,304.0,307.0,286.0,287.0,28394300,ADVANC
2025-02-14,260.6515808105469,299.0,304.0,295.0,303.0,9535800,ADVANC
2025-02-17,258.036376953125,296.0,305.0,295.0,305.0,7556700,ADVANC
2025-02-18,256.2928771972656,294.0,297.0,291.0,296.0,7869000,ADVANC
2025-02-19,257.1645812988281,295.0,298.0,292.0,295.0,8947300,ADVANC
2025-02-20,251.59921264648438,283.0,288.0,283.0,288.0,10032100,ADVANC
2025-02-21,254.2663116455078,286.0,289.0,280.0,282.0,8083300,ADVANC
2025-02-24,254.2663116455078,286.0,287.0,281.0,286.0,6039800,ADVANC
2025-02-25,246.26495361328125,277.0,285.0,276.0,284.0,9041500,ADVANC
2025-02-26,253.37730407714844,285.0,288.0,277.0,278.0,8128400,ADVANC
2025-02-27,249.8211212158203,281.0,286.0,277.0,285.0,10390100,ADVANC
2025-02-28,245.3759002685547,276.0,278.0,273.0,277.0,14586300,ADVANC
2025-03-03,240.93067932128906,271.0,280.0,270.0,278.0,8261500,ADVANC
2025-03-04,238.26356506347656,268.0,272.0,266.0,270.0,9743100,ADVANC
2025-03-05,241.81973266601562,272.0,277.0,268.0,270.0,8877900,ADVANC
2025-03-06,243.5978240966797,274.0,275.0,270.0,273.0,7640500,ADVANC
2025-03-07,243.5978240966797,274.0,276.0,271.0,274.0,6830800,ADVANC
2025-03-10,238.26356506347656,268.0,273.0,268.0,272.0,3706000,ADVANC
2025-03-11,240.04165649414062,270.0,273.0,264.0,267.0,7579300,ADVANC
2025-03-12,235.596435546875,265.0,273.0,265.0,271.0,7319600,ADVANC
2025-03-13,239.15260314941406,269.0,271.0,267.0,267.0,3267900,ADVANC
2025-03-14,237.37451171875,267.0,271.0,267.0,269.0,3704700,ADVANC
2025-03-17,230.26217651367188,259.0,269.0,259.0,268.0,8331600,ADVANC
2025-03-18,233.81834411621094,263.0,267.0,260.0,263.0,6371200,ADVANC
2025-03-19,236.4854736328125,266.0,268.0,262.0,264.0,6287100,ADVANC
2025-03-20,236.4854736328125,266.0,271.0,265.0,269.0,7067800,ADVANC
2025-03-21,238.26356506347656,268.0,268.0,261.0,266.0,10847800,ADVANC
2025-03-24,243.5978240966797,274.0,275.0,266.0,267.0,4039200,ADVANC
2025-03-25,244.4868621826172,275.0,275.0,271.0,273.0,5286000,ADVANC
2025-03-26,241.81973266601562,272.0,278.0,272.0,276.0,3712200,ADVANC
2025-03-27,244.4868621826172,275.0,276.0,272.0,272.0,1950700,ADVANC
2025-03-28,242.7087860107422,273.0,275.0,272.0,274.0,1420300,ADVANC
2025-03-31,244.4868621826172,275.0,275.0,270.0,270.0,4151600,ADVANC
2025-04-01,249.8211212158203,281.0,281.0,276.0,276.0,4856200,ADVANC
2025-04-02,246.26495361328125,277.0,282.0,277.0,282.0,3485000,ADVANC
2025-04-03,247.15399169921875,278.0,280.0,276.0,277.0,3730300,ADVANC
2025-04-04,241.81973266601562,272.0,278.0,270.0,277.0,4825500,ADVANC
2025-04-08,240.93067932128906,271.0,272.0,264.0,270.0,9973600,ADVANC
2025-04-09,240.04165649414062,270.0,275.0,269.0,273.0,7425100,ADVANC
2025-04-10,248.93206787109375,280.0,280.0,273.0,275.0,6276400,ADVANC
2025-04-11,252.48825073242188,284.0,285.0,278.0,281.0,5060800,ADVANC
2025-04-16,252.48825073242188,284.0,285.0,281.0,285.0,6199300,ADVANC
2025-04-17,248.93206787109375,280.0,284.0,279.0,284.0,2478100,ADVANC
2025-04-18,250.71014404296875,282.0,283.0,278.0,280.0,2269700,ADVANC
2025-04-21,249.8211212158203,281.0,283.0,279.0,282.0,1852500,ADVANC
2025-04-22,249.8211212158203,281.0,283.0,279.0,280.0,6551300,ADVANC
2025-04-23,251.59921264648438,283.0,285.0,281.0,284.0,4082523,ADVANC
2025-04-24,248.93206787109375,280.0,283.0,279.0,283.0,3775100,ADVANC
2025-04-25,246.26495361328125,277.0,282.0,276.0,281.0,3989200,ADVANC
2025-04-28,247.15399169921875,278.0,279.0,276.0,276.0,3060400,ADVANC
2025-04-29,252.48825073242188,284.0,284.0,278.0,279.0,4232600,ADVANC
2025-04-30,262.2677307128906,295.0,295.0,283.0,285.0,11713100,ADVANC
2025-05-02,262.2677307128906,295.0,300.0,292.0,300.0,4849400,ADVANC
2025-05-06,264.0457763671875,297.0,302.0,294.0,297.0,7672800,ADVANC
2025-05-07,270.2691345214844,304.0,309.0,300.0,305.0,13640800,ADVANC
2025-05-08,271.1581726074219,305.0,309.0,301.0,305.0,10332700,ADVANC
2025-05-09,269.3800964355469,303.0,309.0,300.0,306.0,7573200,ADVANC
2025-05-13,269.3800964355469,303.0,307.0,299.0,306.0,12389600,ADVANC
2025-05-14,268.49102783203125,302.0,303.0,298.0,301.0,9678100,ADVANC
2025-05-15,263.1567687988281,296.0,302.0,294.0,302.0,7229500,ADVANC
2025-05-16,256.9334716796875,289.0,297.0,286.0,297.0,12026500,ADVANC
2025-05-19,261.3786926269531,294.0,296.0,291.0,292.0,4286700,ADVANC
2025-05-20,261.3786926269531,294.0,299.0,293.0,295.0,5305800,ADVANC
2025-05-21,264.0457763671875,297.0,297.0,291.0,297.0,5936600,ADVANC
2025-05-22,264.0457763671875,297.0,298.0,294.0,296.0,4690600,ADVANC
2025-05-23,260.4896545410156,293.0,296.0,292.0,296.0,2153700,ADVANC
2025-05-26,261.3786926269531,294.0,295.0,291.0,294.0,1941600,ADVANC
2025-05-27,259.6006164550781,292.0,294.0,290.0,294.0,3388300,ADVANC
2025-05-28,256.04443359375,288.0,294.0,287.0,292.0,5499900,ADVANC
2025-05-29,255.15538024902344,287.0,291.0,285.0,291.0,5844100,ADVANC
2025-05-30,254.2663116455078,286.0,291.0,284.0,287.0,28115200,ADVANC
2025-06-04,260.4896545410156,293.0,294.0,283.0,285.0,9004100,ADVANC
2025-06-05,260.4896545410156,293.0,295.0,291.0,295.0,4252800,ADVANC
2025-06-06,257.822509765625,290.0,295.0,289.0,293.0,3482000,ADVANC
2025-06-09,256.9334716796875,289.0,292.0,288.0,291.0,2891700,ADVANC
2025-06-10,256.04443359375,288.0,291.0,287.0,288.0,2263500,ADVANC
2025-06-11,259.6006164550781,292.0,293.0,288.0,288.0,3821800,ADVANC
2025-06-12,254.2663116455078,286.0,291.0,285.0,291.0,4361600,ADVANC
2025-06-13,252.48825073242188,284.0,286.0,282.0,284.0,3138900,ADVANC
2025-06-16,250.71014404296875,282.0,286.0,282.0,283.0,5020000,ADVANC
2025-06-17,250.71014404296875,282.0,285.0,280.0,284.0,6395700,ADVANC
2025-06-18,247.15399169921875,278.0,282.0,277.0,281.0,6284400,ADVANC
2025-06-19,239.15260314941406,269.0,277.0,267.0,275.0,10192800,ADVANC
2025-06-20,239.15260314941406,269.0,275.0,267.0,275.0,9465700,ADVANC
2025-06-23,243.5978240966797,274.0,276.0,267.0,267.0,8184300,ADVANC
2025-06-24,247.15399169921875,278.0,279.0,274.0,277.0,10748600,ADVANC
2025-06-25,248.0430450439453,279.0,280.0,276.0,276.0,7153800,ADVANC
2025-06-26,250.71014404296875,282.0,283.0,279.0,280.0,7504300,ADVANC
2025-06-27,240.04165649414062,270.0,281.0,269.0,280.0,12249800,ADVANC
2025-06-30,247.15399169921875,278.0,280.0,274.0,277.0,14996600,ADVANC
2025-07-01,251.59921264648438,283.0,284.0,275.0,279.0,8460600,ADVANC
2025-07-02,249.8211212158203,281.0,286.0,278.0,284.0,7904600,ADVANC
2025-07-03,248.93206787109375,280.0,282.0,278.0,281.0,5224700,ADVANC
2025-07-04,248.0430450439453,279.0,281.0,277.0,281.0,3052700,ADVANC
2025-07-07,255.15538024902344,287.0,287.0,280.0,281.0,6427600,ADVANC
2025-07-08,252.48825073242188,284.0,288.0,284.0,287.0,4605000,ADVANC
2025-07-09,252.48825073242188,284.0,285.0,282.0,284.0,5072600,ADVANC
2025-07-11,254.2663116455078,286.0,288.0,284.0,285.0,3314900,ADVANC
2025-07-14,256.04443359375,288.0,290.0,286.0,287.0,4414600,ADVANC
2025-07-15,258.7115478515625,291.0,292.0,287.0,288.0,2947900,ADVANC
2025-07-16,256.9334716796875,289.0,291.0,288.0,290.0,3225200,ADVANC
2025-07-17,259.6006164550781,292.0,293.0,289.0,291.0,6117200,ADVANC
2025-07-18,261.3786926269531,294.0,296.0,292.0,292.0,4406300,ADVANC
2025-07-21,260.4896545410156,293.0,295.0,291.0,294.0,2738500,ADVANC
2025-07-22,259.6006164550781,292.0,296.0,291.0,294.0,4558000,ADVANC
2025-07-23,264.0457763671875,297.0,298.0,294.0,294.0,3003800,ADVANC
2025-07-24,261.3786926269531,294.0,297.0,294.0,295.0,2991000,ADVANC
2025-07-25,260.4896545410156,293.0,297.0,291.0,294.0,5407000,ADVANC
2025-07-29,259.6006164550781,292.0,295.0,288.0,294.0,5599800,ADVANC
2025-07-30,256.04443359375,288.0,293.0,287.0,291.0,5390200,ADVANC
2025-07-31,258.7115478515625,291.0,291.0,285.0,285.0,6140500,ADVANC
2025-08-01,256.04443359375,288.0,292.0,287.0,292.0,3924100,ADVANC
2025-08-04,257.822509765625,290.0,290.0,287.0,289.0,3614300,ADVANC
2025-08-05,262.2677307128906,295.0,296.0,289.0,291.0,8272700,ADVANC
2025-08-06,263.1567687988281,296.0,297.0,293.0,297.0,3374800,ADVANC
2025-08-07,264.9348449707031,298.0,305.0,297.0,303.0,9431900,ADVANC
2025-08-08,264.0457763671875,297.0,302.0,295.0,301.0,7285300,ADVANC
2025-08-13,267.6019592285156,301.0,302.0,298.0,299.0,5196200,ADVANC
2025-08-14,266.71295166015625,300.0,302.0,299.0,302.0,3116700,ADVANC
2025-08-15,264.9348449707031,298.0,301.0,298.0,300.0,3502300,ADVANC
2025-08-18,261.3786926269531,294.0,299.0,294.0,299.0,5183200,ADVANC
2025-08-19,264.0096740722656,290.0,291.0,286.0,287.0,8790700,ADVANC
2025-08-20,265.8304443359375,292.0,293.0,288.0,290.0,3451600,ADVANC
2025-08-21,264.9200439453125,291.0,293.0,290.0,293.0,3219800,ADVANC
2025-08-22,264.9200439453125,291.0,294.0,291.0,292.0,2319500,ADVANC
2025-08-25,264.9200439453125,291.0,296.0,290.0,293.0,4350800,ADVANC
2025-08-26,271.2926940917969,298.0,304.0,291.0,291.0,14602600,ADVANC
2025-08-27,272.20306396484375,299.0,300.0,297.0,298.0,3658800,ADVANC
2025-08-28,272.20306396484375,299.0,301.0,297.0,299.0,5007700,ADVANC
2025-08-29,267.65118408203125,294.0,299.0,292.0,298.0,8879300,ADVANC
2025-09-01,272.20306396484375,299.0,299.0,292.0,294.0,4584300,ADVANC
2025-09-02,273.11346435546875,300.0,300.0,297.0,299.0,3292600,ADVANC
2025-09-03,271.2926940917969,298.0,302.0,296.0,300.0,5270500,ADVANC
2025-09-04,265.8304443359375,292.0,298.0,292.0,298.0,5349300,ADVANC
2025-09-05,266.7408142089844,293.0,294.0,290.0,292.0,6021100,ADVANC
2025-09-08,264.0096740722656,290.0,295.0,290.0,294.0,4366500,ADVANC
2025-09-09,264.0096740722656,290.0,293.0,290.0,291.0,4023000,ADVANC
2025-09-10,264.0096740722656,290.0,292.0,288.0,290.0,5141500,ADVANC
2025-09-11,266.7408142089844,293.0,293.0,290.0,291.0,4255700,ADVANC
2025-09-12,265.8304443359375,292.0,294.0,290.0,293.0,5964500,ADVANC
2025-09-15,268.5615539550781,295.0,295.0,290.0,292.0,3247200,ADVANC
2025-09-16,266.7408142089844,293.0,297.0,292.0,296.0,4134500,ADVANC
2025-09-17,270.3822937011719,297.0,298.0,292.0,293.0,5347000,ADVANC
2025-09-18,266.7408142089844,293.0,297.0,292.0,296.0,4605900,ADVANC
2025-09-19,267.65118408203125,294.0,295.0,292.0,293.0,5815100,ADVANC
2025-09-22,265.8304443359375,292.0,294.0,291.0,294.0,2388400,ADVANC
2025-09-23,262.1889343261719,288.0,292.0,288.0,292.0,5402900,ADVANC
2025-09-24,265.8304443359375,292.0,295.0,288.0,288.0,7583400,ADVANC
2025-09-25,264.9200439453125,291.0,294.0,291.0,293.0,4330400,ADVANC
2025-09-26,264.0096740722656,290.0,293.0,290.0,290.0,4059400,ADVANC
2025-09-29,266.7408142089844,293.0,295.0,291.0,291.0,4329500,ADVANC
2025-09-30,264.9200439453125,291.0,294.0,290.0,294.0,6900300,ADVANC
2025-10-01,265.8304443359375,292.0,295.0,290.0,291.0,5256200,ADVANC
2025-10-02,265.8304443359375,292.0,295.0,292.0,293.0,5268700,ADVANC
2025-10-03,264.9200439453125,291.0,293.0,291.0,292.0,2463000,ADVANC
2025-10-06,264.9200439453125,291.0,294.0,291.0,293.0,3008500,ADVANC
2025-10-07,264.9200439453125,291.0,291.0,291.0,291.0,0,ADVANC
2025-10-08,265.8304443359375,292.0,293.0,291.0,292.0,3114200,ADVANC
2025-10-09,271.2926940917969,298.0,298.0,292.0,292.0,6080900,ADVANC
2025-10-10,268.5615539550781,295.0,299.0,295.0,298.0,4809000,ADVANC
2025-10-14,269.4719543457031,296.0,299.0,294.0,295.0,5203000,ADVANC
2025-10-15,271.2926940917969,298.0,298.0,296.0,297.0,6043300,ADVANC
2025-10-16,270.3822937011719,297.0,300.0,296.0,299.0,2883600,ADVANC
2025-10-17,270.3822937011719,297.0,298.0,295.0,296.0,2149100,ADVANC
2025-10-20,272.20306396484375,299.0,300.0,297.0,298.0,2702500,ADVANC
2025-10-21,272.20306396484375,299.0,300.0,298.0,299.0,3471200,ADVANC
2025-10-22,275.8446044921875,303.0,306.0,297.0,299.0,7875600,ADVANC
2025-10-24,280.396484375,308.0,313.0,303.0,304.0,8735100,ADVANC
2025-10-27,282.21722412109375,310.0,316.0,309.0,311.0,8301400,ADVANC
2025-10-28,277.66534423828125,305.0,312.0,303.0,311.0,10845600,ADVANC
2025-10-29,280.396484375,308.0,310.0,304.0,305.0,4626600,ADVANC
2025-10-30,277.66534423828125,305.0,307.0,303.0,305.0,5450500,ADVANC
2025-10-31,274.9342041015625,302.0,305.0,301.0,305.0,5191900,ADVANC
2025-11-03,274.9342041015625,302.0,306.0,300.0,304.0,5141200,ADVANC
2025-11-04,275.8446044921875,303.0,305.0,298.0,301.0,11393500,ADVANC
2025-11-05,284.9483642578125,313.0,315.0,301.0,302.0,10900300,ADVANC
2025-11-06,285.8587341308594,314.0,320.0,313.0,314.0,7903500,ADVANC
2025-11-07,286.7691345214844,315.0,317.0,312.0,313.0,3580000,ADVANC
2025-11-10,287.67950439453125,316.0,319.0,312.0,316.0,5557300,ADVANC
2025-11-11,287.67950439453125,316.0,319.0,315.0,316.0,4453400,ADVANC
2025-11-12,286.7691345214844,315.0,319.0,314.0,318.0,6636300,ADVANC
2025-11-13,288.5898742675781,317.0,318.0,315.0,317.0,3186900,ADVANC
2025-11-14,281.3068542480469,309.0,316.0,308.0,315.0,7420500,ADVANC
2025-11-17,285.8587341308594,314.0,314.0,309.0,310.0,3849700,ADVANC
2025-11-18,287.67950439453125,316.0,319.0,312.0,313.0,4932900,ADVANC
2025-11-19,284.9483642578125,313.0,317.0,312.0,316.0,5091100,ADVANC
2025-11-20,286.7691345214844,315.0,317.0,313.0,314.0,4226100,ADVANC
2025-11-21,284.0379943847656,312.0,315.0,310.0,314.0,4347800,ADVANC
2025-11-24,283.12762451171875,311.0,314.0,310.0,313.0,8389100,ADVANC
2025-11-25,286.7691345214844,315.0,315.0,311.0,312.0,3882700,ADVANC
2025-11-26,281.3068542480469,309.0,315.0,308.0,315.0,4659300,ADVANC
2025-11-27,276.7549743652344,304.0,309.0,303.0,309.0,5959000,ADVANC
2025-11-28,279.4861145019531,307.0,309.0,305.0,307.0,4590600,ADVANC
2025-12-01,284.9483642578125,313.0,313.0,306.0,306.0,4910700,ADVANC
2025-12-02,284.0379943847656,312.0,313.0,309.0,313.0,4179100,ADVANC
2025-12-03,280.396484375,308.0,313.0,308.0,312.0,2857400,ADVANC
2025-12-04,278.5757141113281,306.0,310.0,305.0,308.0,4840400,ADVANC
2025-12-08,277.66534423828125,305.0,309.0,304.0,307.0,4095000,ADVANC
2025-12-09,282.21722412109375,310.0,310.0,304.0,305.0,3651100,ADVANC
2025-12-11,282.21722412109375,310.0,311.0,307.0,311.0,3877300,ADVANC
2025-12-12,277.66534423828125,305.0,309.0,304.0,308.0,5303600,ADVANC
2025-12-15,282.21722412109375,310.0,311.0,304.0,307.0,4407500,ADVANC
2025-12-16,282.21722412109375,310.0,314.0,309.0,310.0,3152600,ADVANC
2025-12-17,282.21722412109375,310.0,312.0,309.0,310.0,3262100,ADVANC
2025-12-18,282.21722412109375,310.0,314.0,309.0,312.0,3738400,ADVANC
2025-12-19,281.3068542480469,309.0,312.0,309.0,311.0,4029000,ADVANC
2025-12-22,284.9483642578125,313.0,313.0,309.0,310.0,2869900,ADVANC
2025-12-23,285.8587341308594,314.0,314.0,312.0,313.0,2389000,ADVANC
2025-12-24,285.8587341308594,314.0,318.0,312.0,315.0,3547500,ADVANC
2025-12-25,285.8587341308594,314.0,314.0,312.0,314.0,995800,ADVANC
2025-12-26,285.8587341308594,314.0,314.0,311.0,312.0,1181400,ADVANC
2025-12-29,284.0379943847656,312.0,314.0,310.0,313.0,3097600,ADVANC
2025-12-30,284.9483642578125,313.0,314.0,312.0,312.0,2727900,ADVANC
2023-01-03,1.8653663396835327,2.129133939743042,2.1841979026794434,2.129133939743042,2.129133939743042,1571812,CCET
2023-01-04,1.8653663396835327,2.129133939743042,2.165843963623047,2.129133939743042,2.147489070892334,1073190,CCET
2023-01-05,1.833205223083496,2.0924251079559326,2.147489070892334,2.0924251079559326,2.147489070892334,1970948,CCET
2023-01-06,1.8653663396835327,2.129133939743042,2.165843963623047,2.0924251079559326,2.0924251079559326,3312628,CCET
2023-01-09,1.8975286483764648,2.165843963623047,2.1841979026794434,2.147489070892334,2.147489070892334,2470986,CCET
2023-01-10,1.8814477920532227,2.147489070892334,2.1841979026794434,2.147489070892334,2.1841979026794434,1845530,CCET
2023-01-11,1.8653663396835327,2.129133939743042,2.165843963623047,2.129133939743042,2.165843963623047,2593353,CCET
2023-01-12,1.8814477920532227,2.147489070892334,2.165843963623047,2.129133939743042,2.165843963623047,1890533,CCET
2023-01-13,1.8814477920532227,2.147489070892334,2.165843963623047,2.129133939743042,2.165843963623047,937747,CCET
2023-01-16,1.8975286483764648,2.165843963623047,2.165843963623047,2.129133939743042,2.165843963623047,1760756,CCET
2023-01-17,1.8814477920532227,2.147489070892334,2.165843963623047,2.147489070892334,2.165843963623047,1158074,CCET
2023-01-18,1.8975286483764648,2.165843963623047,2.2025530338287354,2.165843963623047,2.165843963623047,2897146,CCET
2023-01-19,1.9136087894439697,2.1841979026794434,2.1841979026794434,2.165843963623047,2.165843963623047,528041,CCET
2023-01-20,1.8814477920532227,2.147489070892334,2.1841979026794434,2.147489070892334,2.1841979026794434,1035924,CCET
2023-01-23,1.929689884185791,2.2025530338287354,2.2025530338287354,2.147489070892334,2.165843963623047,1720766,CCET
2023-01-24,1.929689884185791,2.2025530338287354,2.239262104034424,2.2025530338287354,2.220906972885132,3655866,CCET
2023-01-25,1.9136087894439697,2.1841979026794434,2.220906972885132,2.1841979026794434,2.2025530338287354,1118193,CCET
2023-01-26,1.8975286483764648,2.165843963623047,2.1841979026794434,2.165843963623047,2.1841979026794434,707288,CCET
2023-01-27,1.9136087894439697,2.1841979026794434,2.1841979026794434,2.165843963623047,2.165843963623047,310548,CCET
2023-01-30,1.8814477920532227,2.147489070892334,2.1841979026794434,2.147489070892334,2.1841979026794434,1421441,CCET
2023-01-31,1.8975286483764648,2.165843963623047,2.1841979026794434,2.129133939743042,2.165843963623047,6299561,CCET
2023-02-01,1.9136087894439697,2.1841979026794434,2.2025530338287354,2.165843963623047,2.165843963623047,2837325,CCET
2023-02-02,2.026174545288086,2.312680959701538,2.367743968963623,2.1841979026794434,2.1841979026794434,41962098,CCET
2023-02-03,2.0422544479370117,2.3310348987579346,2.367743968963623,2.294326066970825,2.3310348987579346,19750895,CCET
2023-02-06,1.9940125942230225,2.275970935821533,2.3310348987579346,2.239262104034424,2.3310348987579346,7206908,CCET
2023-02-07,2.0100936889648438,2.294326066970825,2.3493900299072266,2.294326066970825,2.294326066970825,4179113,CCET
2023-02-08,1.9618512392044067,2.239262104034424,2.294326066970825,2.220906972885132,2.294326066970825,9788820,CCET
2023-02-09,1.9618512392044067,2.239262104034424,2.275970935821533,2.220906972885132,2.239262104034424,5393739,CCET
2023-02-10,1.9618512392044067,2.239262104034424,2.2576169967651367,2.2025530338287354,2.239262104034424,2818474,CCET
2023-02-13,1.929689884185791,2.2025530338287354,2.2576169967651367,2.1841979026794434,2.2576169967651367,4108504,CCET
2023-02-14,1.8975286483764648,2.165843963623047,2.2576169967651367,2.165843963623047,2.2025530338287354,3205080,CCET
2023-02-15,1.8492863178253174,2.1107800006866455,2.2025530338287354,2.1107800006866455,2.1841979026794434,5159248,CCET
2023-02-16,1.8814477920532227,2.147489070892334,2.165843963623047,2.1107800006866455,2.1107800006866455,2291958,CCET
2023-02-17,1.8814477920532227,2.147489070892334,2.165843963623047,2.1107800006866455,2.147489070892334,2234642,CCET
2023-02-20,1.8814477920532227,2.147489070892334,2.1841979026794434,2.147489070892334,2.165843963623047,928921,CCET
2023-02-21,1.8814477920532227,2.147489070892334,2.1841979026794434,2.129133939743042,2.165843963623047,1407929,CCET
2023-02-22,1.8814477920532227,2.147489070892334,2.165843963623047,2.129133939743042,2.147489070892334,565307,CCET
2023-02-23,1.8814477920532227,2.147489070892334,2.165843963623047,2.129133939743042,2.147489070892334,723959,CCET
2023-02-24,1.8010438680648804,2.055716037750244,2.147489070892334,2.055716037750244,2.147489070892334,4977059,CCET
2023-02-27,1.8492863178253174,2.1107800006866455,2.147489070892334,2.0924251079559326,2.0924251079559326,4006622,CCET
2023-02-28,1.833205223083496,2.0924251079559326,2.129133939743042,2.0924251079559326,2.129133939743042,1658547,CCET
2023-03-01,1.833205223083496,2.0924251079559326,2.129133939743042,2.0924251079559326,2.1107800006866455,930338,CCET
2023-03-02,1.8171247243881226,2.074070930480957,2.129133939743042,2.074070930480957,2.0924251079559326,2415523,CCET
2023-03-03,1.8171247243881226,2.074070930480957,2.1107800006866455,2.074070930480957,2.1107800006866455,732894,CCET
2023-03-07,1.8492863178253174,2.1107800006866455,2.1107800006866455,2.074070930480957,2.0924251079559326,731587,CCET
2023-03-08,1.8492863178253174,2.1107800006866455,2.129133939743042,2.0924251079559326,2.1107800006866455,658036,CCET
2023-03-09,1.833205223083496,2.0924251079559326,2.129133939743042,2.0924251079559326,2.1107800006866455,1300054,CCET
2023-03-10,1.8492863178253174,2.1107800006866455,2.1107800006866455,2.074070930480957,2.0924251079559326,1137697,CCET
2023-03-13,1.752801537513733,2.0006520748138428,2.1107800006866455,2.0006520748138428,2.1107800006866455,2081220,CCET
2023-03-14,1.736721158027649,1.9822980165481567,2.055716037750244,1.9272340536117554,2.0006520748138428,3466158,CCET
2023-03-15,1.7849626541137695,2.037360906600952,2.074070930480957,2.0006520748138428,2.0006520748138428,1157529,CCET
2023-03-16,1.8171247243881226,2.074070930480957,2.074070930480957,2.0006520748138428,2.037360906600952,3107992,CCET
2023-03-17,1.854965090751648,2.1077210903167725,2.1276049613952637,2.087836980819702,2.087836980819702,3052580,CCET
2023-03-20,1.8374654054641724,2.087836980819702,2.1077210903167725,2.087836980819702,2.1077210903167725,255278,CCET
2023-03-21,1.8374654054641724,2.087836980819702,2.1276049613952637,2.087836980819702,2.087836980819702,818842,CCET
2023-03-22,1.8724641799926758,2.1276049613952637,2.1276049613952637,2.087836980819702,2.1276049613952637,859478,CCET
2023-03-23,1.8724641799926758,2.1276049613952637,2.1276049613952637,2.1077210903167725,2.1276049613952637,282838,CCET
2023-03-24,1.8724641799926758,2.1276049613952637,2.147489070892334,2.1077210903167725,2.1276049613952637,371250,CCET
2023-03-27,1.854965090751648,2.1077210903167725,2.147489070892334,2.1077210903167725,2.1077210903167725,437634,CCET
2023-03-28,1.8724641799926758,2.1276049613952637,2.147489070892334,2.1276049613952637,2.1276049613952637,209513,CCET
2023-03-29,1.8724641799926758,2.1276049613952637,2.147489070892334,2.087836980819702,2.147489070892334,1255270,CCET
2023-03-30,1.8724641799926758,2.1276049613952637,2.167372941970825,2.1276049613952637,2.1276049613952637,299233,CCET
2023-03-31,1.854965090751648,2.1077210903167725,2.147489070892334,2.1077210903167725,2.1276049613952637,312610,CCET
2023-04-03,1.854965090751648,2.1077210903167725,2.147489070892334,2.1077210903167725,2.1276049613952637,263224,CCET
2023-04-04,1.854965090751648,2.1077210903167725,2.147489070892334,2.1077210903167725,2.1276049613952637,287766,CCET
2023-04-05,1.8374654054641724,2.087836980819702,2.1077210903167725,2.0679519176483154,2.1077210903167725,530472,CCET
2023-04-07,1.8374654054641724,2.087836980819702,2.1077210903167725,2.0679519176483154,2.0679519176483154,867222,CCET
2023-04-10,1.8724641799926758,2.1276049613952637,2.1276049613952637,2.087836980819702,2.1077210903167725,366422,CCET
2023-04-11,1.854965090751648,2.1077210903167725,2.1276049613952637,2.087836980819702,2.1276049613952637,204786,CCET
2023-04-12,1.8724641799926758,2.1276049613952637,2.147489070892334,2.087836980819702,2.1077210903167725,1165450,CCET
2023-04-17,1.9774624109268188,2.2469100952148438,2.326446056365967,2.1872570514678955,2.1872570514678955,5742057,CCET
2023-04-18,1.9599629640579224,2.2270259857177734,2.3065619468688965,2.2071421146392822,2.3065619468688965,3735636,CCET
2023-04-19,1.9424635171890259,2.2071421146392822,2.2469100952148438,2.1872570514678955,2.2469100952148438,1056418,CCET
2023-04-20,1.9074634313583374,2.167372941970825,2.2071421146392822,2.167372941970825,2.2071421146392822,857466,CCET
2023-04-21,1.88996422290802,2.147489070892334,2.2071421146392822,2.1276049613952637,2.167372941970825,1386228,CCET
2023-04-24,1.8724641799926758,2.1276049613952637,2.1872570514678955,2.087836980819702,2.147489070892334,2042731,CCET
2023-04-25,1.81996488571167,2.0679519176483154,2.1276049613952637,2.0679519176483154,2.1276049613952637,1487716,CCET
2023-04-26,1.8024654388427734,2.048068046569824,2.1077210903167725,2.048068046569824,2.0679519176483154,940648,CCET
2023-04-27,1.784965991973877,2.028183937072754,2.087836980819702,2.028183937072754,2.048068046569824,528360,CCET
2023-04-28,1.784965991973877,2.028183937072754,2.087836980819702,2.028183937072754,2.048068046569824,588810,CCET
2023-05-02,1.7499668598175049,1.9884159564971924,2.048068046569824,1.9685319662094116,2.028183937072754,1955727,CCET
2023-05-03,1.81996488571167,2.0679519176483154,2.0679519176483154,1.9884159564971924,1.9884159564971924,902426,CCET
2023-05-08,1.81996488571167,2.0679519176483154,2.087836980819702,2.028183937072754,2.028183937072754,176220,CCET
2023-05-09,1.81996488571167,2.0679519176483154,2.087836980819702,2.048068046569824,2.048068046569824,383219,CCET
2023-05-10,1.854965090751648,2.1077210903167725,2.1077210903167725,2.048068046569824,2.0679519176483154,389455,CCET
2023-05-11,1.854965090751648,2.1077210903167725,2.1276049613952637,2.0679519176483154,2.1077210903167725,502208,CCET
2023-05-12,1.8024654388427734,2.048068046569824,2.087836980819702,2.048068046569824,2.087836980819702,776698,CCET
2023-05-15,1.8024654388427734,2.048068046569824,2.087836980819702,1.9784740209579468,2.048068046569824,1624307,CCET
2023-05-16,1.8024654388427734,2.048068046569824,2.087836980819702,2.028183937072754,2.048068046569824,220979,CCET
2023-05-17,1.784965991973877,2.028183937072754,2.087836980819702,2.028183937072754,2.048068046569824,305167,CCET
2023-05-18,1.784965991973877,2.028183937072754,2.0679519176483154,2.028183937072754,2.028183937072754,290080,CCET
2023-05-19,1.767466425895691,2.0083000659942627,2.0679519176483154,2.0083000659942627,2.028183937072754,1003813,CCET
2023-05-22,1.7499668598175049,1.9884159564971924,2.0083000659942627,1.9784740209579468,2.0083000659942627,1092226,CCET
2023-05-23,1.767466425895691,2.0083000659942627,2.028183937072754,1.95858895778656,1.9884159564971924,1405842,CCET
2023-05-24,1.767466425895691,2.0083000659942627,2.028183937072754,1.9884159564971924,2.0083000659942627,301445,CCET
2023-05-25,1.81996488571167,2.0679519176483154,2.0679519176483154,2.0083000659942627,2.0083000659942627,2561938,CCET
2023-05-26,1.8024654388427734,2.048068046569824,2.048068046569824,2.0083000659942627,2.048068046569824,620896,CCET
2023-05-29,1.784965991973877,2.028183937072754,2.048068046569824,2.028183937072754,2.048068046569824,681346,CCET
2023-05-30,1.784965991973877,2.028183937072754,2.0679519176483154,2.0083000659942627,2.028183937072754,685973,CCET
2023-05-31,1.767466425895691,2.0083000659942627,2.048068046569824,2.0083000659942627,2.028183937072754,553908,CCET
2023-06-01,1.767466425895691,2.0083000659942627,2.048068046569824,2.0083000659942627,2.028183937072754,344193,CCET
2023-06-02,1.767466425895691,2.0083000659942627,2.028183937072754,1.9884159564971924,2.0083000659942627,1043041,CCET
2023-06-06,1.7324671745300293,1.9685319662094116,2.028183937072754,1.95858895778656,2.0083000659942627,2518285,CCET
2023-06-07,1.6974674463272095,1.9287630319595337,1.9784740209579468,1.908879041671753,1.9685319662094116,3039102,CCET
2023-06-08,1.7324671745300293,1.9685319662094116,1.9685319662094116,1.9387049674987793,1.9486470222473145,662235,CCET
2023-06-09,1.7237164974212646,1.95858895778656,1.9784740209579468,1.9486470222473145,1.9685319662094116,395892,CCET
2023-06-12,1.714966893196106,1.9486470222473145,1.9685319662094116,1.9486470222473145,1.95858895778656,371853,CCET
2023-06-13,1.7499668598175049,1.9884159564971924,1.9884159564971924,1.9486470222473145,1.9685319662094116,1114957,CCET
2023-06-14,1.7324671745300293,1.9685319662094116,2.0083000659942627,1.9685319662094116,2.0083000659942627,1042840,CCET
2023-06-15,1.7412171363830566,1.9784740209579468,1.9884159564971924,1.9685319662094116,1.9784740209579468,369640,CCET
2023-06-16,1.7324671745300293,1.9685319662094116,1.9784740209579468,1.9685319662094116,1.9784740209579468,597259,CCET
2023-06-19,1.7237164974212646,1.95858895778656,1.9784740209579468,1.9486470222473145,1.9685319662094116,1345593,CCET
2023-06-20,1.7324671745300293,1.9685319662094116,1.9784740209579468,1.9486470222473145,1.95858895778656,273886,CCET
2023-06-21,1.714966893196106,1.9486470222473145,1.9784740209579468,1.9486470222473145,1.9685319662094116,549381,CCET
2023-06-22,1.7062170505523682,1.9387049674987793,1.9486470222473145,1.9188209772109985,1.9387049674987793,530975,CCET
2023-06-23,1.714966893196106,1.9486470222473145,1.9486470222473145,1.9188209772109985,1.9387049674987793,403537,CCET
2023-06-26,1.6624683141708374,1.8889950513839722,1.9287630319595337,1.8591690063476562,1.9287630319595337,2356951,CCET
2023-06-27,1.6624683141708374,1.8889950513839722,1.908879041671753,1.879052996635437,1.8889950513839722,240291,CCET
2023-06-28,1.6362189054489136,1.8591690063476562,1.8889950513839722,1.8591690063476562,1.8889950513839722,568894,CCET
2023-06-29,1.6537184715270996,1.879052996635437,1.8889950513839722,1.8591690063476562,1.8691109418869019,470122,CCET
2023-06-30,1.6799678802490234,1.908879041671753,1.908879041671753,1.879052996635437,1.879052996635437,275294,CCET
2023-07-03,1.6712180376052856,1.8989369869232178,1.908879041671753,1.8989369869232178,1.908879041671753,16193,CCET
2023-07-04,1.6887177228927612,1.9188209772109985,1.9188209772109985,1.8989369869232178,1.908879041671753,82477,CCET
2023-07-05,1.6799678802490234,1.908879041671753,1.9287630319595337,1.908879041671753,1.9287630319595337,263325,CCET
2023-07-06,1.6537184715270996,1.879052996635437,1.908879041671753,1.879052996635437,1.908879041671753,437031,CCET
2023-07-07,1.6624683141708374,1.8889950513839722,1.8989369869232178,1.8691109418869019,1.8691109418869019,156305,CCET
2023-07-10,1.6624683141708374,1.8889950513839722,1.8989369869232178,1.879052996635437,1.8889950513839722,134076,CCET
2023-07-11,1.6537184715270996,1.879052996635437,1.908879041671753,1.8889950513839722,1.908879041671753,193017,CCET
2023-07-12,1.6362189054489136,1.8591690063476562,1.8889950513839722,1.8691109418869019,1.879052996635437,615766,CCET
2023-07-13,1.6362189054489136,1.8591690063476562,1.879052996635437,1.8591690063476562,1.8591690063476562,63065,CCET
2023-07-14,1.6537184715270996,1.879052996635437,1.908879041671753,1.8591690063476562,1.8691109418869019,1064163,CCET
2023-07-17,1.6712180376052856,1.8989369869232178,1.908879041671753,1.879052996635437,1.8989369869232178,1479670,CCET
2023-07-18,1.6799678802490234,1.908879041671753,1.908879041671753,1.8889950513839722,1.8989369869232178,1035799,CCET
2023-07-19,1.6712180376052856,1.8989369869232178,1.9188209772109985,1.8889950513839722,1.908879041671753,445279,CCET
2023-07-20,1.6624683141708374,1.8889950513839722,1.8989369869232178,1.8889950513839722,1.8989369869232178,372356,CCET
2023-07-21,1.6712180376052856,1.8989369869232178,1.8989369869232178,1.879052996635437,1.8889950513839722,319450,CCET
2023-07-24,1.6624683141708374,1.8889950513839722,1.908879041671753,1.8889950513839722,1.8989369869232178,176019,CCET
2023-07-25,1.6712180376052856,1.8989369869232178,1.908879041671753,1.8889950513839722,1.8889950513839722,617275,CCET
2023-07-26,1.6799678802490234,1.908879041671753,1.9188209772109985,1.8989369869232178,1.908879041671753,205289,CCET
2023-07-27,1.6887177228927612,1.9188209772109985,1.9287630319595337,1.8989369869232178,1.9188209772109985,422849,CCET
2023-07-31,1.7324671745300293,1.9685319662094116,1.9884159564971924,1.9486470222473145,1.9784740209579468,638196,CCET
2023-08-02,1.7324671745300293,1.9685319662094116,1.9884159564971924,1.9287630319595337,1.9685319662094116,944067,CCET
2023-08-03,1.714966893196106,1.9486470222473145,1.9685319662094116,1.9486470222473145,1.9685319662094116,358476,CCET
2023-08-04,1.7412171363830566,1.9784740209579468,1.9884159564971924,1.9486470222473145,1.9486470222473145,1270760,CCET
2023-08-07,1.7412171363830566,1.9784740209579468,1.9884159564971924,1.9685319662094116,1.9784740209579468,406856,CCET
2023-08-08,1.7237164974212646,1.95858895778656,1.9884159564971924,1.9486470222473145,1.9784740209579468,503315,CCET
2023-08-09,1.784965991973877,2.028183937072754,2.028183937072754,1.95858895778656,1.95858895778656,2693701,CCET
2023-08-10,1.7412171363830566,1.9784740209579468,2.0083000659942627,1.9784740209579468,2.0083000659942627,1003009,CCET
2023-08-11,1.767466425895691,2.0083000659942627,2.0083000659942627,1.9685319662094116,1.9784740209579468,679032,CCET
2023-08-15,1.7412171363830566,1.9784740209579468,2.028183937072754,1.9287630319595337,1.9884159564971924,7025088,CCET
2023-08-16,1.7499668598175049,1.9884159564971924,2.0083000659942627,1.9685319662094116,1.9784740209579468,1823360,CCET
2023-08-17,1.7237164974212646,1.95858895778656,1.9884159564971924,1.95858895778656,1.9784740209579468,1021013,CCET
2023-08-18,1.6799678802490234,1.908879041671753,1.9784740209579468,1.908879041671753,1.9685319662094116,1822958,CCET
2023-08-21,1.6887177228927612,1.9188209772109985,1.9287630319595337,1.908879041671753,1.908879041671753,614861,CCET
2023-08-22,1.7237164974212646,1.95858895778656,1.9685319662094116,1.9188209772109985,1.9188209772109985,1325577,CCET
2023-08-23,1.714966893196106,1.9486470222473145,1.9685319662094116,1.9387049674987793,1.95858895778656,868329,CCET
2023-08-24,1.7412171363830566,1.9784740209579468,2.0083000659942627,1.9486470222473145,1.95858895778656,2785734,CCET
2023-08-25,1.767466425895691,2.0083000659942627,2.0083000659942627,1.9784740209579468,1.9884159564971924,756079,CCET
2023-08-28,1.7324671745300293,1.9685319662094116,2.0083000659942627,1.9486470222473145,2.0083000659942627,6097918,CCET
2023-08-29,1.7324665784835815,1.9287630319595337,1.9387049674987793,1.908879041671753,1.908879041671753,2101672,CCET
2023-08-30,1.7324665784835815,1.9287630319595337,1.9486470222473145,1.9287630319595337,1.9287630319595337,1068890,CCET
2023-08-31,1.7235362529754639,1.9188209772109985,1.9387049674987793,1.9188209772109985,1.9287630319595337,620292,CCET
2023-09-01,1.7324665784835815,1.9287630319595337,1.9387049674987793,1.908879041671753,1.9287630319595337,1008943,CCET
2023-09-04,1.7235362529754639,1.9188209772109985,1.9387049674987793,1.8989369869232178,1.908879041671753,1016085,CCET
2023-09-05,1.7235362529754639,1.9188209772109985,1.9387049674987793,1.908879041671753,1.9188209772109985,652479,CCET
2023-09-06,1.7235362529754639,1.9188209772109985,1.9287630319595337,1.9188209772109985,1.9287630319595337,180243,CCET
2023-09-07,1.7324665784835815,1.9287630319595337,1.9287630319595337,1.9188209772109985,1.9188209772109985,149968,CCET
2023-09-08,1.7324665784835815,1.9287630319595337,1.9287630319595337,1.908879041671753,1.908879041671753,361393,CCET
2023-09-11,1.696745753288269,1.8889950513839722,1.9287630319595337,1.8889950513839722,1.9188209772109985,1721571,CCET
2023-09-12,1.652094841003418,1.8392850160598755,1.908879041671753,1.879052996635437,1.8989369869232178,1269150,CCET
2023-09-13,1.6431639194488525,1.829342007637024,1.8691109418869019,1.829342007637024,1.849226951599121,2435103,CCET
2023-09-14,1.6610251665115356,1.849226951599121,1.8691109418869019,1.829342007637024,1.8392850160598755,2915687,CCET
2023-09-15,1.652094841003418,1.8392850160598755,1.849226951599121,1.829342007637024,1.849226951599121,1755065,CCET
2023-09-18,1.6342335939407349,1.8193999528884888,1.849226951599121,1.8193999528884888,1.8392850160598755,496676,CCET
2023-09-19,1.6163733005523682,1.799515962600708,1.829342007637024,1.799515962600708,1.8193999528884888,993956,CCET
2023-09-20,1.5895828008651733,1.7696900367736816,1.8193999528884888,1.7696900367736816,1.8094580173492432,1165651,CCET
2023-09-21,1.5806527137756348,1.7597479820251465,1.7895740270614624,1.7299220561981201,1.7796319723129272,1083173,CCET
2023-09-22,1.5895828008651733,1.7696900367736816,1.7796319723129272,1.7597479820251465,1.7696900367736816,867424,CCET
2023-09-25,1.5449320077896118,1.719980001449585,1.7696900367736816,1.7299220561981201,1.7696900367736816,1542835,CCET
2023-09-26,1.5270709991455078,1.7000950574874878,1.7299220561981201,1.6901530027389526,1.7299220561981201,1750740,CCET
2023-09-27,1.4824198484420776,1.6503850221633911,1.6901530027389526,1.640442967414856,1.6702690124511719,1144830,CCET
2023-09-28,1.4199079275131226,1.5807900428771973,1.6603269577026367,1.5907319784164429,1.6603269577026367,3143305,CCET
2023-09-29,1.4466992616653442,1.6106170415878296,1.6106170415878296,1.5807900428771973,1.5907319784164429,1984795,CCET
2023-10-02,1.4288380146026611,1.5907319784164429,1.6205589771270752,1.5907319784164429,1.6205589771270752,1338552,CCET
2023-10-03,1.3752570152282715,1.5310800075531006,1.5907319784164429,1.5310800075531006,1.5907319784164429,2099459,CCET
2023-10-04,1.3931173086166382,1.5509639978408813,1.5907319784164429,1.5310800075531006,1.5310800075531006,1533481,CCET
2023-10-05,1.4020475149154663,1.5609060525894165,1.6106170415878296,1.5410219430923462,1.570847988128662,1425254,CCET
2023-10-06,1.3484662771224976,1.5012539625167847,1.570847988128662,1.4714280366897583,1.5509639978408813,3877055,CCET
2023-10-09,1.3573966026306152,1.5111960172653198,1.5111960172653198,1.5012539625167847,1.5012539625167847,1423042,CCET
2023-10-10,1.3293755054473877,1.4800000190734863,1.5199999809265137,1.5,1.5099999904632568,1382900,CCET
2023-10-11,1.3473398685455322,1.5,1.5499999523162842,1.4900000095367432,1.4900000095367432,2468200,CCET
2023-10-12,1.38326895236969,1.5399999618530273,1.559999942779541,1.5099999904632568,1.5199999809265137,2534900,CCET
2023-10-16,1.38326895236969,1.5399999618530273,1.5499999523162842,1.5,1.5299999713897705,2052600,CCET
2023-10-17,1.3653044700622559,1.5199999809265137,1.5399999618530273,1.5099999904632568,1.5399999618530273,1315100,CCET
2023-10-18,1.4012337923049927,1.559999942779541,1.559999942779541,1.5,1.5299999713897705,2187800,CCET
2023-10-19,1.3563222885131836,1.5099999904632568,1.5399999618530273,1.5099999904632568,1.5399999618530273,740100,CCET
2023-10-20,1.3653044700622559,1.5199999809265137,1.5299999713897705,1.5099999904632568,1.5299999713897705,1345100,CCET
2023-10-24,1.3563222885131836,1.5099999904632568,1.5199999809265137,1.5099999904632568,1.5199999809265137,671100,CCET
2023-10-25,1.3563222885131836,1.5099999904632568,1.5299999713897705,1.5099999904632568,1.5299999713897705,326900,CCET
2023-10-26,1.3653044700622559,1.5199999809265137,1.5199999809265137,1.5,1.5199999809265137,884900,CCET
2023-10-27,1.3653044700622559,1.5199999809265137,1.5199999809265137,1.5,1.5099999904632568,1027800,CCET
2023-10-30,1.3563222885131836,1.5099999904632568,1.5199999809265137,1.5,1.5099999904632568,1746700,CCET
2023-10-31,1.3653044700622559,1.5199999809265137,1.5199999809265137,1.5,1.5,577000,CCET
2023-11-01,1.3653044700622559,1.5199999809265137,1.5199999809265137,1.5,1.5,2373200,CCET
2023-11-02,1.3563222885131836,1.5099999904632568,1.5199999809265137,1.5099999904632568,1.5199999809265137,1734500,CCET
2023-11-03,1.4012337923049927,1.559999942779541,1.5800000429153442,1.5099999904632568,1.5199999809265137,5590900,CCET
2023-11-06,1.3653044700622559,1.5199999809265137,1.590000033378601,1.5199999809265137,1.5700000524520874,21915000,CCET
2023-11-07,1.3563222885131836,1.5099999904632568,1.5399999618530273,1.5099999904632568,1.5299999713897705,3942500,CCET
2023-11-08,1.3653044700622559,1.5199999809265137,1.5299999713897705,1.5099999904632568,1.5099999904632568,2719700,CCET
2023-11-09,1.3563222885131836,1.5099999904632568,1.5299999713897705,1.5099999904632568,1.5299999713897705,1746900,CCET
2023-11-10,1.3473398685455322,1.5,1.5099999904632568,1.4900000095367432,1.5099999904632568,3120100,CCET
2023-11-13,1.3473398685455322,1.5,1.5199999809265137,1.5,1.5,1365900,CCET
2023-11-14,1.3473398685455322,1.5,1.5099999904632568,1.5,1.5,1046600,CCET
2023-11-15,1.3653044700622559,1.5199999809265137,1.5399999618530273,1.5099999904632568,1.5199999809265137,922100,CCET
2023-11-16,1.3653044700622559,1.5199999809265137,1.5399999618530273,1.5199999809265137,1.5399999618530273,1011500,CCET
2023-11-17,1.3383578062057495,1.4900000095367432,1.5099999904632568,1.4900000095367432,1.5099999904632568,1640400,CCET
2023-11-20,1.3473398685455322,1.5,1.5299999713897705,1.4900000095367432,1.5299999713897705,1118600,CCET
2023-11-21,1.3473398685455322,1.5,1.5199999809265137,1.5,1.5,1703700,CCET
2023-11-22,1.3473398685455322,1.5,1.5099999904632568,1.4900000095367432,1.5099999904632568,1324900,CCET
2023-11-23,1.3383578062057495,1.4900000095367432,1.5,1.4900000095367432,1.5,1204100,CCET
2023-11-24,1.3383578062057495,1.4900000095367432,1.5,1.4900000095367432,1.4900000095367432,773800,CCET
2023-11-27,1.3653044700622559,1.5199999809265137,1.5499999523162842,1.4900000095367432,1.4900000095367432,4704800,CCET
2023-11-28,1.3742867708206177,1.5299999713897705,1.5499999523162842,1.5199999809265137,1.5199999809265137,2369600,CCET
2023-11-29,1.3653044700622559,1.5199999809265137,1.5399999618530273,1.5199999809265137,1.5299999713897705,1644600,CCET
2023-11-30,1.3563222885131836,1.5099999904632568,1.5399999618530273,1.5099999904632568,1.5299999713897705,1171100,CCET
2023-12-01,1.3563222885131836,1.5099999904632568,1.5299999713897705,1.5099999904632568,1.5099999904632568,907900,CCET
2023-12-04,1.7156130075454712,1.909999966621399,1.9600000381469727,1.6100000143051147,1.6399999856948853,118299600,CCET
2023-12-06,1.8683115243911743,2.0799999237060547,2.140000104904175,1.8600000143051147,1.9199999570846558,77027100,CCET
2023-12-07,1.904240608215332,2.119999885559082,2.180000066757202,2.0399999618530273,2.059999942779541,42984500,CCET
2023-12-08,1.9222052097320557,2.140000104904175,2.2200000286102295,2.0799999237060547,2.140000104904175,31489500,CCET
2023-12-12,1.8323825597763062,2.0399999618530273,2.240000009536743,2.0199999809265137,2.0999999046325684,40831300,CCET
2023-12-13,1.7964534759521484,2.0,2.0799999237060547,1.9299999475479126,2.0199999809265137,29574100,CCET
2023-12-14,1.9401696920394897,2.1600000858306885,2.200000047683716,2.0199999809265137,2.0399999618530273,25344300,CCET
2023-12-15,1.9581341743469238,2.180000066757202,2.240000009536743,2.119999885559082,2.140000104904175,22095300,CCET
2023-12-18,1.976098656654358,2.200000047683716,2.2799999713897705,2.180000066757202,2.200000047683716,18591300,CCET
2023-12-19,2.0120279788970947,2.240000009536743,2.259999990463257,2.140000104904175,2.200000047683716,14173800,CCET
2023-12-20,2.1018502712249756,2.3399999141693115,2.380000114440918,2.200000047683716,2.240000009536743,30739100,CCET
2023-12-21,2.0659217834472656,2.299999952316284,2.4200000762939453,2.299999952316284,2.319999933242798,29418000,CCET
2023-12-22,2.0659217834472656,2.299999952316284,2.299999952316284,2.240000009536743,2.299999952316284,10183300,CCET
2023-12-25,2.0299923419952393,2.259999990463257,2.319999933242798,2.259999990463257,2.319999933242798,5059200,CCET
2023-12-26,2.047956705093384,2.2799999713897705,2.299999952316284,2.240000009536743,2.259999990463257,2822800,CCET
2023-12-27,1.8862758874893188,2.0999999046325684,2.2799999713897705,2.0999999046325684,2.2799999713897705,17777300,CCET
2023-12-28,1.8683115243911743,2.0799999237060547,2.1600000858306885,2.059999942779541,2.119999885559082,7686900,CCET
2024-01-03,1.9222052097320557,2.140000104904175,2.180000066757202,2.0799999237060547,2.180000066757202,9873900,CCET
2024-01-04,1.8683115243911743,2.0799999237060547,2.119999885559082,2.0399999618530273,2.119999885559082,8925700,CCET
2024-01-05,1.8503469228744507,2.059999942779541,2.180000066757202,2.059999942779541,2.0799999237060547,9219100,CCET
2024-01-08,1.8323825597763062,2.0399999618530273,2.0999999046325684,2.0399999618530273,2.0799999237060547,4155100,CCET
2024-01-09,1.9581341743469238,2.180000066757202,2.2200000286102295,2.059999942779541,2.0999999046325684,29076600,CCET
2024-01-10,1.9222052097320557,2.140000104904175,2.2200000286102295,2.119999885559082,2.180000066757202,13046300,CCET
2024-01-11,2.0659217834472656,2.299999952316284,2.319999933242798,2.140000104904175,2.140000104904175,30082900,CCET
2024-01-12,2.137779712677002,2.380000114440918,2.4000000953674316,2.259999990463257,2.2799999713897705,31287000,CCET
2024-01-15,2.227602243423462,2.4800000190734863,2.559999942779541,2.380000114440918,2.440000057220459,38604900,CCET
2024-01-16,2.17370867729187,2.4200000762939453,2.5,2.4200000762939453,2.4600000381469727,12677100,CCET
2024-01-17,2.281496047973633,2.5399999618530273,2.619999885559082,2.4200000762939453,2.4200000762939453,61756400,CCET
2024-01-18,2.3892831802368164,2.6600000858306885,2.700000047683716,2.5,2.5399999618530273,43810400,CCET
2024-01-19,2.3353893756866455,2.5999999046325684,2.700000047683716,2.5799999237060547,2.680000066757202,25478200,CCET
2024-01-22,2.3713185787200928,2.640000104904175,2.680000066757202,2.5799999237060547,2.5999999046325684,18846200,CCET
2024-01-23,2.2096376419067383,2.4600000381469727,2.6600000858306885,2.440000057220459,2.640000104904175,26867900,CCET
2024-01-24,2.281496047973633,2.5399999618530273,2.559999942779541,2.4600000381469727,2.4600000381469727,14555600,CCET
2024-01-25,2.3713185787200928,2.640000104904175,2.6600000858306885,2.559999942779541,2.559999942779541,16448100,CCET
2024-01-26,2.586893081665039,2.880000114440918,2.9600000381469727,2.6600000858306885,2.6600000858306885,93048500,CCET
2024-01-29,2.6048574447631836,2.9000000953674316,2.9600000381469727,2.819999933242798,2.9200000762939453,39888400,CCET
2024-01-30,2.497070074081421,2.7799999713897705,2.9000000953674316,2.740000009536743,2.880000114440918,32639200,CCET
2024-01-31,2.407247543334961,2.680000066757202,2.859999895095825,2.6600000858306885,2.799999952316284,41485400,CCET
2024-02-01,2.4611411094665527,2.740000009536743,2.759999990463257,2.5999999046325684,2.680000066757202,24605000,CCET
2024-02-02,2.407247543334961,2.680000066757202,2.759999990463257,2.680000066757202,2.759999990463257,14338500,CCET
2024-02-05,2.443176507949829,2.7200000286102295,2.740000009536743,2.619999885559082,2.6600000858306885,14770200,CCET
2024-02-06,2.5689284801483154,2.859999895095825,2.9000000953674316,2.700000047683716,2.7200000286102295,35691700,CCET
2024-02-07,2.7485735416412354,3.059999942779541,3.140000104904175,2.8399999141693115,2.9000000953674316,96551900,CCET
2024-02-08,2.7485735416412354,3.059999942779541,3.0799999237060547,3.0,3.0399999618530273,20471300,CCET
2024-02-09,2.82043194770813,3.140000104904175,3.200000047683716,3.0399999618530273,3.0799999237060547,42550800,CCET
2024-02-12,2.8383965492248535,3.1600000858306885,3.180000066757202,3.0399999618530273,3.119999885559082,25367800,CCET
2024-02-13,2.82043194770813,3.140000104904175,3.240000009536743,3.119999885559082,3.140000104904175,31237400,CCET
2024-02-14,2.91025447845459,3.240000009536743,3.259999990463257,3.0799999237060547,3.0999999046325684,36352400,CCET
2024-02-15,2.8024675846099854,3.119999885559082,3.259999990463257,3.119999885559082,3.240000009536743,23063200,CCET
2024-02-16,2.640786647796631,2.940000057220459,3.1600000858306885,2.9000000953674316,3.0999999046325684,31529400,CCET
2024-02-19,2.6946797370910645,3.0,3.059999942779541,2.9200000762939453,2.9200000762939453,12677800,CCET
2024-02-20,2.550963878631592,2.8399999141693115,3.0,2.7799999713897705,3.0,25963300,CCET
2024-02-21,2.6228220462799072,2.9200000762939453,2.9800000190734863,2.7799999713897705,2.880000114440918,27302500,CCET
2024-02-22,2.407247543334961,2.680000066757202,2.940000057220459,2.640000104904175,2.880000114440918,46867000,CCET
2024-02-23,2.3713185787200928,2.640000104904175,2.759999990463257,2.619999885559082,2.7200000286102295,39243400,CCET
2024-02-27,2.6946797370910645,3.0,3.0,2.640000104904175,2.640000104904175,59057700,CCET
2024-02-28,2.443176507949829,2.7200000286102295,2.7799999713897705,2.640000104904175,2.640000104904175,57498800,CCET
2024-02-29,2.1916730403900146,2.440000057220459,2.700000047683716,2.440000057220459,2.700000047683716,53466100,CCET
2024-03-01,2.227602243423462,2.4800000190734863,2.5399999618530273,2.440000057220459,2.440000057220459,14409600,CCET
2024-03-04,2.2994604110717773,2.559999942779541,2.5999999046325684,2.5,2.5,12817600,CCET
2024-03-05,2.281496047973633,2.5399999618530273,2.5999999046325684,2.5199999809265137,2.559999942779541,8361300,CCET
2024-03-06,2.3353893756866455,2.5999999046325684,2.619999885559082,2.5199999809265137,2.5199999809265137,12225900,CCET
2024-03-07,2.317425012588501,2.5799999237060547,2.5999999046325684,2.559999942779541,2.5999999046325684,5170300,CCET
2024-03-08,2.407247543334961,2.680000066757202,2.7200000286102295,2.619999885559082,2.619999885559082,21328700,CCET
2024-03-11,2.3892831802368164,2.6600000858306885,2.680000066757202,2.5999999046325684,2.680000066757202,11442100,CCET
2024-03-12,2.3892831802368164,2.6600000858306885,2.6600000858306885,2.6600000858306885,2.6600000858306885,0,CCET
2024-03-13,2.2994604110717773,2.559999942779541,2.5999999046325684,2.5399999618530273,2.5799999237060547,6121700,CCET
2024-03-14,2.281496047973633,2.5399999618530273,2.5799999237060547,2.5199999809265137,2.5799999237060547,7065200,CCET
2024-03-15,2.3533542156219482,2.619999885559082,2.6600000858306885,2.5,2.5199999809265137,20038400,CCET
2024-03-18,2.2994604110717773,2.559999942779541,2.619999885559082,2.5399999618530273,2.619999885559082,14012400,CCET
2024-03-19,2.3318469524383545,2.5199999809265137,2.559999942779541,2.5,2.5399999618530273,5079700,CCET
2024-03-20,2.3318469524383545,2.5199999809265137,2.5199999809265137,2.5199999809265137,2.5199999809265137,0,CCET
2024-03-21,2.3688607215881348,2.559999942779541,2.559999942779541,2.4800000190734863,2.5,7371000,CCET
2024-03-22,2.3688607215881348,2.559999942779541,2.559999942779541,2.559999942779541,2.559999942779541,0,CCET
2024-03-25,2.2393136024475098,2.4200000762939453,2.440000057220459,2.3399999141693115,2.3399999141693115,12417800,CCET
2024-03-26,2.2393136024475098,2.4200000762939453,2.4200000762939453,2.4200000762939453,2.4200000762939453,0,CCET
2024-03-27,2.2948338985443115,2.4800000190734863,2.5199999809265137,2.4000000953674316,2.4200000762939453,14228800,CCET
2024-03-28,2.2948338985443115,2.4800000190734863,2.4800000190734863,2.4800000190734863,2.4800000190734863,0,CCET
2024-03-29,2.2948338985443115,2.4800000190734863,2.5199999809265137,2.440000057220459,2.5199999809265137,6072200,CCET
2024-04-01,2.276326894760132,2.4600000381469727,2.4800000190734863,2.440000057220459,2.4800000190734863,4085200,CCET
2024-04-02,2.350353956222534,2.5399999618530273,2.559999942779541,2.4200000762939453,2.4800000190734863,13331700,CCET
2024-04-03,2.2948338985443115,2.4800000190734863,2.559999942779541,2.4800000190734863,2.5,7038100,CCET
2024-04-04,2.2393136024475098,2.4200000762939453,2.5,2.4200000762939453,2.4800000190734863,7002700,CCET
2024-04-05,2.2393136024475098,2.4200000762939453,2.4600000381469727,2.4200000762939453,2.4200000762939453,2970300,CCET
2024-04-09,2.2948338985443115,2.4800000190734863,2.5199999809265137,2.4200000762939453,2.4200000762939453,7106500,CCET
2024-04-10,2.276326894760132,2.4600000381469727,2.5199999809265137,2.440000057220459,2.4800000190734863,9225700,CCET
2024-04-11,2.2393136024475098,2.4200000762939453,2.4600000381469727,2.4000000953674316,2.440000057220459,6927400,CCET
2024-04-17,2.2393136024475098,2.4200000762939453,2.4200000762939453,2.4200000762939453,2.4200000762939453,0,CCET
2024-04-18,2.2393136024475098,2.4200000762939453,2.4200000762939453,2.4200000762939453,2.4200000762939453,0,CCET
2024-04-19,2.2393136024475098,2.4200000762939453,2.4200000762939453,2.4200000762939453,2.4200000762939453,0,CCET
2024-04-22,2.1097662448883057,2.2799999713897705,2.299999952316284,2.240000009536743,2.259999990463257,4737200,CCET
2024-04-23,2.1282734870910645,2.299999952316284,2.3399999141693115,2.240000009536743,2.2799999713897705,5359400,CCET
2024-04-24,2.1282734870910645,2.299999952316284,2.299999952316284,2.299999952316284,2.299999952316284,0,CCET
2024-04-25,2.146779775619507,2.319999933242798,2.319999933242798,2.259999990463257,2.259999990463257,2413700,CCET
2024-04-26,2.091259717941284,2.259999990463257,2.319999933242798,2.259999990463257,2.299999952316284,3005100,CCET
2024-04-29,2.1282734870910645,2.299999952316284,2.299999952316284,2.259999990463257,2.259999990463257,2173000,CCET
2024-04-30,2.1282734870910645,2.299999952316284,2.299999952316284,2.299999952316284,2.299999952316284,0,CCET
2024-05-02,2.091259717941284,2.259999990463257,2.319999933242798,2.259999990463257,2.2799999713897705,2639300,CCET
2024-05-03,2.220806837081909,2.4000000953674316,2.4200000762939453,2.259999990463257,2.2799999713897705,15801800,CCET
2024-05-07,2.220806837081909,2.4000000953674316,2.4000000953674316,2.4000000953674316,2.4000000953674316,0,CCET
2024-05-08,2.220806837081909,2.4000000953674316,2.4600000381469727,2.380000114440918,2.4200000762939453,7343700,CCET
2024-05-09,2.2578201293945312,2.440000057220459,2.559999942779541,2.4000000953674316,2.4000000953674316,25377000,CCET
2024-05-10,2.3873672485351562,2.5799999237060547,2.5999999046325684,2.4000000953674316,2.4600000381469727,36238000,CCET
2024-05-13,2.4243807792663574,2.619999885559082,2.680000066757202,2.559999942779541,2.619999885559082,34787000,CCET
2024-05-14,2.4613943099975586,2.6600000858306885,2.680000066757202,2.5999999046325684,2.619999885559082,16712900,CCET
2024-05-15,2.998089075088501,3.240000009536743,3.240000009536743,2.7799999713897705,2.799999952316284,284618300,CCET
2024-05-16,2.998089075088501,3.240000009536743,3.240000009536743,3.240000009536743,3.240000009536743,0,CCET
2024-05-17,3.072115659713745,3.319999933242798,3.5799999237060547,3.259999990463257,3.319999933242798,113170700,CCET
2024-05-20,3.072115659713745,3.319999933242798,3.319999933242798,3.319999933242798,3.319999933242798,0,CCET
2024-05-21,3.035102605819702,3.2799999713897705,3.319999933242798,3.180000066757202,3.299999952316284,37818900,CCET
2024-05-23,3.4792640209198,3.759999990463257,3.759999990463257,3.2799999713897705,3.299999952316284,125968400,CCET
2024-05-24,3.4792640209198,3.759999990463257,3.759999990463257,3.759999990463257,3.759999990463257,0,CCET
2024-05-27,3.4792640209198,3.759999990463257,3.759999990463257,3.759999990463257,3.759999990463257,0,CCET
2024-05-28,3.2016632556915283,3.4600000381469727,3.680000066757202,3.440000057220459,3.619999885559082,60462100,CCET
2024-05-29,3.294196605682373,3.559999942779541,3.619999885559082,3.440000057220459,3.4600000381469727,48412600,CCET
2024-05-30,3.294196605682373,3.559999942779541,3.559999942779541,3.559999942779541,3.559999942779541,0,CCET
2024-05-31,3.294196605682373,3.559999942779541,3.559999942779541,3.559999942779541,3.559999942779541,0,CCET
2024-06-04,3.22016978263855,3.4800000190734863,3.759999990463257,3.440000057220459,3.640000104904175,55682300,CCET
2024-06-05,3.294196605682373,3.559999942779541,3.5799999237060547,3.5,3.5199999809265137,18071200,CCET
2024-06-06,3.3127033710479736,3.5799999237060547,3.680000066757202,3.559999942779541,3.640000104904175,30119000,CCET
2024-06-07,3.460757255554199,3.740000009536743,3.9000000953674316,3.559999942779541,3.5799999237060547,183334900,CCET
2024-06-10,3.423743963241577,3.700000047683716,3.740000009536743,3.5999999046325684,3.700000047683716,50975500,CCET
2024-06-11,3.423743963241577,3.700000047683716,3.740000009536743,3.640000104904175,3.740000009536743,37605800,CCET
2024-06-12,3.756864547729492,4.059999942779541,4.159999847412109,3.680000066757202,3.700000047683716,195078700,CCET
2024-06-13,3.7383577823638916,4.039999961853027,4.139999866485596,3.9800000190734863,4.099999904632568,88368700,CCET
2024-06-14,3.553290843963623,3.8399999141693115,4.28000020980835,3.740000009536743,4.119999885559082,241915100,CCET
2024-06-17,3.5347840785980225,3.819999933242798,3.880000114440918,3.740000009536743,3.819999933242798,59768700,CCET
2024-06-18,3.5347840785980225,3.819999933242798,3.819999933242798,3.819999933242798,3.819999933242798,0,CCET
2024-06-19,3.5347840785980225,3.819999933242798,3.819999933242798,3.819999933242798,3.819999933242798,0,CCET
2024-06-20,3.719851493835449,4.019999980926514,4.019999980926514,3.9200000762939453,3.940000057220459,37346700,CCET
2024-06-21,3.7013444900512695,4.0,4.039999961853027,3.880000114440918,3.9200000762939453,48800300,CCET
2024-06-24,3.7013444900512695,4.0,4.0,4.0,4.0,0,CCET
2024-06-25,3.7013444900512695,4.0,4.0,4.0,4.0,0,CCET
2024-06-26,3.7013444900512695,4.0,4.0,4.0,4.0,0,CCET
2024-06-27,3.719851493835449,4.019999980926514,4.039999961853027,3.9000000953674316,3.9800000190734863,31260700,CCET
2024-06-28,3.6273179054260254,3.9200000762939453,4.039999961853027,3.9200000762939453,4.019999980926514,18668200,CCET
2024-07-01,3.6273179054260254,3.9200000762939453,3.9200000762939453,3.9200000762939453,3.9200000762939453,0,CCET
2024-07-02,3.386730432510376,3.6600000858306885,3.9000000953674316,3.640000104904175,3.9000000953674316,46076000,CCET
2024-07-03,3.5162770748138428,3.799999952316284,3.819999933242798,3.700000047683716,3.7200000286102295,23560400,CCET
2024-07-04,3.553290843963623,3.8399999141693115,3.9200000762939453,3.819999933242798,3.859999895095825,26698600,CCET
2024-07-05,3.7383577823638916,4.039999961853027,4.039999961853027,3.880000114440918,3.9000000953674316,56497200,CCET
2024-07-08,4.182519435882568,4.519999980926514,4.519999980926514,4.0,4.039999961853027,180045200,CCET
2024-07-09,4.182519435882568,4.519999980926514,4.519999980926514,4.519999980926514,4.519999980926514,0,CCET
2024-07-10,3.775371551513672,4.079999923706055,4.199999809265137,4.019999980926514,4.079999923706055,79303300,CCET
2024-07-11,3.7383577823638916,4.039999961853027,4.199999809265137,4.039999961853027,4.179999828338623,93290000,CCET
2024-07-12,3.7383577823638916,4.039999961853027,4.039999961853027,4.039999961853027,4.039999961853027,0,CCET
2024-07-15,3.7383577823638916,4.039999961853027,4.039999961853027,4.039999961853027,4.039999961853027,0,CCET
2024-07-16,3.5903046131134033,3.880000114440918,4.039999961853027,3.8399999141693115,3.9000000953674316,33582100,CCET
2024-07-17,3.5903046131134033,3.880000114440918,3.880000114440918,3.880000114440918,3.880000114440918,0,CCET
2024-07-18,3.460757255554199,3.740000009536743,3.759999990463257,3.640000104904175,3.700000047683716,33540600,CCET
2024-07-19,3.4422504901885986,3.7200000286102295,3.8399999141693115,3.680000066757202,3.7200000286102295,34100300,CCET
2024-07-23,3.5162770748138428,3.799999952316284,3.9000000953674316,3.7200000286102295,3.7799999713897705,48340500,CCET
2024-07-24,3.4792640209198,3.759999990463257,3.819999933242798,3.740000009536743,3.740000009536743,18293200,CCET
2024-07-25,3.2016632556915283,3.4600000381469727,3.700000047683716,3.4000000953674316,3.6600000858306885,62427600,CCET
2024-07-26,3.3682239055633545,3.640000104904175,3.7200000286102295,3.440000057220459,3.4600000381469727,39998800,CCET
2024-07-30,3.3682239055633545,3.640000104904175,3.640000104904175,3.640000104904175,3.640000104904175,0,CCET
2024-07-31,3.4422504901885986,3.7200000286102295,3.8399999141693115,3.680000066757202,3.799999952316284,39978000,CCET
2024-08-01,3.4422504901885986,3.7200000286102295,3.880000114440918,3.680000066757202,3.759999990463257,50650500,CCET
2024-08-02,3.4422504901885986,3.7200000286102295,3.7200000286102295,3.7200000286102295,3.7200000286102295,0,CCET
2024-08-05,3.035102605819702,3.2799999713897705,3.4200000762939453,3.200000047683716,3.359999895095825,53787700,CCET
2024-08-06,2.905555486679077,3.140000104904175,3.4000000953674316,3.0999999046325684,3.359999895095825,63491300,CCET
2024-08-07,3.1461429595947266,3.4000000953674316,3.5,3.259999990463257,3.319999933242798,76137800,CCET
2024-08-08,3.1461429595947266,3.4000000953674316,3.4000000953674316,3.4000000953674316,3.4000000953674316,0,CCET
2024-08-09,3.1091294288635254,3.359999895095825,3.5199999809265137,3.319999933242798,3.440000057220459,56713500,CCET
2024-08-13,3.2386765480041504,3.5,3.5399999618530273,3.259999990463257,3.299999952316284,47187800,CCET
2024-08-14,3.3127033710479736,3.5799999237060547,3.5799999237060547,3.380000114440918,3.559999942779541,70893700,CCET
2024-08-15,3.3127033710479736,3.5799999237060547,3.5799999237060547,3.5799999237060547,3.5799999237060547,0,CCET
2024-08-16,3.2756898403167725,3.5399999618530273,3.559999942779541,3.4800000190734863,3.5,30144800,CCET
2024-08-19,3.2756898403167725,3.5399999618530273,3.5399999618530273,3.5399999618530273,3.5399999618530273,0,CCET
2024-08-20,3.4052371978759766,3.680000066757202,3.7200000286102295,3.559999942779541,3.5799999237060547,75007700,CCET
2024-08-21,3.3682239055633545,3.640000104904175,3.700000047683716,3.5799999237060547,3.640000104904175,50357600,CCET
2024-08-22,3.3682239055633545,3.640000104904175,3.640000104904175,3.640000104904175,3.640000104904175,0,CCET
2024-08-23,3.2756898403167725,3.5399999618530273,3.5999999046325684,3.5199999809265137,3.5199999809265137,22057100,CCET
2024-08-26,3.386730432510376,3.6600000858306885,3.7799999713897705,3.5199999809265137,3.5399999618530273,63226800,CCET
2024-08-27,3.4977705478668213,3.7799999713897705,3.880000114440918,3.6600000858306885,3.740000009536743,82652100,CCET
2024-08-28,3.5260543823242188,3.740000009536743,3.8399999141693115,3.700000047683716,3.740000009536743,53192600,CCET
2024-08-29,3.469486951828003,3.680000066757202,3.7200000286102295,3.619999885559082,3.700000047683716,21957400,CCET
2024-08-30,3.658046007156372,3.880000114440918,3.9000000953674316,3.700000047683716,3.700000047683716,74064500,CCET
2024-09-02,3.658046007156372,3.880000114440918,3.880000114440918,3.880000114440918,3.880000114440918,0,CCET
2024-09-03,3.658046007156372,3.880000114440918,3.880000114440918,3.880000114440918,3.880000114440918,0,CCET
2024-09-04,3.658046007156372,3.880000114440918,3.880000114440918,3.880000114440918,3.880000114440918,0,CCET
2024-09-05,3.544910430908203,3.759999990463257,3.9000000953674316,3.7200000286102295,3.859999895095825,55810500,CCET
2024-09-06,3.3752074241638184,3.5799999237060547,3.799999952316284,3.559999942779541,3.7799999713897705,62478100,CCET
2024-09-09,3.3752074241638184,3.5799999237060547,3.5799999237060547,3.5799999237060547,3.5799999237060547,0,CCET
2024-09-10,3.4506311416625977,3.6600000858306885,3.7799999713897705,3.6600000858306885,3.740000009536743,27581000,CCET
2024-09-11,3.469486951828003,3.680000066757202,3.740000009536743,3.640000104904175,3.680000066757202,18731900,CCET
2024-09-12,3.5260543823242188,3.740000009536743,3.819999933242798,3.7200000286102295,3.759999990463257,35603400,CCET
2024-09-13,3.469486951828003,3.680000066757202,3.740000009536743,3.680000066757202,3.740000009536743,13972500,CCET
2024-09-16,3.469486951828003,3.680000066757202,3.680000066757202,3.680000066757202,3.680000066757202,0,CCET
2024-09-17,3.469486951828003,3.680000066757202,3.680000066757202,3.680000066757202,3.680000066757202,0,CCET
2024-09-18,3.469486951828003,3.680000066757202,3.680000066757202,3.680000066757202,3.680000066757202,0,CCET
2024-09-19,3.469486951828003,3.680000066757202,3.680000066757202,3.680000066757202,3.680000066757202,0,CCET
2024-09-20,3.469486951828003,3.680000066757202,3.680000066757202,3.680000066757202,3.680000066757202,0,CCET
2024-09-23,3.488342761993408,3.700000047683716,3.799999952316284,3.700000047683716,3.7799999713897705,18327300,CCET
2024-09-24,3.544910430908203,3.759999990463257,3.7799999713897705,3.6600000858306885,3.700000047683716,21349500,CCET
2024-09-25,3.5260543823242188,3.740000009536743,3.819999933242798,3.7200000286102295,3.799999952316284,19172500,CCET
2024-09-26,3.5637662410736084,3.7799999713897705,3.859999895095825,3.740000009536743,3.7799999713897705,48121100,CCET
2024-09-27,3.5637662410736084,3.7799999713897705,3.7799999713897705,3.7799999713897705,3.7799999713897705,0,CCET
2024-09-30,3.5071985721588135,3.7200000286102295,3.759999990463257,3.680000066757202,3.7200000286102295,11544200,CCET
2024-10-01,3.790037155151367,4.019999980926514,4.039999961853027,3.7200000286102295,3.7200000286102295,109882300,CCET
2024-10-02,3.7523252964019775,3.9800000190734863,4.099999904632568,3.940000057220459,4.0,98864900,CCET
2024-10-03,3.658046007156372,3.880000114440918,4.0,3.859999895095825,4.0,53562000,CCET
2024-10-04,3.658046007156372,3.880000114440918,3.880000114440918,3.880000114440918,3.880000114440918,0,CCET
2024-10-07,3.6957576274871826,3.9200000762939453,3.9800000190734863,3.880000114440918,3.880000114440918,33342900,CCET
2024-10-08,3.6957576274871826,3.9200000762939453,3.940000057220459,3.880000114440918,3.880000114440918,12087700,CCET
2024-10-09,3.714613676071167,3.940000057220459,4.159999847412109,3.9000000953674316,4.019999980926514,170828300,CCET
2024-10-10,4.280290603637695,4.539999961853027,4.579999923706055,4.099999904632568,4.119999885559082,309961000,CCET
2024-10-11,4.355714321136475,4.619999885559082,4.739999771118164,4.480000019073486,4.579999923706055,162560100,CCET
2024-10-15,4.525417327880859,4.800000190734863,5.050000190734863,4.659999847412109,4.679999828338623,200455600,CCET
2024-10-16,4.525417327880859,4.800000190734863,4.800000190734863,4.800000190734863,4.800000190734863,0,CCET
2024-10-17,4.855395317077637,5.150000095367432,5.25,5.0,5.050000190734863,103345200,CCET
2024-10-18,4.855395317077637,5.150000095367432,5.349999904632568,5.0,5.099999904632568,69158600,CCET
2024-10-21,5.138234615325928,5.449999809265137,5.5,5.099999904632568,5.25,50940900,CCET
2024-10-22,5.138234615325928,5.449999809265137,5.449999809265137,5.449999809265137,5.449999809265137,0,CCET
2024-10-24,4.808256149291992,5.099999904632568,5.25,5.050000190734863,5.050000190734863,35310400,CCET
2024-10-25,4.808256149291992,5.099999904632568,5.099999904632568,5.099999904632568,5.099999904632568,0,CCET
2024-10-28,5.138234615325928,5.449999809265137,5.599999904632568,5.199999809265137,5.199999809265137,129972800,CCET
2024-10-29,5.138234615325928,5.449999809265137,5.449999809265137,5.449999809265137,5.449999809265137,0,CCET
2024-10-30,5.043954849243164,5.349999904632568,5.400000095367432,5.25,5.300000190734863,23864500,CCET
2024-10-31,4.996815204620361,5.300000190734863,5.449999809265137,5.199999809265137,5.25,49407300,CCET
2024-11-01,5.232514381408691,5.550000190734863,5.550000190734863,5.300000190734863,5.300000190734863,52255700,CCET
2024-11-04,4.996815204620361,5.300000190734863,5.550000190734863,5.300000190734863,5.550000190734863,47413800,CCET
2024-11-05,5.326793670654297,5.650000095367432,5.75,5.300000190734863,5.349999904632568,100788100,CCET
2024-11-06,5.373932838439941,5.699999809265137,5.849999904632568,5.5,5.699999809265137,92676800,CCET
2024-11-07,6.59956693649292,7.0,7.349999904632568,5.900000095367432,5.900000095367432,394160300,CCET
2024-11-08,6.552427291870117,6.949999809265137,7.050000190734863,6.699999809265137,7.050000190734863,134365000,CCET
2024-11-11,6.222448825836182,6.599999904632568,6.900000095367432,6.550000190734863,6.75,74241700,CCET
2024-11-12,5.986750602722168,6.349999904632568,6.650000095367432,6.199999809265137,6.599999904632568,111472700,CCET
2024-11-13,6.316728591918945,6.699999809265137,6.849999904632568,6.400000095367432,6.449999809265137,109698100,CCET
2024-11-14,7.683781147003174,8.149999618530273,8.399999618530273,7.0,7.0,349766700,CCET
2024-11-15,8.67371654510498,9.199999809265137,9.399999618530273,8.300000190734863,9.0,270252900,CCET
2024-11-18,9.192255020141602,9.75,10.0,8.600000381469727,9.100000381469727,338981500,CCET
2024-11-19,8.202319145202637,8.699999809265137,10.0,8.699999809265137,9.75,312292400,CCET
2024-11-20,8.720856666564941,9.25,9.300000190734863,8.699999809265137,8.699999809265137,167624500,CCET
2024-11-21,8.815136909484863,9.350000381469727,9.550000190734863,8.949999809265137,9.0,153133000,CCET
2024-11-22,8.249459266662598,8.75,9.699999809265137,8.699999809265137,9.600000381469727,176626900,CCET
2024-11-25,8.438018798828125,8.949999809265137,9.149999618530273,8.699999809265137,9.050000190734863,168748800,CCET
2024-11-26,7.683781147003174,8.149999618530273,8.850000381469727,8.050000190734863,8.75,170616500,CCET
2024-11-27,8.155179977416992,8.649999618530273,8.75,8.149999618530273,8.25,124183200,CCET
2024-11-28,8.013760566711426,8.5,8.550000190734863,8.25,8.449999809265137,97375900,CCET
2024-11-29,7.825201034545898,8.300000190734863,8.649999618530273,8.25,8.550000190734863,62643300,CCET
2024-12-02,8.108039855957031,8.600000381469727,8.800000190734863,8.300000190734863,8.300000190734863,92676300,CCET
2024-12-03,8.296598434448242,8.800000190734863,8.899999618530273,8.5,8.649999618530273,102847000,CCET
2024-12-04,8.296598434448242,8.800000190734863,8.899999618530273,8.649999618530273,8.75,76706600,CCET
2024-12-06,7.966619968414307,8.449999809265137,8.800000190734863,8.399999618530273,8.75,69315200,CCET
2024-12-09,7.825201034545898,8.300000190734863,8.550000190734863,8.25,8.350000381469727,54529900,CCET
2024-12-11,8.390876770019531,8.899999618530273,9.0,8.399999618530273,8.449999809265137,105258400,CCET
2024-12-12,8.862276077270508,9.399999618530273,9.449999809265137,8.75,9.100000381469727,187532900,CCET
2024-12-13,9.003694534301758,9.550000190734863,9.75,9.300000190734863,9.300000190734863,123425000,CCET
2024-12-16,9.09797477722168,9.649999618530273,9.75,9.399999618530273,9.550000190734863,91132000,CCET
2024-12-17,10.087909698486328,10.699999809265137,11.0,9.75,9.75,244547900,CCET
2024-12-18,9.899351119995117,10.5,10.800000190734863,10.100000381469727,10.699999809265137,113320000,CCET
2024-12-19,9.805070877075195,10.399999618530273,10.800000190734863,10.199999809265137,10.300000190734863,138834400,CCET
2024-12-20,9.09797477722168,9.649999618530273,10.5,9.399999618530273,10.399999618530273,182351700,CCET
2024-12-23,9.28653335571289,9.850000381469727,10.100000381469727,9.600000381469727,9.899999618530273,119371600,CCET
2024-12-24,8.767996788024902,9.300000190734863,10.0,9.300000190734863,9.949999809265137,99883700,CCET
2024-12-25,8.579437255859375,9.100000381469727,9.5,9.100000381469727,9.399999618530273,72154900,CCET
2024-12-26,9.050834655761719,9.600000381469727,9.850000381469727,9.199999809265137,9.199999809265137,126883600,CCET
2024-12-27,9.192255020141602,9.75,9.800000190734863,9.600000381469727,9.600000381469727,60964500,CCET
2024-12-30,9.522233009338379,10.100000381469727,10.100000381469727,9.649999618530273,9.649999618530273,153285600,CCET
2025-01-02,9.28653335571289,9.850000381469727,10.5,9.800000190734863,10.300000190734863,104965200,CCET
2025-01-03,9.380812644958496,9.949999809265137,10.100000381469727,9.850000381469727,9.949999809265137,54656400,CCET
2025-01-06,9.522233009338379,10.100000381469727,10.100000381469727,9.800000190734863,9.949999809265137,50308300,CCET
2025-01-07,9.522233009338379,10.100000381469727,10.300000190734863,9.949999809265137,10.100000381469727,53267400,CCET
2025-01-08,9.28653335571289,9.850000381469727,10.199999809265137,9.699999809265137,10.199999809265137,50133300,CCET
2025-01-09,8.862276077270508,9.399999618530273,9.850000381469727,9.350000381469727,9.850000381469727,91852000,CCET
2025-01-10,9.050834655761719,9.600000381469727,9.699999809265137,9.399999618530273,9.399999618530273,47593200,CCET
2025-01-13,8.95655632019043,9.5,9.600000381469727,9.300000190734863,9.5,52012400,CCET
2025-01-14,8.48515796661377,9.0,9.649999618530273,8.800000190734863,9.649999618530273,105112900,CCET
2025-01-15,7.919480323791504,8.399999618530273,9.050000190734863,8.199999809265137,8.949999809265137,187966800,CCET
2025-01-16,7.778061866760254,8.25,8.600000381469727,8.050000190734863,8.550000190734863,123853300,CCET
2025-01-17,7.400943279266357,7.849999904632568,8.25,7.75,8.199999809265137,172809200,CCET
2025-01-20,7.919480323791504,8.399999618530273,8.550000190734863,7.900000095367432,7.900000095367432,114681300,CCET
2025-01-21,8.249459266662598,8.75,8.800000190734863,8.550000190734863,8.550000190734863,125423400,CCET
2025-01-22,8.155179977416992,8.649999618530273,8.850000381469727,8.600000381469727,8.699999809265137,56362400,CCET
2025-01-23,8.343738555908203,8.850000381469727,9.25,8.699999809265137,8.699999809265137,142982200,CCET
2025-01-24,8.390876770019531,8.899999618530273,9.050000190734863,8.75,9.0,67817000,CCET
2025-01-27,7.966619968414307,8.449999809265137,8.850000381469727,8.449999809265137,8.800000190734863,74003500,CCET
2025-01-28,7.730922222137451,8.199999809265137,8.300000190734863,7.550000190734863,8.149999618530273,182109600,CCET
2025-01-29,7.495222568511963,7.949999809265137,8.5,7.949999809265137,8.399999618530273,101433400,CCET
2025-01-30,7.1652445793151855,7.599999904632568,8.050000190734863,7.300000190734863,7.949999809265137,187121200,CCET
2025-01-31,7.212384223937988,7.650000095367432,7.75,7.349999904632568,7.599999904632568,119586000,CCET
2025-02-03,7.259523868560791,7.699999809265137,7.75,6.949999809265137,7.099999904632568,128919200,CCET
2025-02-04,7.1652445793151855,7.599999904632568,7.949999809265137,7.550000190734863,7.800000190734863,79996100,CCET
2025-02-05,7.259523868560791,7.699999809265137,7.900000095367432,7.599999904632568,7.699999809265137,82186800,CCET
2025-02-06,7.023824691772461,7.449999809265137,7.849999904632568,7.449999809265137,7.800000190734863,116061800,CCET
2025-02-07,7.400943279266357,7.849999904632568,7.900000095367432,7.25,7.5,157757000,CCET
2025-02-10,6.882405757904053,7.300000190734863,7.75,7.25,7.75,131329800,CCET
2025-02-11,7.6366424560546875,8.100000381469727,8.199999809265137,7.400000095367432,7.449999809265137,141042100,CCET
2025-02-13,7.495222568511963,7.949999809265137,8.350000381469727,7.849999904632568,8.100000381469727,102929200,CCET
2025-02-14,7.118105411529541,7.550000190734863,8.100000381469727,7.550000190734863,8.100000381469727,98190400,CCET
2025-02-17,7.070964813232422,7.5,7.650000095367432,6.800000190734863,7.0,115554000,CCET
2025-02-18,6.835265636444092,7.25,7.550000190734863,7.25,7.5,93610700,CCET
2025-02-19,6.788126468658447,7.199999809265137,7.449999809265137,7.099999904632568,7.300000190734863,83059000,CCET
2025-02-20,6.835265636444092,7.25,7.5,7.099999904632568,7.199999809265137,93057200,CCET
2025-02-21,6.552427291870117,6.949999809265137,7.349999904632568,6.949999809265137,7.300000190734863,60939000,CCET
2025-02-24,6.552427291870117,6.949999809265137,7.050000190734863,6.849999904632568,6.849999904632568,62082750,CCET
2025-02-25,6.45814847946167,6.849999904632568,6.949999809265137,6.699999809265137,6.900000095367432,60958000,CCET
2025-02-26,6.59956693649292,7.0,7.050000190734863,6.550000190734863,6.949999809265137,84918900,CCET
2025-02-27,6.222448825836182,6.599999904632568,7.050000190734863,6.550000190734863,6.949999809265137,50853000,CCET
2025-02-28,5.515352249145508,5.849999904632568,6.050000190734863,5.400000095367432,5.849999904632568,266436300,CCET
2025-03-03,5.892470836639404,6.25,6.349999904632568,5.949999809265137,6.0,130529700,CCET
2025-03-04,5.751051902770996,6.099999904632568,6.300000190734863,6.0,6.050000190734863,87498300,CCET
2025-03-05,6.175309181213379,6.550000190734863,6.599999904632568,6.199999809265137,6.199999809265137,84248700,CCET
2025-03-06,6.081029415130615,6.449999809265137,6.75,6.449999809265137,6.550000190734863,100495800,CCET
2025-03-07,6.363868236541748,6.75,6.900000095367432,6.400000095367432,6.449999809265137,105681800,CCET
2025-03-10,5.986750602722168,6.349999904632568,6.75,6.300000190734863,6.699999809265137,69228100,CCET
2025-03-11,6.0338897705078125,6.400000095367432,6.5,6.199999809265137,6.199999809265137,70902600,CCET
2025-03-12,5.6096320152282715,5.949999809265137,6.400000095367432,5.800000190734863,6.400000095367432,109878400,CCET
2025-03-13,5.845330715179443,6.199999809265137,6.349999904632568,6.099999904632568,6.150000095367432,82868200,CCET
2025-03-14,6.128170013427734,6.5,6.650000095367432,6.199999809265137,6.300000190734863,90275400,CCET
2025-03-17,5.845330715179443,6.199999809265137,6.800000190734863,6.150000095367432,6.650000095367432,96578100,CCET
2025-03-18,5.939610958099365,6.300000190734863,6.449999809265137,6.199999809265137,6.349999904632568,46216800,CCET
2025-03-19,6.016623497009277,6.25,6.400000095367432,6.150000095367432,6.199999809265137,45023400,CCET
2025-03-20,5.82409143447876,6.050000190734863,6.550000190734863,6.0,6.300000190734863,79770000,CCET
2025-03-21,5.968490123748779,6.199999809265137,6.25,6.050000190734863,6.150000095367432,114582800,CCET
2025-03-24,5.9203572273254395,6.150000095367432,6.300000190734863,6.050000190734863,6.300000190734863,30514600,CCET
2025-03-25,5.9203572273254395,6.150000095367432,6.300000190734863,6.050000190734863,6.25,54943700,CCET
2025-03-26,6.2091546058654785,6.449999809265137,6.599999904632568,6.150000095367432,6.150000095367432,94911900,CCET
2025-03-27,6.305420875549316,6.550000190734863,6.650000095367432,6.349999904632568,6.449999809265137,64183800,CCET
2025-03-28,5.82409143447876,6.050000190734863,6.5,6.050000190734863,6.5,59948900,CCET
2025-03-31,5.631558895111084,5.849999904632568,6.050000190734863,5.849999904632568,5.849999904632568,58043000,CCET
2025-04-01,5.583425998687744,5.800000190734863,6.0,5.800000190734863,5.949999809265137,39149000,CCET
2025-04-02,5.631558895111084,5.849999904632568,5.949999809265137,5.800000190734863,5.849999904632568,36052800,CCET
2025-04-03,5.198362350463867,5.400000095367432,5.650000095367432,5.150000095367432,5.400000095367432,115970800,CCET
2025-04-04,4.95769739151001,5.150000095367432,5.349999904632568,5.099999904632568,5.300000190734863,49324100,CCET
2025-04-08,4.56300687789917,4.739999771118164,4.860000133514404,4.400000095367432,4.619999885559082,130702900,CCET
2025-04-09,4.678526401519775,4.860000133514404,4.900000095367432,4.539999961853027,4.71999979019165,99598800,CCET
2025-04-10,5.0539631843566895,5.25,5.550000190734863,5.199999809265137,5.400000095367432,129146600,CCET
2025-04-11,4.86143159866333,5.050000190734863,5.25,5.050000190734863,5.150000095367432,43649000,CCET
2025-04-16,4.90956449508667,5.099999904632568,5.349999904632568,5.0,5.300000190734863,57383000,CCET
2025-04-17,5.198362350463867,5.400000095367432,5.400000095367432,5.099999904632568,5.150000095367432,42841100,CCET
2025-04-18,5.342761516571045,5.550000190734863,5.650000095367432,5.349999904632568,5.400000095367432,61735900,CCET
2025-04-21,5.005829811096191,5.199999809265137,5.5,5.199999809265137,5.449999809265137,44532900,CCET
2025-04-22,5.150228977203369,5.349999904632568,5.400000095367432,5.150000095367432,5.150000095367432,30477200,CCET
2025-04-23,5.342761516571045,5.550000190734863,5.75,5.449999809265137,5.5,106204700,CCET
2025-04-24,5.342761516571045,5.550000190734863,5.650000095367432,5.5,5.5,57712000,CCET
2025-04-25,5.631558895111084,5.849999904632568,5.949999809265137,5.650000095367432,5.650000095367432,94544300,CCET
2025-04-28,5.631558895111084,5.849999904632568,6.150000095367432,5.849999904632568,6.0,77057000,CCET
2025-04-29,5.679692268371582,5.900000095367432,6.0,5.75,5.849999904632568,51349000,CCET
2025-04-30,5.727824687957764,5.949999809265137,6.0,5.800000190734863,5.900000095367432,56946600,CCET
2025-05-02,5.775958061218262,6.0,6.300000190734863,5.949999809265137,6.150000095367432,95731900,CCET
2025-05-06,5.583425998687744,5.800000190734863,6.050000190734863,5.800000190734863,6.050000190734863,48631800,CCET
2025-05-07,6.2091546058654785,6.449999809265137,6.5,5.900000095367432,5.900000095367432,134141000,CCET
2025-05-08,6.738617897033691,7.0,7.099999904632568,6.400000095367432,6.449999809265137,201399200,CCET
2025-05-09,6.738617897033691,7.0,7.300000190734863,6.75,7.050000190734863,150296900,CCET
2025-05-13,6.786750793457031,7.050000190734863,7.300000190734863,7.050000190734863,7.199999809265137,100634700,CCET
2025-05-14,6.834883213043213,7.099999904632568,7.199999809265137,6.849999904632568,7.0,79750800,CCET
2025-05-15,6.161021709442139,6.400000095367432,7.099999904632568,6.400000095367432,7.099999904632568,175121400,CCET
2025-05-16,6.016623497009277,6.25,6.550000190734863,6.25,6.449999809265137,94966600,CCET
2025-05-19,5.82409143447876,6.050000190734863,6.349999904632568,6.0,6.199999809265137,100180900,CCET
2025-05-20,5.775958061218262,6.0,6.300000190734863,6.0,6.150000095367432,73042700,CCET
2025-05-21,5.679692268371582,5.900000095367432,6.099999904632568,5.900000095367432,6.050000190734863,81883500,CCET
2025-05-22,5.583425998687744,5.800000190734863,6.0,5.800000190734863,5.900000095367432,34139600,CCET
2025-05-23,5.439027786254883,5.650000095367432,5.900000095367432,5.650000095367432,5.849999904632568,38588300,CCET
2025-05-26,5.535293102264404,5.75,5.800000190734863,5.400000095367432,5.699999809265137,58733800,CCET
2025-05-27,5.342761516571045,5.550000190734863,5.75,5.5,5.75,52065700,CCET
2025-05-28,5.246495246887207,5.449999809265137,5.75,5.449999809265137,5.599999904632568,59090800,CCET
2025-05-29,5.390894412994385,5.599999904632568,5.949999809265137,5.550000190734863,5.800000190734863,106719000,CCET
2025-05-30,5.294628620147705,5.5,5.599999904632568,5.400000095367432,5.449999809265137,54393800,CCET
2025-06-04,4.90956449508667,5.099999904632568,5.5,4.980000019073486,5.5,91879400,CCET
2025-06-05,4.90956449508667,5.099999904632568,5.199999809265137,5.0,5.199999809265137,40148700,CCET
2025-06-06,4.90956449508667,5.099999904632568,5.099999904632568,4.980000019073486,5.099999904632568,32078200,CCET
2025-06-09,4.90956449508667,5.099999904632568,5.25,5.050000190734863,5.150000095367432,43950900,CCET
2025-06-10,5.0539631843566895,5.25,5.449999809265137,5.199999809265137,5.199999809265137,61415500,CCET
2025-06-11,5.0539631843566895,5.25,5.349999904632568,5.25,5.349999904632568,35200700,CCET
2025-06-12,4.813298225402832,5.0,5.300000190734863,5.0,5.25,41036800,CCET
2025-06-13,4.7555389404296875,4.940000057220459,5.0,4.860000133514404,4.940000057220459,42852100,CCET
2025-06-16,4.7170329093933105,4.900000095367432,4.980000019073486,4.760000228881836,4.940000057220459,46217200,CCET
2025-06-17,4.678526401519775,4.860000133514404,4.960000038146973,4.840000152587891,4.920000076293945,30515100,CCET
2025-06-18,4.7555389404296875,4.940000057220459,5.099999904632568,4.840000152587891,4.840000152587891,69754800,CCET
2025-06-19,4.64001989364624,4.820000171661377,4.940000057220459,4.800000190734863,4.880000114440918,51980200,CCET
2025-06-20,4.794045448303223,4.980000019073486,5.050000190734863,4.800000190734863,4.800000190734863,95969200,CCET
2025-06-23,4.86143159866333,5.050000190734863,5.050000190734863,4.860000133514404,4.900000095367432,49111400,CCET
2025-06-24,5.246495246887207,5.449999809265137,5.449999809265137,5.150000095367432,5.150000095367432,66233600,CCET
2025-06-25,5.390894412994385,5.599999904632568,5.599999904632568,5.300000190734863,5.400000095367432,51264900,CCET
2025-06-26,5.198362350463867,5.400000095367432,5.699999809265137,5.349999904632568,5.550000190734863,52827400,CCET
2025-06-27,5.1020965576171875,5.300000190734863,5.5,5.25,5.449999809265137,35379900,CCET
2025-06-30,5.246495246887207,5.449999809265137,5.449999809265137,5.099999904632568,5.349999904632568,49246200,CCET
2025-07-01,5.294628620147705,5.5,5.599999904632568,5.349999904632568,5.5,42106600,CCET
2025-07-02,5.150228977203369,5.349999904632568,5.5,5.300000190734863,5.400000095367432,38648100,CCET
2025-07-03,5.631558895111084,5.849999904632568,5.900000095367432,5.400000095367432,5.400000095367432,110122700,CCET
2025-07-04,5.775958061218262,6.0,6.199999809265137,5.75,5.949999809265137,110120900,CCET
2025-07-07,5.82409143447876,6.050000190734863,6.050000190734863,5.650000095367432,5.75,100849600,CCET
2025-07-08,5.631558895111084,5.849999904632568,6.050000190734863,5.75,5.800000190734863,76387000,CCET
2025-07-09,5.439027786254883,5.650000095367432,5.849999904632568,5.599999904632568,5.849999904632568,58187500,CCET
2025-07-11,5.390894412994385,5.599999904632568,5.75,5.550000190734863,5.699999809265137,61590400,CCET
2025-07-14,5.390894412994385,5.599999904632568,5.650000095367432,5.400000095367432,5.599999904632568,61305700,CCET
2025-07-15,5.775958061218262,6.0,6.050000190734863,5.650000095367432,5.699999809265137,75415000,CCET
2025-07-16,5.8722243309021,6.099999904632568,6.199999809265137,5.949999809265137,6.0,92646600,CCET
2025-07-17,6.257287979125977,6.5,6.5,6.150000095367432,6.199999809265137,144447700,CCET
2025-07-18,6.305420875549316,6.550000190734863,6.699999809265137,6.400000095367432,6.550000190734863,90057500,CCET
2025-07-21,6.2091546058654785,6.449999809265137,6.75,6.400000095367432,6.650000095367432,63224300,CCET
2025-07-22,6.016623497009277,6.25,6.5,6.25,6.5,47488600,CCET
2025-07-23,6.257287979125977,6.5,6.550000190734863,6.300000190734863,6.349999904632568,53832500,CCET
2025-07-24,6.161021709442139,6.400000095367432,6.599999904632568,6.349999904632568,6.449999809265137,48184300,CCET
2025-07-25,6.2091546058654785,6.449999809265137,6.550000190734863,6.300000190734863,6.349999904632568,30145000,CCET
2025-07-29,6.449820041656494,6.699999809265137,6.75,6.400000095367432,6.5,73331900,CCET
2025-07-30,6.690485000610352,6.949999809265137,6.949999809265137,6.599999904632568,6.75,66886000,CCET
2025-07-31,6.401687145233154,6.650000095367432,6.949999809265137,6.650000095367432,6.900000095367432,79024300,CCET
2025-08-01,6.546086311340332,6.800000190734863,7.099999904632568,6.699999809265137,6.849999904632568,147599700,CCET
2025-08-04,6.546086311340332,6.800000190734863,6.900000095367432,6.550000190734863,6.800000190734863,49632900,CCET
2025-08-05,6.642352104187012,6.900000095367432,7.050000190734863,6.849999904632568,6.849999904632568,47232800,CCET
2025-08-06,6.497952938079834,6.75,6.949999809265137,6.75,6.849999904632568,61445100,CCET
2025-08-07,6.353553771972656,6.599999904632568,6.849999904632568,6.599999904632568,6.800000190734863,30569000,CCET
2025-08-08,6.353553771972656,6.599999904632568,6.75,6.5,6.599999904632568,24128200,CCET
2025-08-13,6.353553771972656,6.599999904632568,6.699999809265137,6.550000190734863,6.699999809265137,41887100,CCET
2025-08-14,5.9203572273254395,6.150000095367432,6.5,6.099999904632568,6.5,54485100,CCET
2025-08-15,6.016623497009277,6.25,6.400000095367432,6.150000095367432,6.25,44089900,CCET
2025-08-18,5.9203572273254395,6.150000095367432,6.300000190734863,6.099999904632568,6.199999809265137,24010000,CCET
2025-08-19,5.775958061218262,6.0,6.25,6.0,6.150000095367432,26083100,CCET
2025-08-20,5.679692268371582,5.900000095367432,5.949999809265137,5.699999809265137,5.949999809265137,63517900,CCET
2025-08-21,5.82409143447876,6.050000190734863,6.150000095367432,5.800000190734863,5.949999809265137,65383200,CCET
2025-08-22,5.9203572273254395,6.150000095367432,6.300000190734863,6.099999904632568,6.099999904632568,63109700,CCET
2025-08-25,5.8722243309021,6.099999904632568,6.300000190734863,6.099999904632568,6.25,22130800,CCET
2025-08-26,5.727824687957764,5.949999809265137,6.150000095367432,5.900000095367432,6.050000190734863,37483700,CCET
2025-08-27,5.679692268371582,5.900000095367432,6.099999904632568,5.900000095367432,6.0,33328400,CCET
2025-08-28,5.69917631149292,5.849999904632568,5.949999809265137,5.800000190734863,5.849999904632568,14946200,CCET
2025-08-29,5.650465965270996,5.800000190734863,5.949999809265137,5.75,5.849999904632568,19970600,CCET
2025-09-01,5.601755142211914,5.75,5.849999904632568,5.699999809265137,5.75,30285800,CCET
2025-09-02,5.650465965270996,5.800000190734863,5.849999904632568,5.75,5.800000190734863,14581100,CCET
2025-09-03,5.650465965270996,5.800000190734863,5.900000095367432,5.75,5.800000190734863,28144600,CCET
2025-09-04,5.553043842315674,5.699999809265137,5.900000095367432,5.699999809265137,5.849999904632568,22348100,CCET
2025-09-05,5.650465965270996,5.800000190734863,5.849999904632568,5.699999809265137,5.75,19428000,CCET
2025-09-08,5.553043842315674,5.699999809265137,5.849999904632568,5.699999809265137,5.800000190734863,28126800,CCET
2025-09-09,5.650465965270996,5.800000190734863,5.900000095367432,5.699999809265137,5.75,30741700,CCET
2025-09-10,5.650465965270996,5.800000190734863,5.849999904632568,5.75,5.800000190734863,16454400,CCET
2025-09-11,5.9427313804626465,6.099999904632568,6.099999904632568,5.849999904632568,5.849999904632568,58285100,CCET
2025-09-12,5.8940205574035645,6.050000190734863,6.25,6.050000190734863,6.199999809265137,59725200,CCET
2025-09-15,5.9427313804626465,6.099999904632568,6.150000095367432,6.050000190734863,6.099999904632568,31804400,CCET
2025-09-16,5.9427313804626465,6.099999904632568,6.199999809265137,6.0,6.099999904632568,37904000,CCET
2025-09-17,5.845309257507324,6.0,6.099999904632568,6.0,6.099999904632568,24190100,CCET
2025-09-18,5.9914422035217285,6.150000095367432,6.199999809265137,6.0,6.050000190734863,53990100,CCET
2025-09-19,5.845309257507324,6.0,6.150000095367432,6.0,6.099999904632568,26209200,CCET
2025-09-22,5.601755142211914,5.75,6.050000190734863,5.699999809265137,6.050000190734863,41375700,CCET
2025-09-23,5.650465965270996,5.800000190734863,5.949999809265137,5.75,5.800000190734863,33219300,CCET
2025-09-24,5.553043842315674,5.699999809265137,5.849999904632568,5.699999809265137,5.800000190734863,25233900,CCET
2025-09-25,5.650465965270996,5.800000190734863,5.849999904632568,5.75,5.75,15017400,CCET
2025-09-26,5.601755142211914,5.75,5.800000190734863,5.699999809265137,5.800000190734863,15103700,CCET
2025-09-29,5.601755142211914,5.75,5.800000190734863,5.699999809265137,5.75,12631900,CCET
2025-09-30,5.358200550079346,5.5,5.800000190734863,5.449999809265137,5.75,32669000,CCET
2025-10-01,5.114645481109619,5.25,5.550000190734863,5.150000095367432,5.5,98465900,CCET
2025-10-02,5.212067604064941,5.349999904632568,5.449999809265137,5.25,5.300000190734863,31525500,CCET
2025-10-03,5.212067604064941,5.349999904632568,5.449999809265137,5.25,5.400000095367432,28398600,CCET
2025-10-06,5.9427313804626465,6.099999904632568,6.150000095367432,5.199999809265137,5.349999904632568,170877600,CCET
2025-10-07,5.9427313804626465,6.099999904632568,6.099999904632568,6.099999904632568,6.099999904632568,0,CCET
2025-10-08,5.69917631149292,5.849999904632568,6.099999904632568,5.800000190734863,6.050000190734863,68961700,CCET
2025-10-09,5.9427313804626465,6.099999904632568,6.349999904632568,5.949999809265137,5.949999809265137,118683400,CCET
2025-10-10,5.747888088226318,5.900000095367432,6.099999904632568,5.849999904632568,6.0,48475400,CCET
2025-10-14,5.601755142211914,5.75,6.0,5.75,5.900000095367432,35753500,CCET
2025-10-15,5.69917631149292,5.849999904632568,5.900000095367432,5.699999809265137,5.800000190734863,34284300,CCET
2025-10-16,5.601755142211914,5.75,5.949999809265137,5.75,5.849999904632568,23347700,CCET
2025-10-17,5.69917631149292,5.849999904632568,6.050000190734863,5.75,5.75,53870100,CCET
2025-10-20,5.553043842315674,5.699999809265137,5.900000095367432,5.699999809265137,5.849999904632568,20261600,CCET
2025-10-21,5.8940205574035645,6.050000190734863,6.099999904632568,5.800000190734863,5.800000190734863,55774800,CCET
2025-10-22,5.9427313804626465,6.099999904632568,6.199999809265137,6.0,6.0,54484600,CCET
2025-10-24,5.9427313804626465,6.099999904632568,6.199999809265137,6.050000190734863,6.150000095367432,23330700,CCET
2025-10-27,6.137575149536133,6.300000190734863,6.449999809265137,6.199999809265137,6.25,105151500,CCET
2025-10-28,5.9914422035217285,6.150000095367432,6.400000095367432,6.150000095367432,6.349999904632568,39536900,CCET
2025-10-29,5.9427313804626465,6.099999904632568,6.199999809265137,6.050000190734863,6.199999809265137,27212000,CCET
2025-10-30,5.9427313804626465,6.099999904632568,6.150000095367432,5.900000095367432,6.0,32331900,CCET
2025-10-31,5.9427313804626465,6.099999904632568,6.150000095367432,5.949999809265137,6.050000190734863,16434600,CCET
2025-11-03,5.8940205574035645,6.050000190734863,6.199999809265137,6.050000190734863,6.150000095367432,16494700,CCET
2025-11-04,5.845309257507324,6.0,6.099999904632568,5.800000190734863,6.050000190734863,25556200,CCET
2025-11-05,5.650465965270996,5.800000190734863,5.949999809265137,5.800000190734863,5.900000095367432,35239200,CCET
2025-11-06,5.796598434448242,5.949999809265137,6.0,5.849999904632568,5.900000095367432,19223800,CCET
2025-11-07,5.650465965270996,5.800000190734863,5.949999809265137,5.800000190734863,5.900000095367432,14095700,CCET
2025-11-10,5.650465965270996,5.800000190734863,5.849999904632568,5.699999809265137,5.849999904632568,13260100,CCET
2025-11-11,5.358200550079346,5.5,5.800000190734863,5.449999809265137,5.800000190734863,46696700,CCET
2025-11-12,5.309488773345947,5.449999809265137,5.599999904632568,5.400000095367432,5.5,18932500,CCET
2025-11-13,5.065934658050537,5.199999809265137,5.449999809265137,5.150000095367432,5.400000095367432,31148100,CCET
2025-11-14,4.968513011932373,5.099999904632568,5.150000095367432,4.980000019073486,5.0,23523700,CCET
2025-11-17,5.114645481109619,5.25,5.25,5.0,5.050000190734863,9651400,CCET
2025-11-18,5.017223834991455,5.150000095367432,5.199999809265137,5.099999904632568,5.150000095367432,8060700,CCET
2025-11-19,4.968513011932373,5.099999904632568,5.199999809265137,5.050000190734863,5.150000095367432,7465600,CCET
2025-11-20,4.919802188873291,5.050000190734863,5.25,5.050000190734863,5.25,10479300,CCET
2025-11-21,4.832122325897217,4.960000038146973,5.050000190734863,4.940000057220459,5.0,16666200,CCET
2025-11-24,4.773669719696045,4.900000095367432,5.050000190734863,4.900000095367432,4.980000019073486,21732400,CCET
2025-11-25,4.715216636657715,4.840000152587891,5.0,4.840000152587891,4.980000019073486,22306500,CCET
2025-11-26,4.539856433868408,4.659999847412109,4.940000057220459,4.619999885559082,4.900000095367432,41265000,CCET
2025-11-27,4.481403827667236,4.599999904632568,4.739999771118164,4.579999923706055,4.679999828338623,19800400,CCET
2025-11-28,4.500888347625732,4.619999885559082,4.679999828338623,4.539999961853027,4.619999885559082,21395100,CCET
2025-12-01,4.812638282775879,4.940000057220459,5.050000190734863,4.599999904632568,4.619999885559082,49187200,CCET
2025-12-02,4.793153762817383,4.920000076293945,5.050000190734863,4.860000133514404,4.980000019073486,25900800,CCET
2025-12-03,4.715216636657715,4.840000152587891,4.960000038146973,4.840000152587891,4.900000095367432,13357900,CCET
2025-12-04,4.637279033660889,4.760000228881836,4.900000095367432,4.71999979019165,4.840000152587891,16430500,CCET
2025-12-08,4.559340953826904,4.679999828338623,4.820000171661377,4.679999828338623,4.760000228881836,9201100,CCET
2025-12-09,4.656763553619385,4.78000020980835,4.840000152587891,4.71999979019165,4.71999979019165,11722300,CCET
2025-12-11,4.500888347625732,4.619999885559082,4.820000171661377,4.599999904632568,4.820000171661377,20066800,CCET
2025-12-12,4.500888347625732,4.619999885559082,4.699999809265137,4.599999904632568,4.639999866485596,11998800,CCET
2025-12-15,4.539856433868408,4.659999847412109,4.659999847412109,4.539999961853027,4.579999923706055,12910000,CCET
2025-12-16,4.442435264587402,4.559999942779541,4.619999885559082,4.539999961853027,4.619999885559082,17290700,CCET
2025-12-17,4.422950744628906,4.539999961853027,4.619999885559082,4.519999980926514,4.579999923706055,13794800,CCET
2025-12-18,4.306044578552246,4.420000076293945,4.559999942779541,4.400000095367432,4.539999961853027,13649500,CCET
2025-12-19,4.383982181549072,4.5,4.5,4.420000076293945,4.460000038146973,17822300,CCET
2025-12-22,4.598309516906738,4.71999979019165,4.78000020980835,4.579999923706055,4.579999923706055,44300600,CCET
2025-12-23,4.676247596740723,4.800000190734863,4.840000152587891,4.760000228881836,4.820000171661377,24067900,CCET
2025-12-24,4.637279033660889,4.760000228881836,4.78000020980835,4.679999828338623,4.78000020980835,19516300,CCET
2025-12-25,4.500888347625732,4.619999885559082,4.760000228881836,4.599999904632568,4.760000228881836,16657700,CCET
2025-12-26,4.442435264587402,4.559999942779541,4.659999847412109,4.559999942779541,4.619999885559082,6760400,CCET
2025-12-29,4.40346622467041,4.519999980926514,4.599999904632568,4.460000038146973,4.559999942779541,11847000,CCET
2025-12-30,4.40346622467041,4.519999980926514,4.579999923706055,4.480000019073486,4.519999980926514,12257900,CCET
2023-01-03,91.27494049072266,93.0,93.5999984741211,83.5999984741211,84.0,139164000,DELTA
2023-01-04,89.5083236694336,91.19999694824219,99.0,89.19999694824219,92.80000305175781,96624000,DELTA
2023-01-05,79.10494232177734,80.5999984741211,89.80000305175781,80.0,89.4000015258789,89514000,DELTA
2023-01-06,79.30123901367188,80.80000305175781,82.80000305175781,79.80000305175781,80.0,47353000,DELTA
2023-01-09,82.63816833496094,84.19999694824219,86.19999694824219,82.5999984741211,82.80000305175781,45375000,DELTA
2023-01-10,81.65670776367188,83.19999694824219,86.4000015258789,83.19999694824219,85.0,36992000,DELTA
2023-01-11,83.42333221435547,85.0,85.5999984741211,84.19999694824219,84.5999984741211,23654000,DELTA
2023-01-12,85.58251953125,87.19999694824219,87.19999694824219,84.4000015258789,85.80000305175781,33801000,DELTA
2023-01-13,81.46043395996094,83.0,88.19999694824219,82.5999984741211,87.5999984741211,41636000,DELTA
2023-01-16,82.83446502685547,84.4000015258789,85.5999984741211,83.0,83.5999984741211,25484000,DELTA
2023-01-17,82.63816833496094,84.19999694824219,85.19999694824219,83.80000305175781,84.4000015258789,14962000,DELTA
2023-01-18,84.40477752685547,86.0,88.0,84.80000305175781,84.80000305175781,33292000,DELTA
2023-01-19,84.60106658935547,86.19999694824219,87.0,85.0,85.0,19227000,DELTA
2023-01-20,84.40477752685547,86.0,87.19999694824219,85.19999694824219,86.80000305175781,19065000,DELTA
2023-01-23,87.34913635253906,89.0,89.4000015258789,86.19999694824219,86.5999984741211,28264000,DELTA
2023-01-24,86.76026916503906,88.4000015258789,93.4000015258789,87.80000305175781,90.5999984741211,47225000,DELTA
2023-01-25,87.74171447753906,89.4000015258789,90.19999694824219,88.5999984741211,89.19999694824219,18612000,DELTA
2023-01-26,86.17139434814453,87.80000305175781,90.4000015258789,87.4000015258789,90.0,19479000,DELTA
2023-01-27,85.58251953125,87.19999694824219,88.5999984741211,87.19999694824219,88.4000015258789,11498000,DELTA
2023-01-30,88.1343002319336,89.80000305175781,90.0,87.5999984741211,87.80000305175781,21482000,DELTA
2023-01-31,88.3305892944336,90.0,91.80000305175781,89.4000015258789,90.80000305175781,33459000,DELTA
2023-02-01,88.1343002319336,89.80000305175781,91.80000305175781,89.5999984741211,90.5999984741211,17673000,DELTA
2023-02-02,89.9009017944336,91.5999984741211,94.4000015258789,90.4000015258789,90.80000305175781,34237000,DELTA
2023-02-03,93.23783874511719,95.0,95.0,91.5999984741211,92.19999694824219,42615000,DELTA
2023-02-06,93.23783874511719,95.0,96.0,93.19999694824219,95.0,26845000,DELTA
2023-02-07,95.20074462890625,97.0,99.5999984741211,96.19999694824219,96.5999984741211,41226500,DELTA
2023-02-08,91.27494049072266,93.0,97.80000305175781,93.0,97.5999984741211,27700000,DELTA
2023-02-09,90.48977661132812,92.19999694824219,94.19999694824219,91.5999984741211,93.4000015258789,17657000,DELTA
2023-02-10,87.93800354003906,89.5999984741211,93.4000015258789,89.0,92.0,24925000,DELTA
2023-02-13,88.52687072753906,90.19999694824219,90.5999984741211,88.4000015258789,89.80000305175781,17161000,DELTA
2023-02-14,86.36767578125,88.0,92.4000015258789,87.80000305175781,90.80000305175781,29049000,DELTA
2023-02-15,88.7231674194336,90.4000015258789,91.19999694824219,88.80000305175781,88.80000305175781,19431000,DELTA
2023-02-16,95.78961181640625,97.5999984741211,98.80000305175781,93.0,93.4000015258789,71422500,DELTA
2023-02-17,93.43413543701172,95.19999694824219,98.80000305175781,94.5999984741211,97.5999984741211,32175500,DELTA
2023-02-20,94.02300262451172,95.80000305175781,96.4000015258789,95.0,96.19999694824219,8340500,DELTA
2023-02-21,95.20074462890625,97.0,97.19999694824219,95.4000015258789,95.80000305175781,15277000,DELTA
2023-02-22,94.80815887451172,96.5999984741211,98.0,96.0,96.5999984741211,11571000,DELTA
2023-02-23,95.00446319580078,96.80000305175781,97.19999694824219,95.80000305175781,96.5999984741211,9559000,DELTA
2023-02-24,92.45267486572266,94.19999694824219,97.4000015258789,93.5999984741211,97.0,17814500,DELTA
2023-02-27,91.86380767822266,93.5999984741211,95.19999694824219,93.4000015258789,93.5999984741211,9774500,DELTA
2023-02-28,89.89248657226562,91.19999694824219,94.80000305175781,91.0,94.0,20670000,DELTA
2023-03-01,97.18639373779297,98.5999984741211,98.80000305175781,91.5999984741211,92.19999694824219,44683000,DELTA
2023-03-02,98.56632232666016,100.0,101.5999984741211,97.0,97.80000305175781,44551500,DELTA
2023-03-03,96.20072937011719,97.5999984741211,100.19999694824219,95.19999694824219,100.0,30721500,DELTA
2023-03-07,98.17205810546875,99.5999984741211,100.5999984741211,97.80000305175781,98.19999694824219,16022500,DELTA
2023-03-08,97.58065795898438,99.0,100.19999694824219,98.19999694824219,98.80000305175781,12781500,DELTA
2023-03-09,97.97492980957031,99.4000015258789,101.0,98.5999984741211,99.0,21824000,DELTA
2023-03-10,97.77778625488281,99.19999694824219,100.19999694824219,98.4000015258789,99.19999694824219,16733000,DELTA
2023-03-13,96.39787292480469,97.80000305175781,100.19999694824219,97.5999984741211,99.4000015258789,25921500,DELTA
2023-03-14,92.06094360351562,93.4000015258789,98.4000015258789,92.5999984741211,98.4000015258789,29059500,DELTA
2023-03-15,96.00359344482422,97.4000015258789,98.0,94.5999984741211,95.0,20275000,DELTA
2023-03-16,95.80645751953125,97.19999694824219,97.80000305175781,95.80000305175781,97.4000015258789,13197500,DELTA
2023-03-17,98.17205810546875,99.5999984741211,102.0,98.4000015258789,98.5999984741211,34947500,DELTA
2023-03-20,96.59500122070312,98.0,101.19999694824219,97.19999694824219,99.19999694824219,23936000,DELTA
2023-03-21,97.38352966308594,98.80000305175781,100.19999694824219,97.80000305175781,98.0,19554000,DELTA
2023-03-22,97.97492980957031,99.4000015258789,99.80000305175781,99.0,99.80000305175781,9570000,DELTA
2023-03-23,97.38352966308594,98.80000305175781,100.19999694824219,98.4000015258789,99.5999984741211,8378000,DELTA
2023-03-24,97.97492980957031,99.4000015258789,100.5999984741211,99.0,99.0,14989000,DELTA
2023-03-27,97.77778625488281,99.19999694824219,99.80000305175781,98.5999984741211,99.80000305175781,6355000,DELTA
2023-03-28,96.39787292480469,97.80000305175781,99.5999984741211,97.80000305175781,99.5999984741211,14300000,DELTA
2023-03-29,99.15771484375,100.5999984741211,100.5999984741211,98.19999694824219,98.4000015258789,24387500,DELTA
2023-03-30,108.4229507446289,110.0,110.80000305175781,99.80000305175781,100.4000015258789,55501500,DELTA
2023-03-31,112.562744140625,114.19999694824219,115.4000015258789,108.0,110.0,46606500,DELTA
2023-04-03,95.60932922363281,97.0,109.4000015258789,96.4000015258789,108.0,25985500,DELTA
2023-04-04,95.01793670654297,96.4000015258789,98.4000015258789,95.19999694824219,96.0,8771500,DELTA
2023-04-05,86.93549346923828,88.19999694824219,97.0,87.0,96.19999694824219,17645000,DELTA
2023-04-07,90.0896224975586,91.4000015258789,93.4000015258789,86.80000305175781,89.0,10316500,DELTA
2023-04-10,95.41220092773438,96.80000305175781,96.80000305175781,89.80000305175781,90.5999984741211,8328000,DELTA
2023-04-11,95.2150650024414,96.5999984741211,98.19999694824219,95.19999694824219,98.0,6859000,DELTA
2023-04-12,93.63800811767578,95.0,96.5999984741211,91.4000015258789,96.5999984741211,10879000,DELTA
2023-04-17,95.01793670654297,96.4000015258789,97.4000015258789,94.5999984741211,95.0,5955500,DELTA
2023-04-18,94.4265365600586,95.80000305175781,96.5999984741211,95.4000015258789,96.19999694824219,3588500,DELTA
2023-04-19,95.80645751953125,97.19999694824219,98.0,92.80000305175781,95.19999694824219,12648500,DELTA
2023-04-20,94.62367248535156,96.0,97.0,95.5999984741211,96.5999984741211,4697500,DELTA
2023-04-21,87.7240219116211,89.0,96.0,86.0,95.4000015258789,16452000,DELTA
2023-04-24,89.30107879638672,90.5999984741211,92.4000015258789,88.80000305175781,89.0,14154000,DELTA
2023-04-25,87.52689361572266,88.80000305175781,91.5999984741211,88.5999984741211,91.0,14167500,DELTA
2023-04-26,88.3154296875,89.5999984741211,92.0,86.19999694824219,91.5999984741211,16673000,DELTA
2023-04-27,73.72761535644531,74.80000305175781,86.4000015258789,74.80000305175781,86.19999694824219,48980000,DELTA
2023-04-28,71.70700073242188,72.75,80.0,70.5,74.75,36755500,DELTA
2023-05-02,75.40322875976562,76.5,77.0,72.75,74.0,17801400,DELTA
2023-05-03,75.40322875976562,76.5,76.75,73.25,75.0,26056700,DELTA
2023-05-08,78.60664367675781,79.75,79.75,76.5,78.0,19641700,DELTA
2023-05-09,77.62097930908203,78.75,79.75,77.0,79.5,14717500,DELTA
2023-05-10,76.8817367553711,78.0,79.25,75.75,79.25,19648600,DELTA
2023-05-11,76.38890075683594,77.5,79.75,77.25,79.5,13056300,DELTA
2023-05-12,76.14248657226562,77.25,78.0,75.5,77.25,10968800,DELTA
2023-05-15,80.57797241210938,81.75,82.25,77.75,79.0,22118400,DELTA
2023-05-16,79.09947204589844,80.25,82.5,80.0,81.25,10931100,DELTA
2023-05-17,79.34589385986328,80.5,82.25,79.25,81.0,11858500,DELTA
2023-05-18,86.24553680419922,87.5,89.75,81.0,81.25,33926900,DELTA
2023-05-19,87.7240219116211,89.0,89.5,87.25,88.5,16784900,DELTA
2023-05-22,90.92743682861328,92.25,93.0,87.0,88.0,23421200,DELTA
2023-05-23,85.75270080566406,87.0,92.25,86.0,92.0,32843600,DELTA
2023-05-24,86.73836517333984,88.0,88.75,85.5,85.75,14999800,DELTA
2023-05-25,92.65234375,94.0,95.75,90.0,90.0,41948400,DELTA
2023-05-26,91.91310119628906,93.25,95.75,93.25,94.0,20184800,DELTA
2023-05-29,94.87008666992188,96.25,96.75,94.75,95.0,14468200,DELTA
2023-05-30,95.3629150390625,96.75,98.0,96.25,97.5,12385500,DELTA
2023-05-31,97.58065795898438,99.0,96.75,93.75,95.5,18492300,DELTA
2023-06-01,96.59500122070312,98.0,100.5,97.75,99.0,20910100,DELTA
2023-06-02,97.58065795898438,99.0,101.0,98.75,99.25,14164600,DELTA
2023-06-06,100.04481506347656,101.5,103.0,100.0,100.0,19575300,DELTA
2023-06-07,99.05915832519531,100.5,103.0,100.0,102.5,14842400,DELTA
2023-06-08,102.01614379882812,103.5,103.5,98.75,100.5,15970800,DELTA
2023-06-09,96.59500122070312,98.0,102.5,97.75,102.0,22637200,DELTA
2023-06-12,98.31990814208984,99.75,100.5,97.75,97.75,8687500,DELTA
2023-06-13,100.53764343261719,102.0,102.5,100.0,100.5,13463000,DELTA
2023-06-14,100.53764343261719,102.0,103.5,101.0,103.0,5995500,DELTA
2023-06-15,109.90145111083984,111.5,113.0,102.0,102.5,37758300,DELTA
2023-06-16,109.90145111083984,111.5,115.0,108.5,113.0,21761400,DELTA
2023-06-19,115.8154296875,117.5,119.5,110.5,111.5,17793300,DELTA
2023-06-20,94.1308364868164,95.5,103.0,90.75,100.0,43150700,DELTA
2023-06-21,94.87008666992188,96.25,96.5,91.5,93.75,13837900,DELTA
2023-06-22,96.10216522216797,97.5,98.25,95.0,97.25,5786900,DELTA
2023-06-23,97.3342514038086,98.75,99.25,96.75,97.25,4605900,DELTA
2023-06-26,94.62367248535156,96.0,99.0,94.0,98.75,9264000,DELTA
2023-06-27,95.85574340820312,97.25,98.25,95.75,97.0,4108300,DELTA
2023-06-28,92.65234375,94.0,98.0,93.5,97.75,8755700,DELTA
2023-06-29,90.68101501464844,92.0,95.75,90.75,93.5,17730100,DELTA
2023-06-30,90.68101501464844,92.0,92.25,88.0,91.0,10359700,DELTA
2023-07-03,92.40592193603516,93.75,94.0,92.25,92.5,3256900,DELTA
2023-07-04,93.63800811767578,95.0,95.25,92.5,92.75,4090300,DELTA
2023-07-05,95.11649322509766,96.5,97.0,93.0,93.25,6281800,DELTA
2023-07-06,93.63800811767578,95.0,96.0,94.5,95.0,5054100,DELTA
2023-07-07,97.3342514038086,98.75,98.75,93.5,94.5,12160000,DELTA
2023-07-10,99.55198669433594,101.0,101.5,96.0,99.0,11158700,DELTA
2023-07-11,99.55198669433594,101.0,105.5,100.5,104.5,15311500,DELTA
2023-07-12,97.58065795898438,99.0,102.0,99.0,101.5,9617900,DELTA
2023-07-13,99.55198669433594,101.0,101.5,99.25,99.75,5137200,DELTA
2023-07-14,101.52330780029297,103.0,103.5,100.5,100.5,7356500,DELTA
2023-07-17,102.50897216796875,104.0,104.5,103.5,104.0,4265600,DELTA
2023-07-18,105.46595764160156,107.0,108.0,103.5,103.5,10397000,DELTA
2023-07-19,103.98747253417969,105.5,108.0,104.5,107.0,7090100,DELTA
2023-07-20,103.98747253417969,105.5,107.5,105.0,105.5,7520900,DELTA
2023-07-21,103.98747253417969,105.5,106.5,104.0,106.0,7614000,DELTA
2023-07-24,107.43729400634766,109.0,110.0,106.0,106.5,10379000,DELTA
2023-07-25,107.93012237548828,109.5,111.0,108.5,110.0,6530600,DELTA
2023-07-26,107.43729400634766,109.0,110.5,108.0,110.0,6530200,DELTA
2023-07-27,107.93012237548828,109.5,111.5,108.5,109.5,12971300,DELTA
2023-07-31,111.37994384765625,113.0,115.5,112.5,115.5,7958300,DELTA
2023-08-02,112.85843658447266,114.5,116.0,111.0,112.0,13909600,DELTA
2023-08-03,110.8871078491211,112.5,115.0,112.0,114.0,6588600,DELTA
2023-08-04,110.8871078491211,112.5,114.0,112.5,112.5,4758800,DELTA
2023-08-07,111.87277221679688,113.5,114.5,112.0,113.0,4903600,DELTA
2023-08-08,111.37994384765625,113.0,116.0,113.0,114.0,8038200,DELTA
2023-08-09,106.45162963867188,108.0,115.0,107.0,114.0,15581400,DELTA
2023-08-10,103.98747253417969,105.5,109.0,103.0,108.5,12555100,DELTA
2023-08-11,104.48030090332031,106.0,108.0,104.0,105.5,6122200,DELTA
2023-08-15,102.01614379882812,103.5,108.0,103.5,107.0,5169700,DELTA
2023-08-16,102.50897216796875,104.0,105.5,102.5,103.0,5631400,DELTA
2023-08-17,103.0018081665039,104.5,105.0,101.5,103.0,6671400,DELTA
2023-08-18,98.073486328125,99.5,104.0,99.0,103.0,12292600,DELTA
2023-08-21,99.55198669433594,101.0,102.5,98.75,101.0,7180900,DELTA
2023-08-22,103.49463653564453,105.0,106.5,101.5,103.5,14357100,DELTA
2023-08-23,101.52330780029297,103.0,106.5,103.0,106.5,10353900,DELTA
2023-08-24,108.91577911376953,110.5,111.5,105.0,105.0,27785100,DELTA
2023-08-25,105.95880126953125,107.5,109.5,105.5,109.0,16417200,DELTA
2023-08-28,104.97313690185547,106.5,110.0,106.0,108.0,9953000,DELTA
2023-08-29,107.43729400634766,109.0,109.5,107.0,108.0,7314400,DELTA
2023-08-30,107.93012237548828,109.5,111.0,109.5,110.5,9494400,DELTA
2023-08-31,106.94446563720703,108.5,110.0,106.5,109.5,8896200,DELTA
2023-09-01,108.4229507446289,110.0,112.5,108.5,108.5,11984700,DELTA
2023-09-04,107.43729400634766,109.0,110.5,108.5,110.0,3970500,DELTA
2023-09-05,107.43729400634766,109.0,109.5,107.0,109.0,4321700,DELTA
2023-09-06,106.45162963867188,108.0,109.0,107.5,108.5,4755200,DELTA
2023-09-07,105.46595764160156,107.0,109.5,106.0,107.5,4408800,DELTA
2023-09-08,103.98747253417969,105.5,107.5,105.5,107.0,4712800,DELTA
2023-09-11,103.0018081665039,104.5,107.0,104.5,106.5,4690300,DELTA
2023-09-12,106.45162963867188,108.0,110.0,105.5,105.5,8949600,DELTA
2023-09-13,104.48030090332031,106.0,107.5,105.5,107.5,5729800,DELTA
2023-09-14,106.45162963867188,108.0,110.0,106.5,106.5,9742400,DELTA
2023-09-15,106.45162963867188,108.0,108.5,107.0,108.5,4961300,DELTA
2023-09-18,104.97313690185547,106.5,107.0,103.5,106.5,9096200,DELTA
2023-09-19,104.48030090332031,106.0,106.5,105.0,106.5,3247200,DELTA
2023-09-20,104.48030090332031,106.0,107.0,104.5,106.0,4465500,DELTA
2023-09-21,103.0018081665039,104.5,106.5,103.5,106.5,9851900,DELTA
2023-09-22,105.95880126953125,107.5,108.0,104.5,105.0,8736800,DELTA
2023-09-25,103.49463653564453,105.0,108.0,104.5,107.0,7078800,DELTA
2023-09-26,102.50897216796875,104.0,106.0,104.0,104.5,6902400,DELTA
2023-09-27,101.52330780029297,103.0,103.5,102.0,103.0,2468500,DELTA
2023-09-28,102.50897216796875,104.0,105.5,102.5,103.0,11199700,DELTA
2023-09-29,81.56363677978516,82.75,96.75,82.5,95.25,259955400,DELTA
2023-10-02,85.75270080566406,87.0,89.0,81.75,82.0,59765400,DELTA
2023-10-03,84.27420806884766,85.5,86.5,84.75,86.0,20813800,DELTA
2023-10-04,82.5492935180664,83.75,85.75,82.75,85.5,17695700,DELTA
2023-10-05,83.7813720703125,85.0,86.0,83.5,84.5,19143600,DELTA
2023-10-06,79.34589385986328,80.5,85.75,80.0,85.75,23123000,DELTA
2023-10-09,77.86739349365234,79.0,80.5,75.5,79.0,34243200,DELTA
2023-10-10,82.05646514892578,83.25,83.75,80.25,81.5,19327800,DELTA
2023-10-11,84.76703643798828,86.0,86.25,82.75,84.0,18508600,DELTA
2023-10-12,83.28854370117188,84.5,86.0,84.25,86.0,12418100,DELTA
2023-10-16,81.07080078125,82.25,83.5,80.25,82.5,11295200,DELTA
2023-10-17,82.5492935180664,83.75,84.0,80.75,83.0,13230700,DELTA
2023-10-18,83.28854370117188,84.5,85.0,83.0,83.0,6645300,DELTA
2023-10-19,82.79570770263672,84.0,84.25,82.75,83.25,7598600,DELTA
2023-10-20,80.08512878417969,81.25,84.25,81.25,83.5,6893200,DELTA
2023-10-24,79.09947204589844,80.25,82.0,79.25,82.0,10163300,DELTA
2023-10-25,79.5923080444336,80.75,83.0,80.5,82.0,8977100,DELTA
2023-10-26,71.21417236328125,72.25,79.75,72.25,79.25,32800800,DELTA
2023-10-27,75.15682220458984,76.25,77.0,73.25,74.75,16699500,DELTA
2023-10-30,80.08512878417969,81.25,82.25,76.5,77.0,24796500,DELTA
2023-10-31,77.86739349365234,79.0,81.75,78.75,81.5,12645700,DELTA
2023-11-01,79.34589385986328,80.5,81.25,79.5,79.5,12351600,DELTA
2023-11-02,83.04212188720703,84.25,85.75,81.5,82.0,20439400,DELTA
2023-11-03,82.3028793334961,83.5,85.5,83.5,85.25,9924800,DELTA
2023-11-06,83.04212188720703,84.25,86.25,84.0,85.25,9013800,DELTA
2023-11-07,83.04212188720703,84.25,84.25,83.0,83.0,6657900,DELTA
2023-11-08,82.05646514892578,83.25,85.25,83.25,85.0,7503000,DELTA
2023-11-09,82.3028793334961,83.5,83.75,81.0,83.25,9610100,DELTA
2023-11-10,76.63531494140625,77.75,82.0,77.5,81.5,18989200,DELTA
2023-11-13,78.11380767822266,79.25,80.25,77.75,78.75,11157100,DELTA
2023-11-14,77.37455749511719,78.5,80.0,77.5,79.75,7305400,DELTA
2023-11-15,83.04212188720703,84.25,84.5,81.0,81.0,18449900,DELTA
2023-11-16,81.81004333496094,83.0,85.0,82.25,85.0,7624700,DELTA
2023-11-17,80.08512878417969,81.25,82.5,80.5,81.0,7445100,DELTA
2023-11-20,81.31721496582031,82.5,82.5,79.75,80.25,8708200,DELTA
2023-11-21,82.79570770263672,84.0,84.75,83.25,83.75,8341200,DELTA
2023-11-22,79.8387222290039,81.0,84.0,80.25,83.5,12475700,DELTA
2023-11-23,79.09947204589844,80.25,82.0,79.25,81.75,9109200,DELTA
2023-11-24,79.09947204589844,80.25,81.5,80.0,80.0,5875200,DELTA
2023-11-27,78.85306549072266,80.0,80.5,78.5,79.5,8378400,DELTA
2023-11-28,80.57797241210938,81.75,81.75,80.5,80.75,6590100,DELTA
2023-11-29,75.89607238769531,77.0,81.75,76.0,81.75,18296200,DELTA
2023-11-30,76.63531494140625,77.75,78.75,76.25,77.0,20222600,DELTA
2023-12-01,76.38890075683594,77.5,79.25,77.0,79.25,10186000,DELTA
2023-12-04,75.40322875976562,76.5,77.25,76.25,77.0,7938600,DELTA
2023-12-06,77.12814331054688,78.25,79.75,77.0,78.0,10398800,DELTA
2023-12-07,74.910400390625,76.0,77.75,75.75,77.0,10567900,DELTA
2023-12-08,79.8387222290039,81.0,81.25,77.25,77.25,16688600,DELTA
2023-12-12,81.81004333496094,83.0,83.25,81.25,82.5,16731800,DELTA
2023-12-13,80.33155059814453,81.5,82.25,80.5,82.0,9513100,DELTA
2023-12-14,84.5206298828125,85.75,86.0,82.5,83.5,20768600,DELTA
2023-12-15,82.05646514892578,83.25,86.0,82.5,85.75,25424000,DELTA
2023-12-18,85.2598648071289,86.5,88.0,82.25,82.5,22090000,DELTA
2023-12-19,88.95610809326172,90.25,92.75,89.5,91.0,23027300,DELTA
2023-12-20,88.46327209472656,89.75,90.75,89.25,90.25,12595400,DELTA
2023-12-21,89.69535827636719,91.0,92.75,88.25,88.5,17573600,DELTA
2023-12-22,90.68101501464844,92.0,92.25,90.75,91.5,13190500,DELTA
2023-12-25,92.65234375,94.0,95.5,92.25,92.25,21596300,DELTA
2023-12-26,92.65234375,94.0,94.5,93.5,94.25,8403500,DELTA
2023-12-27,89.94176483154297,91.25,94.25,91.25,94.0,20305800,DELTA
2023-12-28,86.73836517333984,88.0,92.25,87.75,91.25,22652500,DELTA
2024-01-03,88.70968627929688,90.0,91.0,89.5,91.0,12454600,DELTA
2024-01-04,85.75270080566406,87.0,90.75,86.75,90.25,26853100,DELTA
2024-01-05,83.04212188720703,84.25,88.0,84.25,86.75,21972100,DELTA
2024-01-08,83.28854370117188,84.5,86.0,83.75,83.75,12203200,DELTA
2024-01-09,84.02779388427734,85.25,87.75,85.0,86.75,16649700,DELTA
2024-01-10,83.7813720703125,85.0,86.25,84.75,86.25,5903500,DELTA
2024-01-11,83.04212188720703,84.25,85.75,84.0,85.25,7823900,DELTA
2024-01-12,83.7813720703125,85.0,86.0,83.5,83.5,10733900,DELTA
2024-01-15,83.53495788574219,84.75,85.75,84.25,85.25,5456100,DELTA
2024-01-16,81.81004333496094,83.0,84.5,83.0,84.5,11301900,DELTA
2024-01-17,81.56363677978516,82.75,83.75,82.0,82.25,16808400,DELTA
2024-01-18,81.81004333496094,83.0,83.75,81.5,83.5,13493600,DELTA
2024-01-19,82.79570770263672,84.0,85.5,83.25,84.25,11482200,DELTA
2024-01-22,83.04212188720703,84.25,85.25,83.25,85.0,8843100,DELTA
2024-01-23,82.05646514892578,83.25,86.0,83.0,84.5,9663500,DELTA
2024-01-24,84.02779388427734,85.25,85.25,82.5,83.0,9504900,DELTA
2024-01-25,81.31721496582031,82.5,85.25,81.25,84.5,12623400,DELTA
2024-01-26,80.82438659667969,82.0,83.25,81.5,82.5,6054600,DELTA
2024-01-29,77.86739349365234,79.0,82.5,78.0,82.5,20110500,DELTA
2024-01-30,78.85306549072266,80.0,80.5,79.5,79.75,8999000,DELTA
2024-01-31,77.62097930908203,78.75,80.0,78.5,80.0,6936000,DELTA
2024-02-01,76.8817367553711,78.0,78.75,77.5,78.5,7170900,DELTA
2024-02-02,79.5923080444336,80.75,81.5,78.75,78.75,10158700,DELTA
2024-02-05,79.34589385986328,80.5,81.0,79.5,80.25,6648700,DELTA
2024-02-06,81.56363677978516,82.75,83.25,80.0,80.0,13461200,DELTA
2024-02-07,80.57797241210938,81.75,83.5,81.75,83.0,7944500,DELTA
2024-02-08,79.5923080444336,80.75,82.25,80.75,81.0,5535100,DELTA
2024-02-09,79.34589385986328,80.5,81.5,80.5,80.5,3716800,DELTA
2024-02-12,80.08512878417969,81.25,81.75,81.0,81.25,2663900,DELTA
2024-02-13,80.82438659667969,82.0,83.25,81.5,81.5,7011800,DELTA
2024-02-14,77.86739349365234,79.0,80.5,78.25,80.25,12564300,DELTA
2024-02-15,80.33155059814453,81.5,82.0,78.75,79.5,14987600,DELTA
2024-02-16,76.38890075683594,77.5,82.5,76.75,82.5,33249100,DELTA
2024-02-19,76.8817367553711,78.0,79.0,77.5,77.5,14994200,DELTA
2024-02-20,73.6783218383789,74.75,78.25,74.0,78.25,23445100,DELTA
2024-02-21,73.92474365234375,75.0,75.75,73.0,73.5,18208400,DELTA
2024-02-22,73.18549346923828,74.25,76.75,74.0,76.0,14257200,DELTA
2024-02-23,72.69265747070312,73.75,75.25,73.5,75.25,12498000,DELTA
2024-02-27,72.69265747070312,73.75,75.0,73.25,74.5,7619300,DELTA
2024-02-28,68.01075744628906,69.0,73.0,69.0,73.0,19786200,DELTA
2024-02-29,70.22850036621094,71.25,72.25,69.25,69.25,22069100,DELTA
2024-03-01,67.02510070800781,68.0,71.5,68.0,71.25,14031100,DELTA
2024-03-04,66.03943634033203,67.0,68.75,66.75,68.0,13499500,DELTA
2024-03-05,64.5609359741211,65.5,67.5,65.25,67.25,17977900,DELTA
2024-03-06,67.51792907714844,68.5,69.0,63.25,64.0,22058000,DELTA
2024-03-07,66.97222900390625,67.5,69.5,65.75,69.25,17174700,DELTA
2024-03-08,69.70072937011719,70.25,71.0,68.0,68.25,22110700,DELTA
2024-03-11,68.21245574951172,68.75,69.75,68.25,69.5,6575400,DELTA
2024-03-12,68.21245574951172,68.75,68.75,68.75,68.75,0,DELTA
2024-03-13,68.21245574951172,68.75,69.75,68.25,69.75,8019100,DELTA
2024-03-14,68.46050262451172,69.0,69.0,67.5,68.75,6443000,DELTA
2024-03-15,68.46050262451172,69.0,69.0,69.0,69.0,0,DELTA
2024-03-18,67.71636199951172,68.25,68.75,66.75,66.75,8798700,DELTA
2024-03-19,66.22808837890625,66.75,68.0,66.75,67.5,8797800,DELTA
2024-03-20,66.22808837890625,66.75,66.75,66.75,66.75,0,DELTA
2024-03-21,71.68508911132812,72.25,72.5,68.0,68.0,26929800,DELTA
2024-03-22,71.68508911132812,72.25,72.25,72.25,72.25,0,DELTA
2024-03-25,72.42922973632812,73.0,74.75,72.25,73.0,15129300,DELTA
2024-03-26,72.42922973632812,73.0,73.0,73.0,73.0,0,DELTA
2024-03-27,72.9253158569336,73.5,74.5,73.25,73.5,5968900,DELTA
2024-03-28,72.9253158569336,73.5,73.5,73.5,73.5,0,DELTA
2024-03-29,73.91749572753906,74.5,75.25,72.5,72.75,7675100,DELTA
2024-04-01,73.91749572753906,74.5,74.75,72.75,74.25,7918500,DELTA
2024-04-02,74.41358947753906,75.0,75.5,73.75,74.0,9437600,DELTA
2024-04-03,73.4214096069336,74.0,74.5,73.5,74.25,7251200,DELTA
2024-04-04,73.4214096069336,74.0,74.0,74.0,74.0,0,DELTA
2024-04-05,72.42922973632812,73.0,74.0,72.25,72.5,6584200,DELTA
2024-04-09,72.42922973632812,73.0,73.0,73.0,73.0,0,DELTA
2024-04-10,79.12644958496094,79.75,80.75,78.5,78.5,14440600,DELTA
2024-04-11,75.65381622314453,76.25,79.25,76.0,79.25,11186300,DELTA
2024-04-17,70.94095611572266,71.5,74.0,71.25,73.5,24273800,DELTA
2024-04-18,70.94095611572266,71.5,71.5,71.5,71.5,0,DELTA
2024-04-19,70.94095611572266,71.5,71.5,71.5,71.5,0,DELTA
2024-04-22,68.95658874511719,69.5,71.25,69.25,71.0,14002800,DELTA
2024-04-23,69.45268249511719,70.0,71.0,69.5,70.25,11836100,DELTA
2024-04-24,69.45268249511719,70.0,70.0,70.0,70.0,0,DELTA
2024-04-25,72.42922973632812,73.0,73.75,71.75,71.75,10881600,DELTA
2024-04-26,73.1733627319336,73.75,74.0,73.0,73.5,8690500,DELTA
2024-04-29,69.45268249511719,70.0,73.0,68.25,73.0,27100900,DELTA
2024-04-30,69.45268249511719,70.0,71.5,70.0,70.5,13839300,DELTA
2024-05-02,68.46050262451172,69.0,71.25,69.0,70.5,17819700,DELTA
2024-05-03,69.45268249511719,70.0,70.75,69.5,70.0,6394200,DELTA
2024-05-07,69.45268249511719,70.0,70.0,70.0,70.0,0,DELTA
2024-05-08,72.67727661132812,73.25,73.75,72.5,73.5,11027500,DELTA
2024-05-09,70.94095611572266,71.5,73.0,71.5,72.75,7278300,DELTA
2024-05-10,71.18899536132812,71.75,72.5,71.25,72.25,4347600,DELTA
2024-05-13,70.19682312011719,70.75,71.5,70.5,71.5,6691400,DELTA
2024-05-14,70.69290924072266,71.25,72.25,71.0,71.25,5397700,DELTA
2024-05-15,70.69290924072266,71.25,71.25,71.25,71.25,0,DELTA
2024-05-16,70.69290924072266,71.25,71.25,71.25,71.25,0,DELTA
2024-05-17,76.14990234375,76.75,77.75,74.25,75.0,16538300,DELTA
2024-05-20,76.14990234375,76.75,76.75,76.75,76.75,0,DELTA
2024-05-21,73.91749572753906,74.5,75.5,73.75,74.75,9517600,DELTA
2024-05-23,76.39794921875,77.0,77.5,74.75,75.0,20575500,DELTA
2024-05-24,76.39794921875,77.0,77.0,77.0,77.0,0,DELTA
2024-05-27,74.41358947753906,75.0,76.5,74.5,76.0,9236900,DELTA
2024-05-28,73.66944885253906,74.25,75.75,73.75,75.5,8533400,DELTA
2024-05-29,72.67727661132812,73.25,75.0,73.0,73.75,12601800,DELTA
2024-05-30,72.67727661132812,73.25,73.25,73.25,73.25,0,DELTA
2024-05-31,72.67727661132812,73.25,73.25,73.25,73.25,0,DELTA
2024-06-04,72.67727661132812,73.25,76.25,73.0,75.75,13694200,DELTA
2024-06-05,71.9331283569336,72.5,74.25,71.25,73.75,11234800,DELTA
2024-06-06,74.90968322753906,75.5,76.25,74.0,74.25,24483400,DELTA
2024-06-07,74.90968322753906,75.5,75.5,75.5,75.5,0,DELTA
2024-06-10,73.66944885253906,74.25,74.5,72.5,74.5,12090000,DELTA
2024-06-11,74.16554260253906,74.75,75.5,73.75,74.5,10552500,DELTA
2024-06-12,77.39012908935547,78.0,78.75,74.75,74.75,25425300,DELTA
2024-06-13,77.88622283935547,78.5,79.75,78.25,79.5,17113100,DELTA
2024-06-14,79.12644958496094,79.75,80.5,77.75,78.5,15346700,DELTA
2024-06-17,78.38231658935547,79.0,79.5,77.75,79.5,9282300,DELTA
2024-06-18,78.38231658935547,79.0,79.0,79.0,79.0,0,DELTA
2024-06-19,78.38231658935547,79.0,79.0,79.0,79.0,0,DELTA
2024-06-20,86.56781005859375,87.25,87.75,85.25,87.75,24498000,DELTA
2024-06-21,84.08735656738281,84.75,87.75,84.75,85.75,28113400,DELTA
2024-06-24,85.32758331298828,86.0,86.25,83.25,83.5,14974400,DELTA
2024-06-25,85.32758331298828,86.0,86.0,86.0,86.0,0,DELTA
2024-06-26,85.32758331298828,86.0,86.0,86.0,86.0,0,DELTA
2024-06-27,83.09516906738281,83.75,84.25,83.0,84.0,10223200,DELTA
2024-06-28,82.59908294677734,83.25,84.5,83.25,84.25,11713500,DELTA
2024-07-01,82.59908294677734,83.25,83.25,83.25,83.25,0,DELTA
2024-07-02,81.35885620117188,82.0,83.75,81.25,83.0,11321900,DELTA
2024-07-03,82.10298919677734,82.75,83.75,82.0,82.25,10411100,DELTA
2024-07-04,83.83930969238281,84.5,85.0,83.75,84.25,8992800,DELTA
2024-07-05,84.58344268798828,85.25,85.75,84.25,85.0,11402800,DELTA
2024-07-08,84.58344268798828,85.25,86.0,84.25,85.5,8404500,DELTA
2024-07-09,84.58344268798828,85.25,85.25,85.25,85.25,0,DELTA
2024-07-10,85.82366943359375,86.5,86.75,85.25,86.0,6033800,DELTA
2024-07-11,90.04044342041016,90.75,91.5,87.75,88.0,30284200,DELTA
2024-07-12,90.04044342041016,90.75,90.75,90.75,90.75,0,DELTA
2024-07-15,90.04044342041016,90.75,90.75,90.75,90.75,0,DELTA
2024-07-16,92.7689437866211,93.5,93.75,91.0,91.25,32953300,DELTA
2024-07-17,92.7689437866211,93.5,93.5,93.5,93.5,0,DELTA
2024-07-18,91.77676391601562,92.5,93.25,90.75,91.0,22314000,DELTA
2024-07-19,91.5287094116211,92.25,93.0,91.5,91.5,10333500,DELTA
2024-07-23,90.78457641601562,91.5,93.75,91.25,93.5,10469200,DELTA
2024-07-24,91.03262329101562,91.75,92.5,90.5,91.25,11259800,DELTA
2024-07-25,90.78457641601562,91.5,91.5,89.25,89.5,21112600,DELTA
2024-07-26,92.02481079101562,92.75,93.0,90.5,91.75,19133200,DELTA
2024-07-30,92.02481079101562,92.75,92.75,92.75,92.75,0,DELTA
2024-07-31,101.20248413085938,102.0,103.0,100.0,100.5,17269000,DELTA
2024-08-01,102.69075012207031,103.5,105.0,101.5,102.5,15015100,DELTA
2024-08-02,100.2103042602539,101.0,103.0,100.0,101.5,17597800,DELTA
2024-08-05,94.50525665283203,95.25,97.25,93.25,97.25,42372700,DELTA
2024-08-06,95.9935302734375,96.75,99.0,96.25,97.5,21152000,DELTA
2024-08-07,100.2103042602539,101.0,101.0,98.0,98.25,17720000,DELTA
2024-08-08,100.2103042602539,101.0,101.0,101.0,101.0,0,DELTA
2024-08-09,101.20248413085938,102.0,103.5,100.0,102.0,15286800,DELTA
2024-08-13,100.70639038085938,101.5,104.5,101.0,103.0,15157400,DELTA
2024-08-14,101.69857025146484,102.5,103.5,101.0,102.0,9746500,DELTA
2024-08-15,101.69857025146484,102.5,103.0,101.5,102.5,5484100,DELTA
2024-08-16,103.18684387207031,104.0,104.0,103.0,103.0,5502500,DELTA
2024-08-19,103.18684387207031,104.0,104.0,104.0,104.0,0,DELTA
2024-08-20,104.67511749267578,105.5,107.0,103.5,104.0,14114900,DELTA
2024-08-21,102.69075012207031,103.5,105.0,102.0,105.0,12617100,DELTA
2024-08-22,102.69075012207031,103.5,103.5,103.5,103.5,0,DELTA
2024-08-23,101.20248413085938,102.0,102.5,101.0,101.5,9713300,DELTA
2024-08-26,101.69857025146484,102.5,102.5,99.25,100.0,11498600,DELTA
2024-08-27,101.69857025146484,102.5,103.5,101.5,102.0,7376900,DELTA
2024-08-28,106.16339111328125,107.0,108.0,102.5,103.0,21794800,DELTA
2024-08-29,104.17902374267578,105.0,106.0,103.0,104.5,15863000,DELTA
2024-08-30,105.66728973388672,106.5,109.0,105.0,105.5,25171700,DELTA
2024-09-02,105.66728973388672,106.5,106.5,106.5,106.5,0,DELTA
2024-09-03,105.66728973388672,106.5,106.5,106.5,106.5,0,DELTA
2024-09-04,105.66728973388672,106.5,106.5,106.5,106.5,0,DELTA
2024-09-05,106.16339111328125,107.0,107.5,105.5,107.0,12056300,DELTA
2024-09-06,100.2103042602539,101.0,109.0,101.0,108.0,27410900,DELTA
2024-09-09,100.2103042602539,101.0,101.0,101.0,101.0,0,DELTA
2024-09-10,103.18684387207031,104.0,104.5,102.0,103.0,16857600,DELTA
2024-09-11,100.70639038085938,101.5,104.0,101.5,103.0,9459500,DELTA
2024-09-12,103.18684387207031,104.0,106.0,103.5,103.5,15131900,DELTA
2024-09-13,102.69075012207031,103.5,105.5,103.0,105.5,8091400,DELTA
2024-09-16,102.69075012207031,103.5,103.5,103.5,103.5,0,DELTA
2024-09-17,102.69075012207031,103.5,103.5,103.5,103.5,0,DELTA
2024-09-18,102.69075012207031,103.5,103.5,103.5,103.5,0,DELTA
2024-09-19,107.65165710449219,108.5,109.0,103.5,104.5,22898200,DELTA
2024-09-20,106.16339111328125,107.0,109.5,106.5,109.0,13776000,DELTA
2024-09-23,106.16339111328125,107.0,108.5,105.5,108.0,7523300,DELTA
2024-09-24,109.13993072509766,110.0,111.5,106.5,107.0,17378700,DELTA
2024-09-25,108.64383697509766,109.5,112.0,108.0,111.5,12065700,DELTA
2024-09-26,109.13993072509766,110.0,111.5,109.5,111.0,6304300,DELTA
2024-09-27,109.13993072509766,110.0,110.0,110.0,110.0,0,DELTA
2024-09-30,106.16339111328125,107.0,109.5,107.0,108.5,9741800,DELTA
2024-10-01,108.64383697509766,109.5,110.5,107.0,107.0,9266800,DELTA
2024-10-02,107.65165710449219,108.5,109.5,108.0,108.5,4338300,DELTA
2024-10-03,105.66728973388672,106.5,108.0,106.5,108.0,5638800,DELTA
2024-10-04,105.66728973388672,106.5,106.5,106.5,106.5,0,DELTA
2024-10-07,107.65165710449219,108.5,109.0,107.0,108.0,6219000,DELTA
2024-10-08,106.65947723388672,107.5,111.0,107.0,107.5,11375500,DELTA
2024-10-09,109.63602447509766,110.5,110.5,108.5,109.0,17775000,DELTA
2024-10-10,115.093017578125,116.0,118.0,111.5,112.0,28949500,DELTA
2024-10-11,116.08519744873047,117.0,120.0,115.5,116.5,22026000,DELTA
2024-10-15,121.04610443115234,122.0,126.5,118.0,118.0,22918200,DELTA
2024-10-16,121.04610443115234,122.0,122.0,122.0,122.0,0,DELTA
2024-10-17,125.01482391357422,126.0,127.0,124.0,125.5,10975200,DELTA
2024-10-18,129.47964477539062,130.5,131.5,125.5,126.0,15809600,DELTA
2024-10-21,128.4874725341797,129.5,133.5,129.0,133.0,9715200,DELTA
2024-10-22,128.4874725341797,129.5,129.5,129.5,129.5,0,DELTA
2024-10-24,133.9444580078125,135.0,136.0,129.0,129.5,14549200,DELTA
2024-10-25,133.9444580078125,135.0,135.0,135.0,135.0,0,DELTA
2024-10-28,126.00701141357422,127.0,135.0,126.0,135.0,25426400,DELTA
2024-10-29,125.01482391357422,126.0,129.0,125.0,125.0,14196200,DELTA
2024-10-30,130.47181701660156,131.5,133.5,127.0,128.0,17358600,DELTA
2024-10-31,136.92100524902344,138.0,140.0,131.0,131.5,23197400,DELTA
2024-11-01,136.92100524902344,138.0,139.5,136.5,138.0,13041800,DELTA
2024-11-04,138.40928649902344,139.5,141.5,138.5,139.5,11585000,DELTA
2024-11-05,147.33889770507812,148.5,150.0,139.5,140.0,32777700,DELTA
2024-11-06,154.28416442871094,155.5,159.5,149.5,150.5,38370300,DELTA
2024-11-07,155.77244567871094,157.0,160.5,155.5,158.0,20969000,DELTA
2024-11-08,153.7880859375,155.0,157.0,149.0,156.0,32256900,DELTA
2024-11-11,155.77244567871094,157.0,159.5,154.0,155.5,11817000,DELTA
2024-11-12,156.26853942871094,157.5,159.0,155.5,157.0,8989300,DELTA
2024-11-13,160.73333740234375,162.0,167.0,158.0,158.5,17602700,DELTA
2024-11-14,163.70989990234375,165.0,167.0,161.5,162.0,15079400,DELTA
2024-11-15,162.2216339111328,163.5,169.0,163.0,167.5,18240400,DELTA
2024-11-18,163.21380615234375,164.5,166.0,160.0,165.0,13687100,DELTA
2024-11-19,164.2059783935547,165.5,170.0,165.5,166.0,10723800,DELTA
2024-11-20,172.1434326171875,173.5,173.5,166.5,167.5,13951400,DELTA
2024-11-21,143.8662567138672,145.0,155.0,141.0,147.0,28831400,DELTA
2024-11-22,144.85845947265625,146.0,147.0,141.5,146.0,11377800,DELTA
2024-11-25,144.36236572265625,145.5,148.0,145.0,147.5,16921100,DELTA
2024-11-26,150.31546020507812,151.5,153.0,145.5,145.5,10034400,DELTA
2024-11-27,149.81936645507812,151.0,152.5,148.5,152.5,7604200,DELTA
2024-11-28,150.31546020507812,151.5,153.0,150.0,151.5,7535500,DELTA
2024-11-29,149.32325744628906,150.5,153.0,148.5,152.5,14039100,DELTA
2024-12-02,150.81153869628906,152.0,152.0,146.0,151.0,10954500,DELTA
2024-12-03,149.81936645507812,151.0,153.0,149.5,152.5,8944600,DELTA
2024-12-04,149.81936645507812,151.0,152.0,149.5,150.5,8335700,DELTA
2024-12-06,149.32325744628906,150.5,152.0,149.5,152.0,13360000,DELTA
2024-12-09,151.30763244628906,152.5,153.0,147.0,150.0,16674600,DELTA
2024-12-11,149.81936645507812,151.0,153.0,150.0,150.5,14512900,DELTA
2024-12-12,154.28416442871094,155.5,161.0,153.5,155.0,28482800,DELTA
2024-12-13,150.31546020507812,151.5,154.5,149.0,154.0,24948700,DELTA
2024-12-16,149.81936645507812,151.0,152.0,149.5,152.0,13943800,DELTA
2024-12-17,149.81936645507812,151.0,154.5,150.0,152.0,17233400,DELTA
2024-12-18,150.31546020507812,151.5,153.0,150.5,152.5,14123300,DELTA
2024-12-19,148.82717895507812,150.0,152.5,149.0,149.5,16566800,DELTA
2024-12-20,148.33108520507812,149.5,153.0,148.5,150.5,21550200,DELTA
2024-12-23,150.81153869628906,152.0,152.5,149.0,151.5,17059500,DELTA
2024-12-24,149.81936645507812,151.0,154.5,150.5,153.0,16441300,DELTA
2024-12-25,149.32325744628906,150.5,152.0,150.5,152.0,6489200,DELTA
2024-12-26,151.30763244628906,152.5,152.5,150.5,150.5,5079500,DELTA
2024-12-27,151.30763244628906,152.5,155.0,151.0,151.5,21784300,DELTA
2024-12-30,151.30763244628906,152.5,158.0,151.5,153.0,24994500,DELTA
2025-01-02,137.91317749023438,139.0,153.0,138.5,152.5,43716800,DELTA
2025-01-03,141.8819122314453,143.0,144.0,139.5,139.5,16135600,DELTA
2025-01-06,143.8662567138672,145.0,146.0,144.0,145.0,8302500,DELTA
2025-01-07,150.81153869628906,152.0,153.5,146.0,146.5,22096200,DELTA
2025-01-08,153.2919921875,154.5,155.0,151.5,152.5,11187200,DELTA
2025-01-09,154.28416442871094,155.5,158.0,154.0,155.5,17465100,DELTA
2025-01-10,155.2763671875,156.5,159.0,155.0,156.0,19111200,DELTA
2025-01-13,147.33889770507812,148.5,155.0,148.5,155.0,21871500,DELTA
2025-01-14,142.37799072265625,143.5,151.0,137.0,151.0,84674300,DELTA
2025-01-15,138.90536499023438,140.0,145.5,138.0,145.5,26565200,DELTA
2025-01-16,137.41708374023438,138.5,144.0,137.5,144.0,21436300,DELTA
2025-01-17,137.41708374023438,138.5,140.5,136.0,137.0,16675200,DELTA
2025-01-20,139.40145874023438,140.5,142.5,139.0,140.0,10751600,DELTA
2025-01-21,141.3858184814453,142.5,144.5,141.5,142.0,13222300,DELTA
2025-01-22,145.8506317138672,147.0,147.0,143.5,144.0,15240200,DELTA
2025-01-23,145.35455322265625,146.5,150.5,146.5,148.5,15032000,DELTA
2025-01-24,145.8506317138672,147.0,148.0,144.5,148.0,10449800,DELTA
2025-01-27,136.92100524902344,138.0,145.0,138.0,144.5,20737000,DELTA
2025-01-28,133.44837951660156,134.5,135.0,130.0,130.0,23961900,DELTA
2025-01-29,133.44837951660156,134.5,137.5,133.5,137.0,12505600,DELTA
2025-01-30,127.49528503417969,128.5,134.0,128.0,133.5,20227600,DELTA
2025-01-31,125.01482391357422,126.0,131.0,126.0,129.5,21439800,DELTA
2025-02-03,124.51873779296875,125.5,126.0,114.0,115.0,21511000,DELTA
2025-02-04,122.03828430175781,123.0,129.0,123.0,127.0,19948100,DELTA
2025-02-05,113.60474395751953,114.5,121.0,112.5,117.5,35295600,DELTA
2025-02-06,109.13993072509766,110.0,116.0,108.5,115.5,29369500,DELTA
2025-02-07,113.10865783691406,114.0,115.0,109.0,109.0,21983200,DELTA
2025-02-10,111.1242904663086,112.0,112.5,108.0,111.0,22886400,DELTA
2025-02-11,113.10865783691406,114.0,115.0,112.5,115.0,9734600,DELTA
2025-02-13,114.59693145751953,115.5,118.5,114.0,115.0,21294700,DELTA
2025-02-14,112.1164779663086,113.0,117.0,112.0,116.5,16660000,DELTA
2025-02-17,85.82366943359375,86.5,88.5,79.25,79.25,83792200,DELTA
2025-02-18,77.14208221435547,77.75,87.0,77.5,87.0,50749700,DELTA
2025-02-19,77.14208221435547,77.75,81.5,76.75,77.0,31592800,DELTA
2025-02-20,76.64599609375,77.25,80.5,75.5,77.5,36129400,DELTA
2025-02-21,74.41358947753906,75.0,78.75,74.75,78.0,19949300,DELTA
2025-02-24,75.40576934814453,76.0,76.0,72.25,74.25,19636500,DELTA
2025-02-25,74.66162872314453,75.25,76.5,74.0,75.0,18025800,DELTA
2025-02-26,81.85494995117188,82.5,82.5,75.5,76.0,30939500,DELTA
2025-02-27,80.56785583496094,80.75,83.75,80.25,81.0,23466400,DELTA
2025-02-28,77.07575225830078,77.25,78.5,75.25,76.0,34461100,DELTA
2025-03-03,71.08928680419922,71.25,79.5,70.25,78.25,36008100,DELTA
2025-03-04,70.09154510498047,70.25,73.25,70.0,71.0,20987700,DELTA
2025-03-05,75.32970428466797,75.5,75.5,71.75,73.0,25850100,DELTA
2025-03-06,77.32518768310547,77.5,82.0,75.75,76.75,38787900,DELTA
2025-03-07,81.06673431396484,81.25,81.25,76.25,77.0,19286700,DELTA
2025-03-10,76.32744598388672,76.5,80.0,76.25,79.75,21106900,DELTA
2025-03-11,73.83308410644531,74.0,75.75,71.25,74.25,30983300,DELTA
2025-03-12,68.8443603515625,69.0,74.0,69.0,73.5,29343500,DELTA
2025-03-13,69.84210968017578,70.0,71.75,69.25,70.5,20070600,DELTA
2025-03-14,70.09154510498047,70.25,71.25,69.25,70.75,14788800,DELTA
2025-03-17,69.09379577636719,69.25,72.0,69.25,70.5,16918900,DELTA
2025-03-18,70.83985137939453,71.0,71.75,69.75,70.75,13155100,DELTA
2025-03-19,70.59041595458984,70.75,73.0,70.5,71.75,14664100,DELTA
2025-03-20,66.59943389892578,66.75,71.75,66.75,71.0,25844400,DELTA
2025-03-21,68.8443603515625,69.0,69.25,66.75,67.75,23386800,DELTA
2025-03-24,68.09605407714844,68.25,70.0,67.0,70.0,10181500,DELTA
2025-03-25,69.84210968017578,70.0,70.5,67.5,69.0,19384600,DELTA
2025-03-26,73.33421325683594,73.5,74.75,70.25,70.25,28478600,DELTA
2025-03-27,72.08702850341797,72.25,72.75,71.0,72.5,13648300,DELTA
2025-03-28,68.8443603515625,69.0,71.5,68.75,71.5,12954900,DELTA
2025-03-31,65.60169219970703,65.75,67.25,65.5,65.75,22623900,DELTA
2025-04-01,66.59943389892578,66.75,67.0,66.25,67.0,7164700,DELTA
2025-04-02,67.34774780273438,67.5,69.0,67.0,67.25,8580900,DELTA
2025-04-03,60.3635368347168,60.5,65.5,59.0,65.0,26206000,DELTA
2025-04-04,56.62199401855469,56.75,59.5,56.25,59.5,27236900,DELTA
2025-04-08,59.36579132080078,59.5,60.25,51.25,53.0,45128600,DELTA
2025-04-09,59.864662170410156,60.0,61.75,56.75,59.5,19396100,DELTA
2025-04-10,69.09379577636719,69.25,69.25,66.25,66.75,26683200,DELTA
2025-04-11,68.59492492675781,68.75,70.25,67.0,70.0,19440600,DELTA
2025-04-16,66.1005630493164,66.25,70.25,63.0,70.25,36862100,DELTA
2025-04-17,65.85112762451172,66.0,67.5,65.0,65.25,15309600,DELTA
2025-04-18,68.8443603515625,69.0,69.75,65.75,66.0,17245100,DELTA
2025-04-21,67.84661865234375,68.0,71.5,68.0,68.75,16369400,DELTA
2025-04-22,69.09379577636719,69.25,69.5,67.0,68.0,15347000,DELTA
2025-04-23,76.32744598388672,76.5,77.5,70.5,71.5,55832500,DELTA
2025-04-24,75.32970428466797,75.5,80.75,75.5,76.5,45754500,DELTA
2025-04-25,81.8150405883789,82.0,84.75,78.25,79.25,45770300,DELTA
2025-04-28,83.06221771240234,83.25,87.75,82.75,86.5,37714400,DELTA
2025-04-29,87.80150604248047,88.0,88.0,84.0,84.0,33741800,DELTA
2025-04-30,97.77894592285156,98.0,98.0,89.25,90.0,68549900,DELTA
2025-05-02,101.27105712890625,101.5,106.5,100.5,104.5,26661800,DELTA
2025-05-06,99.7744369506836,100.0,103.5,98.25,103.5,21119000,DELTA
2025-05-07,104.26428985595703,104.5,105.0,101.0,102.5,17680700,DELTA
2025-05-08,100.77218627929688,101.0,105.5,101.0,103.5,14685300,DELTA
2025-05-09,103.76541900634766,104.0,104.5,100.0,102.5,15499800,DELTA
2025-05-13,106.75865173339844,107.0,111.5,107.0,110.0,19856300,DELTA
2025-05-14,113.74285888671875,114.0,114.0,107.5,108.0,23181700,DELTA
2025-05-15,111.24849700927734,111.5,116.0,110.0,113.0,22646000,DELTA
2025-05-16,114.24172973632812,114.5,115.5,110.5,113.0,14891500,DELTA
2025-05-19,106.75865173339844,107.0,113.5,107.0,113.0,17874500,DELTA
2025-05-20,107.25752258300781,107.5,111.0,107.0,110.0,15571600,DELTA
2025-05-21,106.25977325439453,106.5,111.5,105.0,108.5,21274600,DELTA
2025-05-22,107.75639343261719,108.0,109.0,105.0,105.5,14118000,DELTA
2025-05-23,107.75639343261719,108.0,110.0,108.0,109.0,6377600,DELTA
2025-05-26,111.24849700927734,111.5,112.0,105.5,109.0,16848600,DELTA
2025-05-27,107.25752258300781,107.5,111.0,106.0,111.0,20049200,DELTA
2025-05-28,103.76541900634766,104.0,110.0,104.0,109.0,18495200,DELTA
2025-05-29,107.25752258300781,107.5,112.5,107.0,108.5,27668900,DELTA
2025-05-30,103.76541900634766,104.0,106.5,103.5,105.0,59741600,DELTA
2025-06-04,94.2868423461914,94.5,102.0,91.25,101.5,45665200,DELTA
2025-06-05,97.52951049804688,97.75,98.5,95.75,97.0,16533500,DELTA
2025-06-06,95.28459167480469,95.5,97.25,93.5,97.25,15042000,DELTA
2025-06-09,99.27556610107422,99.5,101.0,97.0,97.0,16075200,DELTA
2025-06-10,99.27556610107422,99.5,101.5,99.0,99.75,8691100,DELTA
2025-06-11,100.77218627929688,101.0,101.5,99.75,101.0,8261200,DELTA
2025-06-12,97.0306396484375,97.25,99.75,97.0,99.25,11188000,DELTA
2025-06-13,99.27556610107422,99.5,100.0,95.5,96.0,14436700,DELTA
2025-06-16,99.7744369506836,100.0,101.5,97.25,98.5,10955900,DELTA
2025-06-17,98.77669525146484,99.0,101.0,98.0,101.0,9051300,DELTA
2025-06-18,97.77894592285156,98.0,102.5,97.75,98.0,16412900,DELTA
2025-06-19,98.02838897705078,98.25,99.25,96.75,96.75,12029400,DELTA
2025-06-20,97.77894592285156,98.0,99.25,96.75,98.0,16991800,DELTA
2025-06-23,96.03289794921875,96.25,98.0,95.25,97.0,14005600,DELTA
2025-06-24,104.26428985595703,104.5,106.0,98.75,99.0,39907300,DELTA
2025-06-25,104.7631607055664,105.0,107.0,104.0,104.0,17427800,DELTA
2025-06-26,98.77669525146484,99.0,105.0,99.0,105.0,24549100,DELTA
2025-06-27,95.78346252441406,96.0,99.75,95.75,99.75,23456700,DELTA
2025-06-30,95.78346252441406,96.0,100.0,92.0,97.0,37750100,DELTA
2025-07-01,103.76541900634766,104.0,104.5,97.0,98.0,28271300,DELTA
2025-07-02,104.7631607055664,105.0,105.5,102.5,104.0,15020600,DELTA
2025-07-03,109.75188446044922,110.0,110.0,105.0,106.0,23289800,DELTA
2025-07-04,109.25300598144531,109.5,110.5,107.0,110.0,13171300,DELTA
2025-07-07,110.2507553100586,110.5,111.0,105.5,106.5,16294100,DELTA
2025-07-08,108.25526428222656,108.5,110.0,107.0,108.0,17502000,DELTA
2025-07-09,105.76090240478516,106.0,109.5,105.5,108.5,10288000,DELTA
2025-07-11,108.25526428222656,108.5,111.0,108.0,109.0,13679100,DELTA
2025-07-14,111.74736785888672,112.0,112.0,108.0,108.5,10321000,DELTA
2025-07-15,114.24172973632812,114.5,115.0,111.0,113.0,12449600,DELTA
2025-07-16,114.24172973632812,114.5,116.0,112.5,114.5,11848900,DELTA
2025-07-17,132.2011260986328,132.5,134.5,115.5,115.5,49582200,DELTA
2025-07-18,137.18984985351562,137.5,138.0,130.5,131.0,28144000,DELTA
2025-07-21,138.68646240234375,139.0,144.0,135.0,143.0,31644400,DELTA
2025-07-22,136.69097900390625,137.0,141.5,135.0,139.0,17003300,DELTA
2025-07-23,142.17857360839844,142.5,145.0,139.5,140.5,21927600,DELTA
2025-07-24,140.18309020996094,140.5,144.0,139.5,142.0,17072500,DELTA
2025-07-25,142.17857360839844,142.5,143.0,137.5,138.0,17148200,DELTA
2025-07-29,142.6774444580078,143.0,145.5,139.5,144.0,20504800,DELTA
2025-07-30,143.67518615722656,144.0,144.0,142.0,144.0,10282600,DELTA
2025-07-31,145.67068481445312,146.0,150.0,142.0,145.0,23099200,DELTA
2025-08-01,141.67970275878906,142.0,151.0,142.0,149.5,22059000,DELTA
2025-08-04,147.16729736328125,147.5,148.0,142.0,143.5,15555800,DELTA
2025-08-05,147.16729736328125,147.5,150.0,147.0,149.0,9740900,DELTA
2025-08-06,147.16729736328125,147.5,148.5,145.0,148.5,12462600,DELTA
2025-08-07,146.66842651367188,147.0,148.5,145.5,147.0,8200900,DELTA
2025-08-08,143.67518615722656,144.0,147.0,143.0,145.5,11056500,DELTA
2025-08-13,153.6526336669922,154.0,155.0,147.0,147.5,24921500,DELTA
2025-08-14,150.65940856933594,151.0,156.5,151.0,153.5,13752100,DELTA
2025-08-15,149.16278076171875,149.5,152.5,148.5,152.0,6895500,DELTA
2025-08-18,147.16729736328125,147.5,151.0,147.5,149.5,7524600,DELTA
2025-08-19,145.67068481445312,146.0,148.5,146.0,148.5,6421300,DELTA
2025-08-20,144.6729278564453,145.0,146.0,140.5,144.5,13391200,DELTA
2025-08-21,146.1695556640625,146.5,149.5,145.0,146.0,8889300,DELTA
2025-08-22,150.65940856933594,151.0,153.0,147.0,148.0,10145100,DELTA
2025-08-25,152.65489196777344,153.0,155.0,151.5,153.5,8504500,DELTA
2025-08-26,149.66165161132812,150.0,152.0,149.0,151.0,11216200,DELTA
2025-08-27,153.6526336669922,154.0,158.5,150.0,151.0,21146100,DELTA
2025-08-28,149.66165161132812,150.0,154.0,150.0,153.0,12813800,DELTA
2025-08-29,149.66165161132812,150.0,153.5,149.0,150.0,15162700,DELTA
2025-09-01,148.66390991210938,149.0,150.0,148.0,149.0,6181300,DELTA
2025-09-02,146.66842651367188,147.0,150.5,147.0,150.5,7225200,DELTA
2025-09-03,150.65940856933594,151.0,152.5,148.0,148.5,9851800,DELTA
2025-09-04,145.17181396484375,145.5,152.0,145.5,151.5,11619900,DELTA
2025-09-05,147.16729736328125,147.5,149.0,146.5,147.5,8042500,DELTA
2025-09-08,142.6774444580078,143.0,148.0,141.0,148.0,12768400,DELTA
2025-09-09,145.17181396484375,145.5,147.5,142.5,143.0,13243100,DELTA
2025-09-10,147.66616821289062,148.0,149.5,146.0,148.0,10443300,DELTA
2025-09-11,154.15150451660156,154.5,156.5,148.0,148.0,20090800,DELTA
2025-09-12,156.6458740234375,157.0,158.0,154.5,156.5,11631700,DELTA
2025-09-15,159.63909912109375,160.0,160.5,155.0,157.0,14087900,DELTA
2025-09-16,160.6368408203125,161.0,165.5,160.0,162.0,13051900,DELTA
2025-09-17,162.1334686279297,162.5,164.5,161.0,161.5,7646600,DELTA
2025-09-18,162.1334686279297,162.5,165.0,159.5,165.0,10360000,DELTA
2025-09-19,160.6368408203125,161.0,164.5,161.0,164.0,10878800,DELTA
2025-09-22,161.13571166992188,161.5,163.0,160.0,162.5,6123100,DELTA
2025-09-23,166.62330627441406,167.0,171.0,163.0,163.0,19774900,DELTA
2025-09-24,163.6300811767578,164.0,168.0,161.5,167.0,14583900,DELTA
2025-09-25,164.62782287597656,165.0,166.0,162.5,164.0,8988500,DELTA
2025-09-26,157.14474487304688,157.5,164.0,157.5,163.0,18178200,DELTA
2025-09-29,161.13571166992188,161.5,162.5,158.5,160.0,16910600,DELTA
2025-09-30,158.14248657226562,158.5,165.0,158.0,161.5,36873400,DELTA
2025-10-01,167.62106323242188,168.0,170.5,159.5,160.0,33523100,DELTA
2025-10-02,172.11090087890625,172.5,175.5,171.0,172.0,17838500,DELTA
2025-10-03,177.59849548339844,178.0,181.5,172.5,173.0,18904500,DELTA
2025-10-06,178.5962371826172,179.0,185.0,179.0,180.0,19561500,DELTA
2025-10-07,178.5962371826172,179.0,179.0,179.0,179.0,0,DELTA
2025-10-08,191.06805419921875,191.5,194.5,187.5,188.0,18770100,DELTA
2025-10-09,197.0545196533203,197.5,201.0,194.5,195.0,22781800,DELTA
2025-10-10,179.09512329101562,179.5,183.0,173.5,175.5,21993800,DELTA
2025-10-14,180.09286499023438,180.5,186.5,176.5,181.0,11535900,DELTA
2025-10-15,187.57594299316406,188.0,188.5,180.5,183.5,10656600,DELTA
2025-10-16,193.06353759765625,193.5,194.0,188.5,190.0,9614400,DELTA
2025-10-17,188.07481384277344,188.5,193.5,187.5,190.0,7111500,DELTA
2025-10-20,192.56466674804688,193.0,194.0,189.5,191.0,5101200,DELTA
2025-10-21,195.55789184570312,196.0,196.0,193.5,194.0,5101500,DELTA
2025-10-22,199.0500030517578,199.5,202.0,193.5,195.5,9907100,DELTA
2025-10-24,204.53759765625,205.0,207.0,197.5,200.0,8752700,DELTA
2025-10-27,224.49249267578125,225.0,231.0,210.0,210.0,19792000,DELTA
2025-10-28,222.4969940185547,223.0,232.0,221.0,229.0,12142900,DELTA
2025-10-29,226.48797607421875,227.0,228.0,224.0,225.0,7479400,DELTA
2025-10-30,219.50376892089844,220.0,226.0,214.0,223.0,10696400,DELTA
2025-10-31,216.51052856445312,217.0,223.0,213.0,215.0,9374100,DELTA
2025-11-03,220.5015106201172,221.0,223.0,218.0,220.0,4055300,DELTA
2025-11-04,221.49925231933594,222.0,224.0,218.0,220.0,5819200,DELTA
2025-11-05,218.50601196289062,219.0,220.0,211.0,214.0,6525000,DELTA
2025-11-06,228.48345947265625,229.0,230.0,220.0,222.0,8346000,DELTA
2025-11-07,223.49473571777344,224.0,231.0,224.0,229.0,4681400,DELTA
2025-11-10,222.4969940185547,223.0,226.0,220.0,225.0,5707600,DELTA
2025-11-11,217.50827026367188,218.0,224.0,217.0,222.0,5266900,DELTA
2025-11-12,214.51504516601562,215.0,221.0,214.0,220.0,5762300,DELTA
2025-11-13,217.50827026367188,218.0,221.0,213.0,217.0,4561700,DELTA
2025-11-14,210.52406311035156,211.0,217.0,206.0,213.0,7369000,DELTA
2025-11-17,212.51954650878906,213.0,213.0,206.0,210.0,4547900,DELTA
2025-11-18,208.52857971191406,209.0,211.0,202.0,207.0,7160600,DELTA
2025-11-19,213.51730346679688,214.0,214.0,206.0,210.0,5103300,DELTA
2025-11-20,215.51278686523438,216.0,222.0,216.0,220.0,9760000,DELTA
2025-11-21,200.54661560058594,201.0,211.0,199.0,208.0,15070800,DELTA
2025-11-24,199.0500030517578,199.5,204.0,197.5,204.0,17809300,DELTA
2025-11-25,207.5308380126953,208.0,208.0,202.0,204.0,11433100,DELTA
2025-11-26,204.53759765625,205.0,210.0,205.0,210.0,8482000,DELTA
2025-11-27,198.55113220214844,199.0,207.0,199.0,207.0,8189900,DELTA
2025-11-28,200.54661560058594,201.0,204.0,198.5,200.0,9377700,DELTA
2025-12-01,206.5330810546875,207.0,208.0,200.0,203.0,7343400,DELTA
2025-12-02,205.53533935546875,206.0,208.0,200.0,207.0,7300200,DELTA
2025-12-03,202.5421142578125,203.0,207.0,201.0,206.0,5221500,DELTA
2025-12-04,198.55113220214844,199.0,205.0,198.5,203.0,8650300,DELTA
2025-12-08,191.56692504882812,192.0,202.0,191.0,199.0,12458000,DELTA
2025-12-09,197.0545196533203,197.5,199.0,194.0,194.5,9277500,DELTA
2025-12-11,184.5827178955078,185.0,200.0,184.0,200.0,19013800,DELTA
2025-12-12,181.5894775390625,182.0,189.0,182.0,187.0,11467000,DELTA
2025-12-15,185.58045959472656,186.0,186.0,176.0,179.0,13651900,DELTA
2025-12-16,175.60301208496094,176.0,184.5,175.0,184.5,17083100,DELTA
2025-12-17,172.60977172851562,173.0,178.0,172.0,178.0,12130100,DELTA
2025-12-18,167.62106323242188,168.0,173.5,166.5,172.0,16422500,DELTA
2025-12-19,168.61880493164062,169.0,172.0,168.0,170.5,13772400,DELTA
2025-12-22,181.5894775390625,182.0,182.0,173.0,174.0,17703800,DELTA
2025-12-23,174.6052703857422,175.0,181.5,174.5,181.0,8915000,DELTA
2025-12-24,176.6007537841797,177.0,178.0,175.0,176.0,4946100,DELTA
2025-12-25,171.61203002929688,172.0,176.5,172.0,176.0,5353000,DELTA
2025-12-26,169.61654663085938,170.0,174.0,169.5,172.5,5936600,DELTA
2025-12-29,170.61428833007812,171.0,172.0,167.5,171.0,11494800,DELTA
2025-12-30,172.60977172851562,173.0,173.0,169.5,169.5,15421700,DELTA
2023-01-03,47.51711654663086,53.5,53.75,52.0,52.0,15775500,HANA
2023-01-04,46.18486022949219,52.0,53.0,51.75,53.0,8651800,HANA
2023-01-05,45.29669189453125,51.0,52.25,50.0,52.0,15957300,HANA
2023-01-06,51.73592758178711,58.25,59.0,51.0,51.0,53185600,HANA
2023-01-09,51.513885498046875,58.0,60.0,57.0,59.25,20334100,HANA
2023-01-10,51.95797348022461,58.5,59.0,57.25,58.0,15357600,HANA
2023-01-11,51.29184341430664,57.75,59.0,57.75,59.0,7616800,HANA
2023-01-12,53.51227569580078,60.25,60.25,57.75,58.0,22502000,HANA
2023-01-13,51.95797348022461,58.5,60.0,57.75,59.75,15875000,HANA
2023-01-16,51.513885498046875,58.0,59.0,57.75,58.75,5702100,HANA
2023-01-17,50.62571716308594,57.0,58.0,57.0,58.0,7785000,HANA
2023-01-18,50.84775924682617,57.25,59.0,57.0,57.0,13253700,HANA
2023-01-19,50.4036750793457,56.75,57.0,55.25,56.25,11980000,HANA
2023-01-20,50.62571716308594,57.0,57.25,56.0,57.0,6638900,HANA
2023-01-23,52.18001174926758,58.75,59.0,57.25,57.25,9916400,HANA
2023-01-24,52.40205764770508,59.0,61.75,59.0,59.75,27171200,HANA
2023-01-25,52.40205764770508,59.0,60.0,58.75,59.25,7295300,HANA
2023-01-26,50.84775924682617,57.25,59.25,57.0,59.0,7892300,HANA
2023-01-27,51.513885498046875,58.0,58.25,57.0,58.0,6502600,HANA
2023-01-30,51.513885498046875,58.0,58.5,57.75,58.0,4473700,HANA
2023-01-31,53.734317779541016,60.5,61.5,58.0,58.0,27613900,HANA
2023-02-01,53.734317779541016,60.5,61.25,59.75,60.25,10782600,HANA
2023-02-02,57.731082916259766,65.0,65.0,61.0,61.5,30629900,HANA
2023-02-03,57.509033203125,64.75,65.0,63.0,64.5,16974800,HANA
2023-02-06,56.176780700683594,63.25,64.5,62.75,63.75,9502000,HANA
2023-02-07,56.84291076660156,64.0,65.0,63.0,63.0,14814100,HANA
2023-02-08,54.178401947021484,61.0,64.0,60.5,62.75,20836300,HANA
2023-02-09,52.84614181518555,59.5,61.0,59.0,61.0,14351000,HANA
2023-02-10,52.62409973144531,59.25,61.0,59.25,59.5,9400800,HANA
2023-02-13,51.73592758178711,58.25,59.25,57.75,59.25,6495700,HANA
2023-02-14,51.95797348022461,58.5,61.0,58.25,59.0,10297900,HANA
2023-02-15,52.62409973144531,59.25,61.0,59.0,59.25,9389900,HANA
2023-02-16,51.73592758178711,58.25,61.25,57.5,60.5,14220900,HANA
2023-02-17,50.84775924682617,57.25,58.75,56.75,57.75,6656300,HANA
2023-02-20,51.513885498046875,58.0,58.5,57.25,57.75,2850800,HANA
2023-02-21,51.95797348022461,58.5,58.75,57.75,58.0,3355300,HANA
2023-02-22,49.29345703125,55.5,58.75,55.25,58.0,13517800,HANA
2023-02-23,50.4036750793457,56.75,56.75,54.75,55.5,6728900,HANA
2023-02-24,49.29345703125,55.5,56.75,55.25,56.5,5028500,HANA
2023-02-27,49.515506744384766,55.75,56.5,54.75,55.0,2545100,HANA
2023-02-28,51.29184341430664,57.75,61.0,57.25,58.5,31961800,HANA
2023-03-01,53.06818771362305,59.75,60.25,57.5,57.75,9891200,HANA
2023-03-02,50.62571716308594,57.0,59.75,56.75,59.5,14194200,HANA
2023-03-03,48.40528869628906,54.5,57.25,51.75,57.25,37614300,HANA
2023-03-07,48.40528869628906,54.5,55.0,51.0,51.0,9418200,HANA
2023-03-08,46.40690612792969,52.25,54.0,51.75,53.25,10666500,HANA
2023-03-09,48.183250427246094,54.25,54.5,52.0,52.0,7402000,HANA
2023-03-10,47.295082092285156,53.25,54.75,53.0,53.5,4950700,HANA
2023-03-13,48.19166564941406,53.75,54.5,52.0,52.75,8179600,HANA
2023-03-14,45.72604751586914,51.0,53.5,50.75,53.5,9834200,HANA
2023-03-15,46.17434310913086,51.5,53.0,51.5,52.5,8052800,HANA
2023-03-16,45.05360794067383,50.25,51.0,49.75,50.5,8038700,HANA
2023-03-17,43.03628158569336,48.0,52.25,47.0,51.0,22327800,HANA
2023-03-20,42.139686584472656,47.0,48.5,46.25,47.75,12524000,HANA
2023-03-21,42.8121337890625,47.75,48.25,47.0,47.0,6787700,HANA
2023-03-22,43.48457336425781,48.5,49.0,47.5,48.0,9393600,HANA
2023-03-23,44.82946014404297,50.0,50.25,48.25,48.25,8529400,HANA
2023-03-24,45.50189971923828,50.75,51.5,49.5,50.0,9865700,HANA
2023-03-27,44.82946014404297,50.0,51.25,49.75,51.25,6713200,HANA
2023-03-28,45.27775573730469,50.5,50.5,49.75,50.25,3177200,HANA
2023-03-29,45.50189971923828,50.75,51.0,50.0,51.0,7023700,HANA
2023-03-30,45.27775573730469,50.5,52.75,50.0,51.25,15687900,HANA
2023-03-31,45.05360794067383,50.25,50.75,49.75,50.75,5168900,HANA
2023-04-03,45.72604751586914,51.0,51.0,49.5,50.5,6588000,HANA
2023-04-04,45.05360794067383,50.25,51.5,50.0,50.5,5613000,HANA
2023-04-05,42.36383819580078,47.25,50.0,47.0,50.0,21613200,HANA
2023-04-07,43.26042938232422,48.25,49.0,47.25,47.25,5431000,HANA
2023-04-10,45.05360794067383,50.25,50.5,48.25,48.25,6508000,HANA
2023-04-11,44.82946014404297,50.0,50.5,49.75,50.5,2729000,HANA
2023-04-12,44.15702438354492,49.25,49.75,48.75,49.75,5827000,HANA
2023-04-17,44.381160736083984,49.5,50.0,48.75,49.25,3850200,HANA
2023-04-18,44.605316162109375,49.75,50.5,49.0,50.5,3682900,HANA
2023-04-19,43.03628158569336,48.0,49.5,48.0,49.5,6657100,HANA
2023-04-20,42.36383819580078,47.25,48.25,47.25,48.25,5308200,HANA
2023-04-21,39.22577667236328,43.75,47.25,42.75,47.0,17392300,HANA
2023-04-24,38.105037689208984,42.5,44.5,41.75,43.5,10908400,HANA
2023-04-25,36.311859130859375,40.5,43.25,40.25,42.75,9150100,HANA
2023-04-26,36.98430633544922,41.25,41.75,40.25,40.75,10210700,HANA
2023-04-27,36.76015090942383,41.0,41.5,39.75,41.25,13635500,HANA
2023-04-28,37.20844650268555,41.5,43.25,40.75,41.75,10451400,HANA
2023-05-02,36.98430633544922,41.25,42.25,40.75,41.5,6418400,HANA
2023-05-03,37.20844650268555,41.5,41.75,40.0,40.75,7347800,HANA
2023-05-08,38.55332946777344,43.0,43.5,41.5,41.75,5813900,HANA
2023-05-09,37.88089370727539,42.25,43.75,42.0,43.25,7032500,HANA
2023-05-10,36.76015090942383,41.0,41.75,40.0,41.5,13486400,HANA
2023-05-11,36.311859130859375,40.5,41.75,40.25,41.0,5174300,HANA
2023-05-12,36.311859130859375,40.5,41.0,39.5,40.5,7134900,HANA
2023-05-15,35.86356735229492,40.0,41.25,39.75,41.0,5204700,HANA
2023-05-16,32.725502014160156,36.5,38.5,36.25,38.0,20458600,HANA
2023-05-17,32.50135803222656,36.25,37.25,36.0,36.75,5695300,HANA
2023-05-18,34.07038497924805,38.0,39.0,37.0,37.0,9559200,HANA
2023-05-19,34.742835998535156,38.75,38.75,37.75,38.25,8846600,HANA
2023-05-22,36.98430633544922,41.25,41.25,36.5,38.0,12306000,HANA
2023-05-23,37.20844650268555,41.5,42.0,40.5,41.5,11753900,HANA
2023-05-24,36.76015090942383,41.0,41.5,40.75,41.0,4060200,HANA
2023-05-25,37.43259811401367,41.75,44.25,40.75,42.25,20843900,HANA
2023-05-26,37.43259811401367,41.75,42.5,41.25,41.25,7731000,HANA
2023-05-29,37.88089370727539,42.25,43.25,42.0,42.5,6755100,HANA
2023-05-30,39.22577667236328,43.75,44.0,42.0,42.25,10714700,HANA
2023-05-31,39.44992446899414,44.0,44.0,43.0,43.25,5859500,HANA
2023-06-01,38.77748107910156,43.25,44.25,43.25,44.0,4247100,HANA
2023-06-02,39.89821243286133,44.5,44.5,43.0,44.0,6641800,HANA
2023-06-06,39.89821243286133,44.5,45.25,44.0,45.0,4673500,HANA
2023-06-07,41.6913948059082,46.5,46.25,44.75,45.0,6772300,HANA
2023-06-08,41.467247009277344,46.25,46.5,44.5,46.25,10703900,HANA
2023-06-09,40.57066345214844,45.25,46.5,45.0,46.5,4832000,HANA
2023-06-12,40.7947998046875,45.5,46.0,45.0,45.0,2254900,HANA
2023-06-13,42.8121337890625,47.75,48.25,46.5,46.5,12998000,HANA
2023-06-14,42.36383819580078,47.25,48.0,46.75,48.0,5708400,HANA
2023-06-15,42.139686584472656,47.0,48.0,47.0,47.25,6526200,HANA
2023-06-16,42.587982177734375,47.5,48.25,47.25,47.75,5949500,HANA
2023-06-19,43.48457336425781,48.5,48.5,46.5,47.25,8115000,HANA
2023-06-20,42.36383819580078,47.25,48.0,46.5,47.5,10394300,HANA
2023-06-21,40.7947998046875,45.5,47.25,44.75,46.75,12108000,HANA
2023-06-22,39.22577667236328,43.75,45.75,43.25,45.75,13082600,HANA
2023-06-23,39.22577667236328,43.75,44.75,43.25,43.5,7337800,HANA
2023-06-26,37.656742095947266,42.0,44.0,42.0,43.75,8458700,HANA
2023-06-27,39.00162887573242,43.5,44.0,42.25,42.25,4655500,HANA
2023-06-28,39.22577667236328,43.75,44.75,43.0,44.5,9027900,HANA
2023-06-29,41.01895523071289,45.75,46.25,43.5,44.25,8836400,HANA
2023-06-30,42.36383819580078,47.25,47.5,45.5,45.75,8470900,HANA
2023-07-03,41.6913948059082,46.5,48.0,46.25,48.0,5536000,HANA
2023-07-04,41.01895523071289,45.75,47.0,45.75,46.5,6031600,HANA
2023-07-05,40.7947998046875,45.5,46.25,44.5,45.0,6153500,HANA
2023-07-06,40.12236785888672,44.75,46.0,44.75,45.75,3615800,HANA
2023-07-07,39.674068450927734,44.25,45.25,43.75,44.75,3964500,HANA
2023-07-10,39.44992446899414,44.0,44.75,43.0,44.25,3907400,HANA
2023-07-11,40.12236785888672,44.75,45.0,43.75,44.5,4700300,HANA
2023-07-12,38.55332946777344,43.0,45.5,42.75,45.0,5018900,HANA
2023-07-13,39.89821243286133,44.5,44.75,43.25,43.75,4888600,HANA
2023-07-14,42.587982177734375,47.5,48.0,44.75,44.75,13530200,HANA
2023-07-17,43.7087287902832,48.75,48.75,47.25,47.75,7181700,HANA
2023-07-18,45.72604751586914,51.0,51.5,49.25,49.25,18659500,HANA
2023-07-19,45.27775573730469,50.5,51.75,50.0,51.25,12192100,HANA
2023-07-20,44.381160736083984,49.5,51.0,48.5,50.5,20516400,HANA
2023-07-21,42.587982177734375,47.5,48.75,47.0,48.25,18925600,HANA
2023-07-24,41.91554260253906,46.75,48.75,46.25,47.75,11093000,HANA
2023-07-25,42.139686584472656,47.0,47.25,46.0,46.75,10633600,HANA
2023-07-26,42.36383819580078,47.25,48.0,46.5,47.5,11233900,HANA
2023-07-27,44.605316162109375,49.75,49.5,47.0,47.25,11758000,HANA
2023-07-31,45.50189971923828,50.75,51.0,50.25,50.75,5369600,HANA
2023-08-02,44.605316162109375,49.75,51.75,49.5,50.5,14419600,HANA
2023-08-03,43.7087287902832,48.75,49.25,48.0,49.0,7191800,HANA
2023-08-04,43.48457336425781,48.5,50.25,48.0,48.75,13876800,HANA
2023-08-07,43.93286895751953,49.0,49.5,47.75,48.5,6261700,HANA
2023-08-08,43.48457336425781,48.5,49.75,48.25,49.25,7112500,HANA
2023-08-09,44.15702438354492,49.25,51.0,47.5,49.0,25436100,HANA
2023-08-10,45.05360794067383,50.25,50.25,48.75,49.5,10941000,HANA
2023-08-11,46.84678649902344,52.25,52.5,49.5,50.25,26254100,HANA
2023-08-15,46.84678649902344,52.25,52.75,51.5,52.5,12895600,HANA
2023-08-16,53.571205139160156,59.75,60.75,54.75,55.0,84531300,HANA
2023-08-17,54.01949691772461,60.25,61.5,59.0,60.5,26341800,HANA
2023-08-18,53.571205139160156,59.75,61.75,59.5,59.75,19664200,HANA
2023-08-21,53.34705352783203,59.5,61.0,59.25,60.0,16099700,HANA
2023-08-22,56.26097106933594,62.75,63.0,59.0,60.5,33862100,HANA
2023-08-23,56.26097106933594,62.75,63.5,61.5,63.0,18860400,HANA
2023-08-24,56.4851188659668,63.0,66.0,62.75,64.5,26805300,HANA
2023-08-25,56.26097106933594,62.75,63.25,60.5,62.0,16253400,HANA
2023-08-28,55.364383697509766,61.75,63.0,61.5,62.75,8760600,HANA
2023-08-29,56.036827087402344,62.5,63.5,61.75,61.75,10067900,HANA
2023-08-30,56.709266662597656,63.25,64.5,62.75,63.75,11703000,HANA
2023-08-31,55.812679290771484,62.25,63.75,61.75,63.75,12544800,HANA
2023-09-01,55.588531494140625,62.0,63.0,61.25,62.25,12956000,HANA
2023-09-04,55.364383697509766,61.75,63.0,61.25,62.25,8458000,HANA
2023-09-05,55.364383697509766,61.75,62.5,61.25,61.75,5130600,HANA
2023-09-06,53.571205139160156,59.75,61.75,59.5,61.75,15181200,HANA
2023-09-07,53.795345306396484,60.0,60.5,59.5,59.5,6494800,HANA
2023-09-08,53.795345306396484,60.0,60.75,59.25,60.0,6181600,HANA
2023-09-11,54.24364471435547,60.5,61.5,59.5,60.0,11265600,HANA
2023-09-12,55.14023208618164,61.5,62.5,60.25,61.0,12314700,HANA
2023-09-13,53.795345306396484,60.0,61.25,59.5,61.0,14335400,HANA
2023-09-14,55.14023208618164,61.5,61.75,60.0,60.0,8868400,HANA
2023-09-15,54.916080474853516,61.25,62.0,60.5,61.75,6775000,HANA
2023-09-18,52.67461013793945,58.75,59.75,58.0,59.5,22074200,HANA
2023-09-19,53.12290573120117,59.25,59.5,58.25,59.0,8793700,HANA
2023-09-20,52.67461013793945,58.75,59.75,58.5,59.5,5387900,HANA
2023-09-21,52.67461013793945,58.75,59.75,58.0,58.5,7439000,HANA
2023-09-22,53.571205139160156,59.75,59.75,57.75,58.75,9309000,HANA
2023-09-25,53.34705352783203,59.5,61.0,59.5,59.75,6930300,HANA
2023-09-26,53.34705352783203,59.5,60.75,59.25,59.75,7454100,HANA
2023-09-27,53.571205139160156,59.75,60.0,58.75,59.0,4121700,HANA
2023-09-28,55.14023208618164,61.5,62.25,59.75,60.25,20069700,HANA
2023-09-29,53.34705352783203,59.5,61.25,59.25,61.25,16597200,HANA
2023-10-02,54.69194030761719,61.0,62.0,59.75,59.75,9329800,HANA
2023-10-03,55.14023208618164,61.5,62.25,60.75,61.0,12542800,HANA
2023-10-04,55.588531494140625,62.0,62.5,60.75,61.25,12505700,HANA
2023-10-05,55.14023208618164,61.5,62.75,61.25,62.25,14430000,HANA
2023-10-06,54.46778869628906,60.75,62.75,60.75,61.75,10622200,HANA
2023-10-09,51.55387496948242,57.5,61.75,56.25,60.5,14834100,HANA
2023-10-10,54.24364471435547,60.5,60.75,58.0,58.5,17204200,HANA
2023-10-11,58.50244140625,65.25,65.5,60.75,61.0,36149900,HANA
2023-10-12,58.05414962768555,64.75,66.25,64.0,65.5,16959800,HANA
2023-10-16,55.588531494140625,62.0,63.75,59.75,63.75,34689400,HANA
2023-10-17,51.55387496948242,57.5,59.25,56.5,59.0,68450000,HANA
2023-10-18,52.226318359375,58.25,59.25,57.0,57.0,28586900,HANA
2023-10-19,52.00217056274414,58.0,58.5,57.25,58.0,11786700,HANA
2023-10-20,49.76069641113281,55.5,57.75,55.5,57.75,28596000,HANA
2023-10-24,49.31240463256836,55.0,56.0,54.25,56.0,15797100,HANA
2023-10-25,49.76069641113281,55.5,56.75,55.0,56.0,50873100,HANA
2023-10-26,46.398494720458984,51.75,55.25,51.75,54.75,19906300,HANA
2023-10-27,47.9675178527832,53.5,53.75,51.25,52.75,23606500,HANA
2023-10-30,48.864112854003906,54.5,55.5,52.5,53.0,18682800,HANA
2023-10-31,46.84678649902344,52.25,54.75,51.5,54.75,13040000,HANA
2023-11-01,47.51922607421875,53.0,53.75,52.25,52.25,9354100,HANA
2023-11-02,49.088253021240234,54.75,55.25,53.5,53.75,11652200,HANA
2023-11-03,49.31240463256836,55.0,55.75,54.0,55.5,10694900,HANA
2023-11-06,49.31240463256836,55.0,56.0,55.0,55.75,6379200,HANA
2023-11-07,48.63996124267578,54.25,55.0,54.0,54.0,5237400,HANA
2023-11-08,47.9675178527832,53.5,55.25,53.0,54.5,5656300,HANA
2023-11-09,46.84678649902344,52.25,53.5,51.0,53.25,17109200,HANA
2023-11-10,45.50189971923828,50.75,52.25,50.75,51.5,9553900,HANA
2023-11-13,45.72604751586914,51.0,52.0,51.0,51.5,9143100,HANA
2023-11-14,39.674068450927734,44.25,49.0,42.75,48.75,53428000,HANA
2023-11-15,43.26042938232422,48.25,48.5,45.25,45.25,32283000,HANA
2023-11-16,40.57066345214844,45.25,47.75,45.25,47.5,24185800,HANA
2023-11-17,39.00162887573242,43.5,44.75,43.0,43.5,33102800,HANA
2023-11-20,40.12236785888672,44.75,44.75,43.0,43.25,13699300,HANA
2023-11-21,40.7947998046875,45.5,46.25,45.25,45.5,11651300,HANA
2023-11-22,40.57066345214844,45.25,45.5,44.5,45.25,7570400,HANA
2023-11-23,40.12236785888672,44.75,45.75,44.5,45.5,6552500,HANA
2023-11-24,39.44992446899414,44.0,45.5,44.0,45.0,7762400,HANA
2023-11-27,39.22577667236328,43.75,44.25,43.5,44.0,5026400,HANA
2023-11-28,39.67925262451172,43.75,44.0,43.0,43.5,5020000,HANA
2023-11-29,40.35947036743164,44.5,45.25,43.25,44.0,14799500,HANA
2023-11-30,40.58620834350586,44.75,45.0,44.0,44.25,9314800,HANA
2023-12-01,42.400115966796875,46.75,47.5,44.75,45.75,25372300,HANA
2023-12-04,41.266422271728516,45.5,46.5,45.5,46.25,7829200,HANA
2023-12-06,41.266422271728516,45.5,46.75,45.5,46.0,10511200,HANA
2023-12-07,40.35947036743164,44.5,45.25,44.5,44.75,6551100,HANA
2023-12-08,42.400115966796875,46.75,46.75,45.0,45.25,14055600,HANA
2023-12-12,41.94664001464844,46.25,47.75,45.75,47.0,11439700,HANA
2023-12-13,41.4931640625,45.75,46.25,45.5,46.0,6103400,HANA
2023-12-14,44.89424133300781,49.5,49.75,47.0,47.0,26697000,HANA
2023-12-15,44.44076156616211,49.0,49.5,48.5,49.0,11373600,HANA
2023-12-18,45.57445526123047,50.25,50.5,48.75,49.0,10876500,HANA
2023-12-19,46.93488693237305,51.75,52.0,49.75,50.75,16738300,HANA
2023-12-20,47.84184265136719,52.75,53.25,51.25,52.0,17291600,HANA
2023-12-21,48.97553634643555,54.0,54.0,51.75,52.0,9707000,HANA
2023-12-22,48.97553634643555,54.0,54.75,53.5,54.25,9284200,HANA
2023-12-25,48.522056579589844,53.5,54.75,53.25,53.75,5026700,HANA
2023-12-26,48.97553634643555,54.0,54.25,52.5,53.5,9852700,HANA
2023-12-27,47.38836669921875,52.25,54.0,52.25,54.0,10575100,HANA
2023-12-28,48.29532241821289,53.25,53.5,52.25,52.25,6399400,HANA
2024-01-03,48.97553634643555,54.0,54.75,53.5,54.25,13321600,HANA
2024-01-04,47.84184265136719,52.75,53.5,52.5,53.5,11102500,HANA
2024-01-05,46.25467300415039,51.0,53.25,50.25,52.5,23025700,HANA
2024-01-08,46.93488693237305,51.75,52.0,50.5,50.5,6218900,HANA
2024-01-09,46.708152770996094,51.5,53.25,51.5,53.0,11031000,HANA
2024-01-10,46.708152770996094,51.5,52.25,51.0,51.75,6885700,HANA
2024-01-11,46.48141098022461,51.25,52.0,51.25,51.75,6190300,HANA
2024-01-12,47.38836669921875,52.25,52.75,50.5,51.0,7584000,HANA
2024-01-15,46.48141098022461,51.25,52.5,51.25,52.0,4084600,HANA
2024-01-16,45.80119705200195,50.5,51.25,50.5,51.0,5120600,HANA
2024-01-17,45.57445526123047,50.25,51.5,50.0,50.25,9866100,HANA
2024-01-18,44.214027404785156,48.75,50.25,48.25,50.25,11512300,HANA
2024-01-19,45.347721099853516,50.0,51.25,49.5,50.25,11198200,HANA
2024-01-22,44.667503356933594,49.25,51.25,49.0,50.75,8135700,HANA
2024-01-23,43.533809661865234,48.0,50.25,48.0,49.5,7746000,HANA
2024-01-24,43.98728561401367,48.5,49.0,47.0,47.5,11783800,HANA
2024-01-25,43.307071685791016,47.75,48.25,47.25,48.0,4597200,HANA
2024-01-26,42.173377990722656,46.5,47.75,46.0,47.25,12877400,HANA
2024-01-29,42.85359191894531,47.25,47.5,46.0,47.0,6246700,HANA
2024-01-30,43.533809661865234,48.0,48.5,47.0,47.0,5152600,HANA
2024-01-31,43.307071685791016,47.75,48.0,47.25,48.0,5114000,HANA
2024-02-01,43.0803337097168,47.5,47.75,46.0,47.0,7271000,HANA
2024-02-02,43.98728561401367,48.5,49.25,48.25,48.25,7416200,HANA
2024-02-05,45.57445526123047,50.25,50.5,48.5,48.75,6896200,HANA
2024-02-06,46.027931213378906,50.75,51.25,50.25,50.25,6594500,HANA
2024-02-07,45.57445526123047,50.25,51.25,49.75,51.0,7164300,HANA
2024-02-08,45.347721099853516,50.0,50.75,50.0,50.25,4610900,HANA
2024-02-09,45.1209831237793,49.75,50.5,49.75,50.0,3382100,HANA
2024-02-12,45.57445526123047,50.25,50.75,49.75,50.0,4725500,HANA
2024-02-13,44.44076156616211,49.0,51.5,49.0,50.5,9913500,HANA
2024-02-14,42.400115966796875,46.75,48.25,46.25,47.75,12902500,HANA
2024-02-15,42.62685775756836,47.0,47.5,46.5,47.0,8696900,HANA
2024-02-16,40.58620834350586,44.75,47.5,44.75,47.25,9941300,HANA
2024-02-19,41.03968811035156,45.25,45.75,44.75,44.75,5590000,HANA
2024-02-20,39.22577667236328,43.25,45.25,43.0,45.25,12955200,HANA
2024-02-21,38.99903869628906,43.0,43.75,42.25,43.0,12010600,HANA
2024-02-22,39.22577667236328,43.25,44.0,43.0,43.75,9132700,HANA
2024-02-23,37.638607025146484,41.5,44.0,41.5,44.0,18795500,HANA
2024-02-27,37.638607025146484,41.5,42.25,41.0,41.5,8887100,HANA
2024-02-28,32.650360107421875,36.0,37.25,35.5,36.0,62099800,HANA
2024-02-29,33.55731201171875,37.0,38.0,36.5,36.5,27408500,HANA
2024-03-01,32.650360107421875,36.0,37.5,35.75,37.25,18320000,HANA
2024-03-04,32.650360107421875,36.0,36.5,35.75,36.0,10546000,HANA
2024-03-05,33.330570220947266,36.75,37.5,35.25,36.0,21869200,HANA
2024-03-06,34.01078414916992,37.5,37.75,36.25,36.5,11352900,HANA
2024-03-07,34.237525939941406,37.75,38.0,37.0,37.5,9826300,HANA
2024-03-08,35.597957611083984,39.25,39.5,37.75,37.75,16222700,HANA
2024-03-11,35.82469940185547,39.5,40.0,38.75,39.25,12913800,HANA
2024-03-12,35.82469940185547,39.5,39.5,39.5,39.5,0,HANA
2024-03-13,35.595054626464844,38.75,39.25,38.5,38.5,4503400,HANA
2024-03-14,35.135765075683594,38.25,38.75,38.0,38.75,8261300,HANA
2024-03-15,35.135765075683594,38.25,38.25,38.25,38.25,0,HANA
2024-03-18,35.36540603637695,38.5,39.5,38.5,38.5,8592500,HANA
2024-03-19,34.67647171020508,37.75,38.5,37.5,38.25,7862100,HANA
2024-03-20,34.67647171020508,37.75,37.75,37.75,37.75,0,HANA
2024-03-21,35.82469940185547,39.0,40.25,38.25,38.5,25419100,HANA
2024-03-22,35.82469940185547,39.0,39.0,39.0,39.0,0,HANA
2024-03-25,34.90611267089844,38.0,39.25,37.75,39.0,17667900,HANA
2024-03-26,34.90611267089844,38.0,38.0,38.0,38.0,0,HANA
2024-03-27,36.28398895263672,39.5,40.0,39.25,39.5,10517300,HANA
2024-03-28,36.28398895263672,39.5,39.5,39.5,39.5,0,HANA
2024-03-29,36.513633728027344,39.75,40.0,39.0,39.5,4059400,HANA
2024-04-01,36.513633728027344,39.75,40.25,39.5,40.0,4988400,HANA
2024-04-02,36.743282318115234,40.0,40.25,39.5,39.75,12097000,HANA
2024-04-03,36.05434799194336,39.25,39.75,39.25,39.5,7223300,HANA
2024-04-04,35.595054626464844,38.75,39.5,38.75,39.25,4394900,HANA
2024-04-05,36.05434799194336,39.25,39.5,38.25,38.5,4241700,HANA
2024-04-09,36.513633728027344,39.75,40.0,39.0,39.25,8227900,HANA
2024-04-10,36.972923278808594,40.25,41.0,40.0,40.0,16002300,HANA
2024-04-11,36.05434799194336,39.25,40.0,39.0,39.75,11240200,HANA
2024-04-17,36.05434799194336,39.25,39.25,39.25,39.25,0,HANA
2024-04-18,36.05434799194336,39.25,39.25,39.25,39.25,0,HANA
2024-04-19,36.05434799194336,39.25,39.25,39.25,39.25,0,HANA
2024-04-22,33.75788879394531,36.75,37.0,36.0,36.75,10882300,HANA
2024-04-23,34.67647171020508,37.75,38.0,37.0,37.25,5735600,HANA
2024-04-24,35.82469940185547,39.0,39.5,38.0,38.5,17336700,HANA
2024-04-25,36.28398895263672,39.5,39.75,38.75,38.75,8883600,HANA
2024-04-26,36.05434799194336,39.25,39.75,39.25,39.25,5558300,HANA
2024-04-29,35.36540603637695,38.5,39.5,38.0,39.25,9866500,HANA
2024-04-30,35.595054626464844,38.75,39.0,38.25,38.5,4370300,HANA
2024-05-02,34.90611267089844,38.0,38.75,38.0,38.5,5396300,HANA
2024-05-03,35.135765075683594,38.25,38.75,38.0,38.25,3294000,HANA
2024-05-07,35.135765075683594,38.25,38.25,38.25,38.25,0,HANA
2024-05-08,36.05434799194336,39.25,39.75,39.0,39.5,3696600,HANA
2024-05-09,35.36540603637695,38.5,39.5,38.5,39.0,4691500,HANA
2024-05-10,35.82469940185547,39.0,39.0,38.25,38.75,4275400,HANA
2024-05-13,36.28398895263672,39.5,39.75,38.0,39.0,8537100,HANA
2024-05-14,37.43221664428711,40.75,41.0,39.25,39.75,13915000,HANA
2024-05-15,36.28398895263672,39.5,41.0,38.5,39.75,31377900,HANA
2024-05-16,36.28398895263672,39.5,39.5,39.5,39.5,0,HANA
2024-05-17,37.89150619506836,41.25,42.0,40.0,40.25,23938900,HANA
2024-05-20,37.89150619506836,41.25,41.25,41.25,41.25,0,HANA
2024-05-21,37.89150619506836,41.25,41.25,41.25,41.25,0,HANA
2024-05-23,37.43221664428711,40.75,41.25,40.25,40.5,9926500,HANA
2024-05-24,37.43221664428711,40.75,40.75,40.75,40.75,0,HANA
2024-05-27,37.43221664428711,40.75,40.75,40.75,40.75,0,HANA
2024-05-28,37.202571868896484,40.5,41.0,40.25,40.75,4044700,HANA
2024-05-29,36.28398895263672,39.5,40.75,39.25,40.25,7456400,HANA
2024-05-30,36.28398895263672,39.5,39.5,39.5,39.5,0,HANA
2024-05-31,36.28398895263672,39.5,39.5,39.5,39.5,0,HANA
2024-06-04,36.28398895263672,39.5,41.0,39.5,40.75,8097500,HANA
2024-06-05,36.28398895263672,39.5,39.5,39.5,39.5,0,HANA
2024-06-06,38.350799560546875,41.75,42.0,40.25,40.5,30496100,HANA
2024-06-07,38.350799560546875,41.75,41.75,41.75,41.75,0,HANA
2024-06-10,38.12115478515625,41.5,42.0,40.0,40.75,9176900,HANA
2024-06-11,39.499027252197266,43.0,43.5,41.5,42.0,20180300,HANA
2024-06-12,42.02512741088867,45.75,45.75,43.25,43.25,30250400,HANA
2024-06-13,41.79548263549805,45.5,46.5,45.25,46.5,17902100,HANA
2024-06-14,41.79548263549805,45.5,46.25,45.25,45.5,8650300,HANA
2024-06-17,41.56583786010742,45.25,45.75,44.25,45.25,10260400,HANA
2024-06-18,42.48441696166992,46.25,46.5,45.5,46.0,12079000,HANA
2024-06-19,42.48441696166992,46.25,46.25,46.25,46.25,0,HANA
2024-06-20,44.09193801879883,48.0,48.5,47.5,48.25,11256300,HANA
2024-06-21,43.86228942871094,47.75,48.25,47.0,47.25,8503600,HANA
2024-06-24,43.86228942871094,47.75,47.75,47.75,47.75,0,HANA
2024-06-25,43.86228942871094,47.75,47.75,47.75,47.75,0,HANA
2024-06-26,43.86228942871094,47.75,47.75,47.75,47.75,0,HANA
2024-06-27,42.48441696166992,46.25,46.75,45.75,45.75,5511800,HANA
2024-06-28,42.71406555175781,46.5,46.75,46.0,46.75,4983300,HANA
2024-07-01,42.71406555175781,46.5,47.0,45.0,46.25,10552700,HANA
2024-07-02,41.10654830932617,44.75,47.0,44.5,47.0,13043100,HANA
2024-07-03,42.48441696166992,46.25,46.75,44.5,44.75,9159000,HANA
2024-07-04,44.09193801879883,48.0,48.25,46.75,46.75,12194100,HANA
2024-07-05,44.55122756958008,48.5,49.0,47.75,48.25,10771300,HANA
2024-07-08,44.55122756958008,48.5,48.75,47.75,48.75,4631600,HANA
2024-07-09,44.55122756958008,48.5,48.5,48.5,48.5,0,HANA
2024-07-10,44.09193801879883,48.0,48.75,47.75,48.25,4108800,HANA
2024-07-11,44.78087615966797,48.75,49.75,48.5,48.75,10606000,HANA
2024-07-12,44.78087615966797,48.75,48.75,48.75,48.75,0,HANA
2024-07-15,44.78087615966797,48.75,48.75,48.75,48.75,0,HANA
2024-07-16,44.55122756958008,48.5,49.25,48.25,49.0,7519900,HANA
2024-07-17,44.55122756958008,48.5,48.5,48.5,48.5,0,HANA
2024-07-18,41.56583786010742,45.25,46.0,44.75,45.75,13084700,HANA
2024-07-19,43.17335510253906,47.0,47.75,45.25,45.25,11802500,HANA
2024-07-23,42.02512741088867,45.75,47.75,45.5,47.75,7768700,HANA
2024-07-24,42.71406555175781,46.5,47.0,45.5,45.75,6489800,HANA
2024-07-25,41.56583786010742,45.25,45.75,44.25,45.0,13718300,HANA
2024-07-26,42.25476837158203,46.0,46.0,44.75,45.25,4983200,HANA
2024-07-30,42.25476837158203,46.0,46.0,46.0,46.0,0,HANA
2024-07-31,42.71406555175781,46.5,47.0,46.0,47.0,5870200,HANA
2024-08-01,42.71406555175781,46.5,47.5,46.25,47.0,7539700,HANA
2024-08-02,42.71406555175781,46.5,46.5,46.5,46.5,0,HANA
2024-08-05,38.12115478515625,41.5,43.75,41.0,43.5,13854500,HANA
2024-08-06,37.202571868896484,40.5,43.0,40.25,42.75,9957200,HANA
2024-08-07,38.350799560546875,41.75,42.25,41.25,41.5,5610900,HANA
2024-08-08,38.350799560546875,41.75,41.75,41.75,41.75,0,HANA
2024-08-09,37.202571868896484,40.5,42.75,40.0,42.5,10952000,HANA
2024-08-13,37.661861419677734,41.0,41.5,40.25,40.5,4507800,HANA
2024-08-14,37.661861419677734,41.0,42.25,40.5,41.75,14800500,HANA
2024-08-15,35.595054626464844,38.75,40.5,38.5,40.0,13398700,HANA
2024-08-16,36.28398895263672,39.5,39.75,39.0,39.25,6121200,HANA
2024-08-19,37.43221664428711,40.75,40.75,39.25,39.5,4473200,HANA
2024-08-20,37.89150619506836,41.25,41.75,41.0,41.25,9556200,HANA
2024-08-21,37.43221664428711,40.75,41.75,40.75,41.0,4954100,HANA
2024-08-22,37.43221664428711,40.75,40.75,40.75,40.75,0,HANA
2024-08-23,35.36540603637695,38.5,38.75,38.0,38.75,15745900,HANA
2024-08-26,35.36540603637695,38.5,38.75,38.0,38.0,8111600,HANA
2024-08-27,36.05434799194336,39.25,39.5,38.0,38.5,14130000,HANA
2024-08-28,36.743282318115234,40.0,40.5,39.25,39.5,17766400,HANA
2024-08-29,35.595054626464844,38.75,39.75,38.5,39.5,7239500,HANA
2024-08-30,35.82469940185547,39.0,39.75,38.75,39.0,8336800,HANA
2024-09-02,35.82469940185547,39.0,39.0,39.0,39.0,0,HANA
2024-09-03,35.82469940185547,39.0,39.0,39.0,39.0,0,HANA
2024-09-04,35.82469940185547,39.0,39.0,39.0,39.0,0,HANA
2024-09-05,36.28398895263672,39.5,39.5,39.0,39.5,7665100,HANA
2024-09-06,34.90611267089844,38.0,39.5,38.0,39.25,17381700,HANA
2024-09-09,34.90611267089844,38.0,38.0,38.0,38.0,0,HANA
2024-09-10,36.05434799194336,39.25,39.75,39.0,39.25,13968900,HANA
2024-09-11,35.36540603637695,38.5,39.5,38.5,39.25,9061600,HANA
2024-09-12,35.595054626464844,38.75,39.5,38.75,39.0,9951100,HANA
2024-09-13,35.36540603637695,38.5,39.0,38.5,39.0,4107000,HANA
2024-09-16,35.36540603637695,38.5,38.5,38.5,38.5,0,HANA
2024-09-17,36.28398895263672,39.5,39.5,38.0,38.25,13110600,HANA
2024-09-18,36.28398895263672,39.5,39.5,39.5,39.5,0,HANA
2024-09-19,36.28398895263672,39.5,39.5,39.5,39.5,0,HANA
2024-09-20,37.89150619506836,41.25,42.0,41.25,41.75,9973100,HANA
2024-09-23,37.43221664428711,40.75,41.25,40.5,41.25,9639200,HANA
2024-09-24,39.269378662109375,42.75,42.75,40.5,40.75,22865400,HANA
2024-09-25,38.810089111328125,42.25,43.5,42.0,43.25,13917300,HANA
2024-09-26,38.12115478515625,41.5,42.5,41.0,42.5,12384500,HANA
2024-09-27,38.12115478515625,41.5,41.5,41.5,41.5,0,HANA
2024-09-30,37.43221664428711,40.75,41.25,40.25,41.0,7758900,HANA
2024-10-01,40.18796157836914,43.75,44.0,41.0,41.0,30799200,HANA
2024-10-02,38.810089111328125,42.25,43.5,41.75,43.25,27073900,HANA
2024-10-03,37.661861419677734,41.0,42.25,41.0,42.25,16116300,HANA
2024-10-04,37.661861419677734,41.0,41.0,41.0,41.0,0,HANA
2024-10-07,38.12115478515625,41.5,42.5,41.5,42.25,10208200,HANA
2024-10-08,38.12115478515625,41.5,42.0,41.0,41.25,13206000,HANA
2024-10-09,37.89150619506836,41.25,42.5,41.0,41.75,11186500,HANA
2024-10-10,38.350799560546875,41.75,42.25,41.25,41.25,13118700,HANA
2024-10-11,37.661861419677734,41.0,42.0,40.75,41.5,12468500,HANA
2024-10-15,37.661861419677734,41.0,41.75,41.0,41.25,9107500,HANA
2024-10-16,37.661861419677734,41.0,41.0,41.0,41.0,0,HANA
2024-10-17,35.135765075683594,38.25,40.0,38.25,39.75,20531200,HANA
2024-10-18,35.135765075683594,38.25,39.25,38.0,38.25,13982700,HANA
2024-10-21,35.82469940185547,39.0,39.0,38.25,38.25,5303200,HANA
2024-10-22,35.82469940185547,39.0,39.0,39.0,39.0,0,HANA
2024-10-24,35.135765075683594,38.25,39.0,38.25,38.5,4664800,HANA
2024-10-25,35.36540603637695,38.5,38.5,38.25,38.5,3513300,HANA
2024-10-28,34.67647171020508,37.75,38.5,37.75,38.5,6144400,HANA
2024-10-29,34.67647171020508,37.75,37.75,37.75,37.75,0,HANA
2024-10-30,33.75788879394531,36.75,37.5,36.5,36.5,5932300,HANA
2024-10-31,35.135765075683594,38.25,38.75,36.5,36.5,11993600,HANA
2024-11-01,34.67647171020508,37.75,38.25,37.25,38.0,5699800,HANA
2024-11-04,34.44682693481445,37.5,38.25,37.5,38.0,3378800,HANA
2024-11-05,35.36540603637695,38.5,39.0,37.75,37.75,7027600,HANA
2024-11-06,36.28398895263672,39.5,40.5,39.0,39.0,36845600,HANA
2024-11-07,35.36540603637695,38.5,39.75,38.0,39.75,13687900,HANA
2024-11-08,34.44682693481445,37.5,38.5,37.25,38.5,11551200,HANA
2024-11-11,33.98753356933594,37.0,37.5,36.25,37.5,5490800,HANA
2024-11-12,32.3800163269043,35.25,37.0,35.0,37.0,8776400,HANA
2024-11-13,32.150367736816406,35.0,36.25,33.75,34.75,16986700,HANA
2024-11-14,27.7871036529541,30.25,32.75,30.25,32.5,49791700,HANA
2024-11-15,27.7871036529541,30.25,31.25,29.25,30.5,16775200,HANA
2024-11-18,28.476041793823242,31.0,31.0,29.75,30.25,7063200,HANA
2024-11-19,27.327816009521484,29.75,31.5,29.75,31.0,15868600,HANA
2024-11-20,26.868526458740234,29.25,29.75,28.5,29.5,22368000,HANA
2024-11-21,25.490650177001953,27.75,29.5,27.75,29.25,18015600,HANA
2024-11-22,25.490650177001953,27.75,28.5,27.5,28.0,10176600,HANA
2024-11-25,25.490650177001953,27.75,28.5,27.5,28.5,8394800,HANA
2024-11-26,26.17958641052246,28.5,29.5,27.75,28.0,15863800,HANA
2024-11-27,25.72029685974121,28.0,28.75,28.0,28.5,6940200,HANA
2024-11-28,25.72029685974121,27.75,28.0,27.5,27.75,2745000,HANA
2024-11-29,25.256868362426758,27.25,28.5,26.75,27.75,10230000,HANA
2024-12-02,25.488582611083984,27.5,27.75,26.75,27.5,6630400,HANA
2024-12-03,24.561723709106445,26.5,27.5,26.0,27.5,15505700,HANA
2024-12-04,25.02515411376953,27.0,27.25,26.5,26.5,7634700,HANA
2024-12-06,25.02515411376953,27.0,27.0,26.25,26.75,5120700,HANA
2024-12-09,24.33000946044922,26.25,27.0,26.0,27.0,4835500,HANA
2024-12-11,24.098297119140625,26.0,27.0,26.0,26.25,6355500,HANA
2024-12-12,23.634868621826172,25.5,27.0,25.25,26.25,11561100,HANA
2024-12-13,23.8665828704834,25.75,26.0,25.25,25.25,4917400,HANA
2024-12-16,23.171438217163086,25.0,25.75,25.0,25.75,3720400,HANA
2024-12-17,21.966524124145508,23.700000762939453,25.75,23.700000762939453,25.25,19755000,HANA
2024-12-18,21.41040802001953,23.100000381469727,24.100000381469727,23.0,23.899999618530273,20856700,HANA
2024-12-19,22.52263832092285,24.299999237060547,25.25,23.0,23.0,48889300,HANA
2024-12-20,22.24458122253418,24.0,24.899999618530273,24.0,24.299999237060547,28026300,HANA
2024-12-23,23.403154373168945,25.25,25.5,24.100000381469727,24.200000762939453,13774200,HANA
2024-12-24,23.634868621826172,25.5,25.75,25.0,25.5,6424000,HANA
2024-12-25,24.098297119140625,26.0,26.0,25.25,25.5,5151700,HANA
2024-12-26,23.634868621826172,25.5,26.25,25.25,26.25,6059500,HANA
2024-12-27,23.403154373168945,25.25,25.75,25.0,25.25,5992500,HANA
2024-12-30,22.893383026123047,24.700000762939453,25.5,24.700000762939453,25.25,8260000,HANA
2025-01-02,22.52263832092285,24.299999237060547,24.799999237060547,24.100000381469727,24.700000762939453,8390000,HANA
2025-01-03,22.615324020385742,24.399999618530273,25.5,24.299999237060547,24.399999618530273,9552300,HANA
2025-01-06,22.893383026123047,24.700000762939453,25.25,24.5,24.5,10007200,HANA
2025-01-07,23.403154373168945,25.25,26.0,24.899999618530273,24.899999618530273,11987000,HANA
2025-01-08,22.986066818237305,24.799999237060547,25.5,24.5,25.0,10531200,HANA
2025-01-09,22.33726692199707,24.100000381469727,24.700000762939453,24.100000381469727,24.600000381469727,10514600,HANA
2025-01-10,22.059207916259766,23.799999237060547,24.399999618530273,23.600000381469727,24.100000381469727,8154900,HANA
2025-01-13,21.781152725219727,23.5,23.799999237060547,23.200000762939453,23.5,7138500,HANA
2025-01-14,21.0396671295166,22.700000762939453,23.899999618530273,22.600000381469727,23.899999618530273,9337000,HANA
2025-01-15,21.31772232055664,23.0,23.299999237060547,22.600000381469727,22.799999237060547,7301300,HANA
2025-01-16,21.31772232055664,23.0,23.299999237060547,22.799999237060547,23.299999237060547,6431900,HANA
2025-01-17,20.946979522705078,22.600000381469727,23.200000762939453,22.5,22.799999237060547,8542400,HANA
2025-01-20,21.225038528442383,22.899999618530273,23.100000381469727,22.600000381469727,22.700000762939453,5375100,HANA
2025-01-21,22.708009719848633,24.5,24.700000762939453,23.100000381469727,23.200000762939453,12763900,HANA
2025-01-22,22.24458122253418,24.0,24.799999237060547,23.899999618530273,24.600000381469727,9738000,HANA
2025-01-23,22.24458122253418,24.0,24.700000762939453,24.0,24.0,8260500,HANA
2025-01-24,22.708009719848633,24.5,24.600000381469727,24.100000381469727,24.100000381469727,6154400,HANA
2025-01-27,21.873838424682617,23.600000381469727,24.5,23.399999618530273,24.200000762939453,7483800,HANA
2025-01-28,22.15189552307129,23.899999618530273,24.100000381469727,23.0,23.0,7848000,HANA
2025-01-29,21.966524124145508,23.700000762939453,24.299999237060547,23.5,24.100000381469727,7306200,HANA
2025-01-30,21.781152725219727,23.5,24.200000762939453,23.399999618530273,23.700000762939453,5943900,HANA
2025-01-31,21.873838424682617,23.600000381469727,23.700000762939453,23.100000381469727,23.600000381469727,6673800,HANA
2025-02-03,20.854293823242188,22.5,22.899999618530273,22.200000762939453,22.799999237060547,9661700,HANA
2025-02-04,20.112810134887695,21.700000762939453,23.200000762939453,21.600000381469727,22.600000381469727,12138700,HANA
2025-02-05,19.55669403076172,21.100000381469727,22.200000762939453,21.0,21.5,13573100,HANA
2025-02-06,19.371322631835938,20.899999618530273,21.399999618530273,20.799999237060547,21.399999618530273,7511200,HANA
2025-02-07,19.834753036499023,21.399999618530273,21.399999618530273,20.600000381469727,20.899999618530273,7527900,HANA
2025-02-10,19.278636932373047,20.799999237060547,21.299999237060547,20.5,20.899999618530273,8485900,HANA
2025-02-11,20.205493927001953,21.799999237060547,21.899999618530273,20.899999618530273,20.899999618530273,7702900,HANA
2025-02-13,20.57623863220215,22.200000762939453,22.399999618530273,21.600000381469727,21.700000762939453,6732100,HANA
2025-02-14,20.483551025390625,22.100000381469727,22.700000762939453,21.700000762939453,22.399999618530273,8703800,HANA
2025-02-17,20.390865325927734,22.0,22.0,20.799999237060547,21.299999237060547,9910600,HANA
2025-02-18,20.298181533813477,21.899999618530273,22.5,21.899999618530273,22.5,6485400,HANA
2025-02-19,20.483551025390625,22.100000381469727,23.0,21.899999618530273,22.0,8889200,HANA
2025-02-20,20.020122528076172,21.600000381469727,22.299999237060547,21.399999618530273,22.0,9358000,HANA
2025-02-21,19.464008331298828,21.0,21.799999237060547,21.0,21.700000762939453,7524600,HANA
2025-02-24,19.834753036499023,21.399999618530273,21.399999618530273,20.899999618530273,21.0,5039600,HANA
2025-02-25,19.55669403076172,21.100000381469727,21.5,20.600000381469727,20.899999618530273,9508500,HANA
2025-02-26,19.7420654296875,21.299999237060547,21.399999618530273,20.399999618530273,21.100000381469727,10119200,HANA
2025-02-27,18.629837036132812,20.100000381469727,21.799999237060547,20.100000381469727,21.100000381469727,10466800,HANA
2025-02-28,14.922407150268555,16.100000381469727,16.799999237060547,15.899999618530273,16.0,47968700,HANA
2025-03-03,15.015093803405762,16.200000762939453,16.899999618530273,16.0,16.5,20813500,HANA
2025-03-04,14.737034797668457,15.899999618530273,16.399999618530273,15.699999809265137,16.0,17204600,HANA
2025-03-05,15.293149948120117,16.5,16.799999237060547,15.899999618530273,16.100000381469727,19733700,HANA
2025-03-06,15.015093803405762,16.200000762939453,17.0,16.200000762939453,16.700000762939453,22955600,HANA
2025-03-07,15.66389274597168,16.899999618530273,17.100000381469727,16.200000762939453,16.299999237060547,19044900,HANA
2025-03-10,15.571206092834473,16.799999237060547,17.200000762939453,16.5,16.799999237060547,11496800,HANA
2025-03-11,16.405380249023438,17.700000762939453,17.799999237060547,16.5,16.600000381469727,16342500,HANA
2025-03-12,15.75657844543457,17.0,17.899999618530273,16.700000762939453,17.700000762939453,13654700,HANA
2025-03-13,15.75657844543457,16.5,17.200000762939453,16.5,16.799999237060547,9310100,HANA
2025-03-14,16.520532608032227,17.299999237060547,17.299999237060547,16.5,16.700000762939453,10416600,HANA
2025-03-17,16.043060302734375,16.799999237060547,17.399999618530273,16.700000762939453,17.399999618530273,6984200,HANA
2025-03-18,15.852073669433594,16.600000381469727,17.100000381469727,16.399999618530273,17.0,8019400,HANA
2025-03-19,16.1385555267334,16.899999618530273,17.200000762939453,16.600000381469727,16.600000381469727,7414100,HANA
2025-03-20,16.043060302734375,16.799999237060547,17.299999237060547,16.799999237060547,16.899999618530273,7267200,HANA
2025-03-21,16.043060302734375,16.799999237060547,17.100000381469727,16.700000762939453,17.0,5436800,HANA
2025-03-24,16.043060302734375,16.799999237060547,17.0,16.600000381469727,17.0,4437700,HANA
2025-03-25,15.9475679397583,16.700000762939453,17.100000381469727,16.600000381469727,16.899999618530273,5219300,HANA
2025-03-26,16.043060302734375,16.799999237060547,17.200000762939453,16.799999237060547,16.799999237060547,5309300,HANA
2025-03-27,16.234050750732422,17.0,17.0,16.399999618530273,16.700000762939453,6842300,HANA
2025-03-28,15.75657844543457,16.5,16.899999618530273,16.399999618530273,16.899999618530273,5638600,HANA
2025-03-31,15.183611869812012,15.899999618530273,16.299999237060547,15.699999809265137,15.699999809265137,5455600,HANA
2025-04-01,15.088118553161621,15.800000190734863,16.200000762939453,15.800000190734863,16.100000381469727,5017000,HANA
2025-04-02,15.75657844543457,16.5,16.600000381469727,15.800000190734863,15.899999618530273,7739400,HANA
2025-04-03,15.852073669433594,16.600000381469727,16.600000381469727,16.100000381469727,16.399999618530273,12110500,HANA
2025-04-04,14.897130012512207,15.600000381469727,16.299999237060547,15.5,16.299999237060547,13922400,HANA
2025-04-08,14.228667259216309,14.899999618530273,15.199999809265137,14.0,14.600000381469727,10614200,HANA
2025-04-09,14.324162483215332,15.0,15.300000190734863,14.600000381469727,14.899999618530273,4378600,HANA
2025-04-10,15.470096588134766,16.200000762939453,17.100000381469727,16.100000381469727,16.200000762939453,17298800,HANA
2025-04-11,15.279107093811035,16.0,16.399999618530273,15.699999809265137,16.0,5805200,HANA
2025-04-16,16.329545974731445,17.100000381469727,17.299999237060547,16.399999618530273,16.5,11246500,HANA
2025-04-17,17.28449058532715,18.100000381469727,18.200000762939453,16.899999618530273,16.899999618530273,13689100,HANA
2025-04-18,17.666467666625977,18.5,18.5,17.799999237060547,17.899999618530273,10085600,HANA
2025-04-21,17.188995361328125,18.0,18.799999237060547,17.700000762939453,18.399999618530273,9071000,HANA
2025-04-22,17.188995361328125,18.0,18.100000381469727,17.399999618530273,17.700000762939453,7077100,HANA
2025-04-23,17.47547721862793,18.299999237060547,18.600000381469727,18.100000381469727,18.5,11949900,HANA
2025-04-24,18.048444747924805,18.899999618530273,19.399999618530273,18.399999618530273,18.5,21863000,HANA
2025-04-25,19.385364532470703,20.299999237060547,20.5,19.100000381469727,19.200000762939453,23699400,HANA
2025-04-28,18.71690559387207,19.600000381469727,20.399999618530273,19.600000381469727,20.299999237060547,11143300,HANA
2025-04-29,18.525917053222656,19.399999618530273,19.899999618530273,19.200000762939453,19.799999237060547,9868000,HANA
2025-04-30,18.430421829223633,19.299999237060547,19.600000381469727,18.799999237060547,19.5,12005300,HANA
2025-05-02,18.430421829223633,19.299999237060547,19.899999618530273,19.299999237060547,19.600000381469727,9543800,HANA
2025-05-06,17.570972442626953,18.399999618530273,19.399999618530273,18.200000762939453,19.299999237060547,9668900,HANA
2025-05-07,18.430421829223633,19.299999237060547,19.299999237060547,18.5,18.5,14195700,HANA
2025-05-08,18.23943328857422,19.100000381469727,19.600000381469727,18.600000381469727,19.200000762939453,22244100,HANA
2025-05-09,18.621410369873047,19.5,19.600000381469727,19.0,19.0,8696100,HANA
2025-05-13,19.57635498046875,20.5,21.600000381469727,20.399999618530273,20.399999618530273,23859200,HANA
2025-05-14,21.008771896362305,22.0,22.5,20.799999237060547,20.899999618530273,49979500,HANA
2025-05-15,19.767343521118164,20.700000762939453,22.100000381469727,20.700000762939453,21.899999618530273,23238800,HANA
2025-05-16,19.194377899169922,20.100000381469727,21.0,20.0,20.700000762939453,17823900,HANA
2025-05-19,17.95294952392578,18.799999237060547,19.899999618530273,18.700000762939453,19.799999237060547,14084400,HANA
2025-05-20,17.666467666625977,18.5,19.299999237060547,18.399999618530273,19.200000762939453,12961200,HANA
2025-05-21,17.570972442626953,18.399999618530273,19.100000381469727,18.299999237060547,18.5,12459900,HANA
2025-05-22,17.188995361328125,18.0,18.5,17.899999618530273,18.200000762939453,8291000,HANA
2025-05-23,16.711523056030273,17.5,18.100000381469727,17.5,18.100000381469727,7230300,HANA
2025-05-26,17.379985809326172,18.200000762939453,18.299999237060547,17.399999618530273,17.600000381469727,10012500,HANA
2025-05-27,16.99800682067871,17.799999237060547,18.0,17.600000381469727,18.0,7014100,HANA
2025-05-28,17.47547721862793,18.299999237060547,18.700000762939453,18.0,18.200000762939453,10739800,HANA
2025-05-29,18.334928512573242,19.200000762939453,19.600000381469727,19.0,19.399999618530273,19002800,HANA
2025-05-30,17.85745620727539,18.700000762939453,19.299999237060547,18.700000762939453,18.799999237060547,8089800,HANA
2025-06-04,16.99800682067871,17.799999237060547,18.600000381469727,17.799999237060547,18.600000381469727,9798600,HANA
2025-06-05,17.0935001373291,17.899999618530273,18.200000762939453,17.700000762939453,18.0,6691900,HANA
2025-06-06,17.570972442626953,18.399999618530273,18.399999618530273,17.700000762939453,17.899999618530273,5844700,HANA
2025-06-09,17.666467666625977,18.5,18.799999237060547,18.299999237060547,18.5,4478500,HANA
2025-06-10,17.85745620727539,18.700000762939453,19.100000381469727,18.5,18.5,5711900,HANA
2025-06-11,17.666467666625977,18.5,18.899999618530273,18.5,18.799999237060547,4558200,HANA
2025-06-12,17.0935001373291,17.899999618530273,18.799999237060547,17.899999618530273,18.5,7153800,HANA
2025-06-13,16.711523056030273,17.5,17.799999237060547,17.299999237060547,17.600000381469727,9039100,HANA
2025-06-16,16.90251350402832,17.700000762939453,17.899999618530273,17.200000762939453,17.5,8360500,HANA
2025-06-17,16.807016372680664,17.600000381469727,17.899999618530273,17.399999618530273,17.799999237060547,7292600,HANA
2025-06-18,17.47547721862793,18.299999237060547,18.799999237060547,17.700000762939453,17.700000762939453,15634800,HANA
2025-06-19,16.711523056030273,17.5,18.100000381469727,17.5,18.100000381469727,10217000,HANA
2025-06-20,17.0935001373291,17.899999618530273,18.100000381469727,17.299999237060547,17.600000381469727,14020300,HANA
2025-06-23,17.0935001373291,17.899999618530273,18.200000762939453,17.5,17.600000381469727,6983900,HANA
2025-06-24,17.570972442626953,18.399999618530273,18.600000381469727,18.200000762939453,18.200000762939453,7698000,HANA
2025-06-25,18.621410369873047,19.5,19.799999237060547,18.399999618530273,18.399999618530273,14532600,HANA
2025-06-26,19.003387451171875,19.899999618530273,20.5,19.5,19.700000762939453,22803800,HANA
2025-06-27,18.525917053222656,19.399999618530273,19.799999237060547,19.299999237060547,19.799999237060547,13554900,HANA
2025-06-30,18.621410369873047,19.5,19.799999237060547,19.399999618530273,19.700000762939453,8683400,HANA
2025-07-01,19.0988826751709,20.0,20.100000381469727,19.399999618530273,19.600000381469727,12908500,HANA
2025-07-02,19.480859756469727,20.399999618530273,20.600000381469727,19.799999237060547,19.899999618530273,21149200,HANA
2025-07-03,20.531299591064453,21.5,21.899999618530273,20.5,20.5,32448000,HANA
2025-07-04,19.862838745117188,20.799999237060547,21.5,20.700000762939453,21.5,19185600,HANA
2025-07-07,19.289873123168945,20.200000762939453,20.299999237060547,19.399999618530273,20.100000381469727,22256800,HANA
2025-07-08,19.95833396911621,20.899999618530273,21.0,19.100000381469727,19.100000381469727,30954200,HANA
2025-07-09,18.907894134521484,19.799999237060547,21.100000381469727,19.700000762939453,20.600000381469727,19776400,HANA
2025-07-11,18.907894134521484,19.799999237060547,20.200000762939453,19.600000381469727,20.100000381469727,8953900,HANA
2025-07-14,19.385364532470703,20.299999237060547,20.399999618530273,19.700000762939453,20.0,10824900,HANA
2025-07-15,20.149322509765625,21.100000381469727,21.299999237060547,20.299999237060547,20.399999618530273,14171200,HANA
2025-07-16,20.149322509765625,21.100000381469727,21.799999237060547,20.600000381469727,21.0,22238000,HANA
2025-07-17,21.19976234436035,22.200000762939453,22.5,21.299999237060547,21.299999237060547,31229600,HANA
2025-07-18,21.008771896362305,22.0,22.700000762939453,21.799999237060547,22.399999618530273,20638300,HANA
2025-07-21,20.7222900390625,21.700000762939453,22.299999237060547,21.700000762939453,22.200000762939453,11669800,HANA
2025-07-22,20.34031105041504,21.299999237060547,22.299999237060547,21.200000762939453,21.700000762939453,11715300,HANA
2025-07-23,20.531299591064453,21.5,22.0,21.299999237060547,21.5,14508600,HANA
2025-07-24,19.95833396911621,20.899999618530273,22.200000762939453,20.899999618530273,21.799999237060547,28776000,HANA
2025-07-25,20.531299591064453,21.5,21.700000762939453,20.899999618530273,20.899999618530273,12527000,HANA
2025-07-29,21.29525375366211,22.299999237060547,22.600000381469727,21.299999237060547,21.700000762939453,31207300,HANA
2025-07-30,22.72766876220703,23.799999237060547,23.899999618530273,22.200000762939453,22.600000381469727,50280500,HANA
2025-07-31,22.0592098236084,23.100000381469727,23.799999237060547,23.100000381469727,23.600000381469727,31018400,HANA
2025-08-01,21.58173942565918,22.600000381469727,24.399999618530273,22.600000381469727,24.200000762939453,34619900,HANA
2025-08-04,21.486244201660156,22.5,23.0,22.200000762939453,22.399999618530273,14392000,HANA
2025-08-05,21.77272605895996,22.799999237060547,23.299999237060547,22.399999618530273,22.700000762939453,17823900,HANA
2025-08-06,21.963716506958008,23.0,23.100000381469727,22.5,22.899999618530273,14521100,HANA
2025-08-07,21.29525375366211,22.299999237060547,22.899999618530273,22.200000762939453,22.700000762939453,19080500,HANA
2025-08-08,21.19976234436035,22.200000762939453,22.799999237060547,22.200000762939453,22.399999618530273,12005200,HANA
2025-08-13,22.154705047607422,23.200000762939453,23.700000762939453,22.5,22.5,34548300,HANA
2025-08-14,21.486244201660156,22.5,23.0,22.299999237060547,22.899999618530273,26036200,HANA
2025-08-15,20.626794815063477,21.600000381469727,22.200000762939453,21.5,22.100000381469727,19632800,HANA
2025-08-18,20.24481773376465,21.200000762939453,21.899999618530273,21.100000381469727,21.700000762939453,11903000,HANA
2025-08-19,20.24481773376465,21.200000762939453,21.600000381469727,21.0,21.299999237060547,9889400,HANA
2025-08-20,20.531299591064453,21.5,21.700000762939453,20.700000762939453,21.200000762939453,16587700,HANA
2025-08-21,22.154705047607422,23.200000762939453,23.299999237060547,21.399999618530273,21.399999618530273,42583200,HANA
2025-08-22,23.682615280151367,24.799999237060547,25.25,23.700000762939453,24.0,96595800,HANA
2025-08-25,23.396133422851562,24.5,25.5,24.399999618530273,25.25,22028400,HANA
2025-08-26,24.112340927124023,25.25,25.75,24.399999618530273,24.399999618530273,28023600,HANA
2025-08-27,23.587121963500977,24.700000762939453,25.5,24.5,25.5,19288400,HANA
2025-08-28,23.682615280151367,24.799999237060547,25.25,24.5,24.600000381469727,10407700,HANA
2025-08-29,23.109649658203125,24.200000762939453,25.0,24.200000762939453,24.799999237060547,19978700,HANA
2025-09-01,23.30063819885254,24.399999618530273,24.700000762939453,24.299999237060547,24.399999618530273,9515200,HANA
2025-09-02,23.30063819885254,24.399999618530273,24.700000762939453,24.200000762939453,24.600000381469727,10131400,HANA
2025-09-03,23.77811050415039,24.899999618530273,25.0,24.200000762939453,24.299999237060547,15215400,HANA
2025-09-04,23.491626739501953,24.600000381469727,25.5,24.5,25.0,17432600,HANA
2025-09-05,24.112340927124023,25.25,25.25,24.700000762939453,24.700000762939453,11321800,HANA
2025-09-08,23.396133422851562,24.5,25.25,24.299999237060547,25.25,19075100,HANA
2025-09-09,24.112340927124023,25.25,25.75,24.5,24.600000381469727,23193900,HANA
2025-09-10,23.87360382080078,25.0,25.5,24.700000762939453,25.25,10585800,HANA
2025-09-11,24.112340927124023,25.25,25.75,24.899999618530273,25.0,9671300,HANA
2025-09-12,24.828548431396484,26.0,26.5,25.5,25.75,15661600,HANA
2025-09-15,24.828548431396484,26.0,26.25,25.5,26.0,8718200,HANA
2025-09-16,25.067283630371094,26.25,26.75,25.75,26.5,10805000,HANA
2025-09-17,24.589813232421875,25.75,26.5,25.75,26.25,8091200,HANA
2025-09-18,24.112340927124023,25.25,26.0,25.0,26.0,12617200,HANA
2025-09-19,23.87360382080078,25.0,25.5,25.0,25.25,3878200,HANA
2025-09-22,23.491626739501953,24.600000381469727,25.25,24.600000381469727,25.0,8758000,HANA
2025-09-23,24.351076126098633,25.5,26.0,24.899999618530273,24.899999618530273,23616600,HANA
2025-09-24,24.112340927124023,25.25,25.75,25.0,25.5,8222900,HANA
2025-09-25,24.351076126098633,25.5,25.75,25.25,25.25,4580500,HANA
2025-09-26,23.587121963500977,24.700000762939453,25.5,24.700000762939453,25.5,10153000,HANA
2025-09-29,22.250198364257812,23.299999237060547,24.799999237060547,23.0,24.5,34983400,HANA
2025-09-30,21.77272605895996,22.799999237060547,23.700000762939453,22.799999237060547,23.5,17988300,HANA
2025-10-01,21.486244201660156,22.5,23.200000762939453,22.5,22.899999618530273,20128200,HANA
2025-10-02,22.154705047607422,23.200000762939453,23.799999237060547,22.899999618530273,22.899999618530273,23095500,HANA
2025-10-03,21.963716506958008,23.0,23.799999237060547,23.0,23.200000762939453,16820300,HANA
2025-10-06,22.154705047607422,23.200000762939453,23.200000762939453,22.600000381469727,23.0,8365700,HANA
2025-10-07,22.154705047607422,23.200000762939453,23.200000762939453,23.200000762939453,23.200000762939453,0,HANA
2025-10-08,23.109649658203125,24.200000762939453,24.899999618530273,24.200000762939453,24.700000762939453,24691500,HANA
2025-10-09,23.491626739501953,24.600000381469727,25.25,24.5,24.799999237060547,38132000,HANA
2025-10-10,22.72766876220703,23.799999237060547,24.299999237060547,23.700000762939453,24.100000381469727,19441300,HANA
2025-10-14,21.963716506958008,23.0,24.100000381469727,23.0,24.100000381469727,17050400,HANA
2025-10-15,22.823163986206055,23.899999618530273,23.899999618530273,23.100000381469727,23.200000762939453,16220900,HANA
2025-10-16,23.109649658203125,24.200000762939453,24.600000381469727,23.899999618530273,24.0,24739300,HANA
2025-10-17,22.345693588256836,23.399999618530273,24.600000381469727,23.299999237060547,23.899999618530273,28483000,HANA
2025-10-20,22.345693588256836,23.399999618530273,24.100000381469727,23.399999618530273,23.799999237060547,10710500,HANA
2025-10-21,22.53668212890625,23.600000381469727,24.100000381469727,23.5,23.899999618530273,10567300,HANA
2025-10-22,22.632177352905273,23.700000762939453,24.0,23.100000381469727,23.600000381469727,17633500,HANA
2025-10-24,22.72766876220703,23.799999237060547,24.299999237060547,23.799999237060547,24.0,13010900,HANA
2025-10-27,22.823163986206055,23.899999618530273,24.799999237060547,23.799999237060547,24.200000762939453,27623200,HANA
2025-10-28,22.345693588256836,23.399999618530273,24.299999237060547,23.399999618530273,24.200000762939453,22200300,HANA
2025-10-29,22.345693588256836,23.399999618530273,23.799999237060547,23.399999618530273,23.5,9655400,HANA
2025-10-30,22.250198364257812,23.299999237060547,24.100000381469727,23.200000762939453,23.299999237060547,24282400,HANA
2025-10-31,22.154705047607422,23.200000762939453,23.600000381469727,23.100000381469727,23.399999618530273,9888100,HANA
2025-11-03,22.250198364257812,23.299999237060547,23.600000381469727,23.299999237060547,23.399999618530273,9148200,HANA
2025-11-04,21.486244201660156,22.5,23.5,22.5,23.299999237060547,12151600,HANA
2025-11-05,20.24481773376465,21.200000762939453,22.0,21.0,21.799999237060547,24350000,HANA
2025-11-06,21.008771896362305,22.0,22.0,21.5,21.600000381469727,12508700,HANA
2025-11-07,20.24481773376465,21.200000762939453,21.799999237060547,21.200000762939453,21.700000762939453,8932900,HANA
2025-11-10,20.149322509765625,21.100000381469727,21.399999618530273,20.700000762939453,21.399999618530273,12295100,HANA
2025-11-11,19.862838745117188,20.799999237060547,21.600000381469727,20.799999237060547,21.299999237060547,11444400,HANA
2025-11-12,19.767343521118164,20.700000762939453,21.299999237060547,20.5,21.200000762939453,21826300,HANA
2025-11-13,17.379985809326172,18.200000762939453,19.399999618530273,17.899999618530273,19.399999618530273,43800600,HANA
2025-11-14,17.28449058532715,18.100000381469727,18.200000762939453,17.5,18.0,15354200,HANA
2025-11-17,17.47547721862793,18.299999237060547,18.299999237060547,17.600000381469727,17.899999618530273,12687100,HANA
2025-11-18,17.28449058532715,18.100000381469727,18.5,18.0,18.0,10697900,HANA
2025-11-19,17.28449058532715,18.100000381469727,18.299999237060547,17.799999237060547,18.299999237060547,8567000,HANA
2025-11-20,16.807016372680664,17.600000381469727,18.600000381469727,17.600000381469727,18.600000381469727,26227800,HANA
2025-11-21,15.56558895111084,16.299999237060547,17.200000762939453,16.299999237060547,17.200000762939453,26328900,HANA
2025-11-24,15.470096588134766,16.200000762939453,16.700000762939453,16.200000762939453,16.5,14796600,HANA
2025-11-25,15.75657844543457,16.5,16.799999237060547,16.399999618530273,16.5,19664500,HANA
2025-11-26,15.75657844543457,16.5,16.799999237060547,16.399999618530273,16.600000381469727,11810400,HANA
2025-11-27,15.708097457885742,16.200000762939453,16.700000762939453,16.200000762939453,16.399999618530273,13982000,HANA
2025-11-28,15.902023315429688,16.399999618530273,16.5,16.200000762939453,16.299999237060547,9422500,HANA
2025-12-01,16.3868408203125,16.899999618530273,16.899999618530273,16.200000762939453,16.299999237060547,12967700,HANA
2025-12-02,16.192914962768555,16.700000762939453,17.0,16.5,16.899999618530273,8465100,HANA
2025-12-03,15.902023315429688,16.399999618530273,16.700000762939453,16.299999237060547,16.600000381469727,7996500,HANA
2025-12-04,15.805059432983398,16.299999237060547,16.600000381469727,16.100000381469727,16.399999618530273,8755400,HANA
2025-12-08,15.417205810546875,15.899999618530273,16.299999237060547,15.800000190734863,16.299999237060547,8094200,HANA
2025-12-09,15.902023315429688,16.399999618530273,16.399999618530273,16.100000381469727,16.100000381469727,7277200,HANA
2025-12-11,15.514169692993164,16.0,16.600000381469727,16.0,16.600000381469727,4499300,HANA
2025-12-12,15.611133575439453,16.100000381469727,16.299999237060547,15.899999618530273,16.100000381469727,7479900,HANA
2025-12-15,15.998987197875977,16.5,16.5,15.800000190734863,16.0,5680500,HANA
2025-12-16,15.708097457885742,16.200000762939453,16.299999237060547,16.100000381469727,16.299999237060547,4737400,HANA
2025-12-17,15.514169692993164,16.0,16.399999618530273,16.0,16.399999618530273,7235900,HANA
2025-12-18,15.514169692993164,16.0,16.100000381469727,15.899999618530273,16.0,6675300,HANA
2025-12-19,15.805059432983398,16.299999237060547,16.399999618530273,16.100000381469727,16.100000381469727,5457800,HANA
2025-12-22,16.192914962768555,16.700000762939453,16.899999618530273,16.5,16.600000381469727,9843900,HANA
2025-12-23,16.3868408203125,16.899999618530273,16.899999618530273,16.700000762939453,16.799999237060547,5268200,HANA
2025-12-24,16.28987693786621,16.799999237060547,16.899999618530273,16.600000381469727,16.799999237060547,4588700,HANA
2025-12-25,15.805059432983398,16.299999237060547,16.799999237060547,16.200000762939453,16.799999237060547,7583400,HANA
2025-12-26,15.902023315429688,16.399999618530273,16.5,16.200000762939453,16.399999618530273,2586500,HANA
2025-12-29,15.805059432983398,16.299999237060547,16.399999618530273,16.200000762939453,16.299999237060547,3281700,HANA
2025-12-30,15.805059432983398,16.299999237060547,16.399999618530273,16.100000381469727,16.299999237060547,3091000,HANA
2023-01-03,36.93011474609375,41.0,41.25,40.75,40.75,3095000,JMART
2023-01-04,36.704925537109375,40.75,41.5,40.5,41.25,3218600,JMART
2023-01-05,36.02937698364258,40.0,40.75,40.0,40.75,4333100,JMART
2023-01-06,36.25456237792969,40.25,40.5,40.0,40.0,3114500,JMART
2023-01-09,37.38047790527344,41.5,42.0,40.25,40.5,10737100,JMART
2023-01-10,37.83084487915039,42.0,42.75,41.5,41.75,9750700,JMART
2023-01-11,38.0560302734375,42.25,42.5,41.75,42.25,5769000,JMART
2023-01-12,38.28121566772461,42.5,42.75,41.75,42.25,4643100,JMART
2023-01-13,38.28121566772461,42.5,43.5,42.0,42.5,10654200,JMART
2023-01-16,37.60566329956055,41.75,42.75,41.75,42.5,6449800,JMART
2023-01-17,37.15529251098633,41.25,42.25,41.0,41.75,5010500,JMART
2023-01-18,36.93011474609375,41.0,41.75,40.75,41.5,6242100,JMART
2023-01-19,36.02937698364258,40.0,41.25,39.5,41.25,16856500,JMART
2023-01-20,35.12864303588867,39.0,40.0,38.5,40.0,21523900,JMART
2023-01-23,35.12864303588867,39.0,39.75,39.0,39.25,8076900,JMART
2023-01-24,34.90345764160156,38.75,39.5,38.5,39.5,7940900,JMART
2023-01-25,34.002723693847656,37.75,39.25,37.75,39.0,10449000,JMART
2023-01-26,31.97607421875,35.5,38.0,35.25,37.75,35394800,JMART
2023-01-27,33.5523567199707,37.25,37.5,36.0,36.0,14611500,JMART
2023-01-30,33.32717514038086,37.0,38.0,36.5,37.25,9742000,JMART
2023-01-31,33.5523567199707,37.25,37.75,36.5,36.5,7879800,JMART
2023-02-01,33.77754211425781,37.5,38.0,37.25,37.5,3967400,JMART
2023-02-02,33.77754211425781,37.5,38.25,37.25,37.75,5378100,JMART
2023-02-03,33.5523567199707,37.25,37.75,37.0,37.75,4466300,JMART
2023-02-06,33.5523567199707,37.25,37.5,36.75,37.25,3181900,JMART
2023-02-07,33.10198974609375,36.75,37.5,36.5,37.25,8467400,JMART
2023-02-08,31.97607421875,35.5,37.0,35.5,37.0,9049800,JMART
2023-02-09,31.97607421875,35.5,35.75,33.75,35.5,23784700,JMART
2023-02-10,31.075336456298828,34.5,35.5,34.5,35.25,7971700,JMART
2023-02-13,29.949419021606445,33.25,34.75,33.0,34.5,14573500,JMART
2023-02-14,28.373132705688477,31.5,35.0,31.0,33.75,40749300,JMART
2023-02-15,25.670930862426758,28.5,31.75,28.5,31.75,38672700,JMART
2023-02-16,26.571664810180664,29.5,30.75,28.0,29.25,29175500,JMART
2023-02-17,24.545013427734375,27.25,29.0,25.75,28.5,64666600,JMART
2023-02-20,26.346481323242188,29.25,29.75,28.25,28.75,59441700,JMART
2023-02-21,25.896116256713867,28.75,29.5,28.25,29.5,25959300,JMART
2023-02-22,25.896116256713867,28.75,29.5,28.25,28.5,22563100,JMART
2023-02-23,26.12129783630371,29.0,29.25,28.5,29.0,11048800,JMART
2023-02-24,24.995378494262695,27.75,29.0,27.75,28.75,16817400,JMART
2023-02-27,25.220563888549805,28.0,28.5,27.0,27.75,8594400,JMART
2023-02-28,25.44574737548828,28.25,28.75,27.75,28.25,9960100,JMART
2023-03-01,24.77019500732422,27.5,28.5,27.5,28.5,6292800,JMART
2023-03-02,24.09464454650879,26.75,28.0,26.5,27.5,14880400,JMART
2023-03-03,24.09464454650879,26.75,27.25,26.25,27.0,7871200,JMART
2023-03-07,24.3198299407959,27.0,27.75,27.0,27.0,8442800,JMART
2023-03-08,23.869462966918945,26.5,27.0,25.75,27.0,18447800,JMART
2023-03-09,22.743545532226562,25.25,27.0,24.799999237060547,26.5,28183300,JMART
2023-03-10,21.437480926513672,23.799999237060547,25.25,23.700000762939453,24.799999237060547,30946400,JMART
2023-03-13,20.266525268554688,22.5,23.700000762939453,22.299999237060547,23.399999618530273,46901400,JMART
2023-03-14,20.716890335083008,23.0,23.5,22.700000762939453,22.700000762939453,23497700,JMART
2023-03-15,19.275718688964844,21.399999618530273,23.399999618530273,21.299999237060547,23.299999237060547,63079700,JMART
2023-03-16,19.8161563873291,22.0,22.299999237060547,21.200000762939453,21.899999618530273,54363100,JMART
2023-03-17,20.176450729370117,22.399999618530273,22.899999618530273,22.100000381469727,22.399999618530273,39137000,JMART
2023-03-20,20.987110137939453,23.299999237060547,23.5,22.5,22.5,37105000,JMART
2023-03-21,22.158065795898438,24.600000381469727,25.25,23.5,23.5,39999000,JMART
2023-03-22,20.626815795898438,22.899999618530273,24.399999618530273,22.600000381469727,24.399999618530273,50170700,JMART
2023-03-23,20.987110137939453,23.299999237060547,23.399999618530273,22.600000381469727,22.899999618530273,25557400,JMART
2023-03-24,20.80696678161621,23.100000381469727,23.600000381469727,22.899999618530273,23.299999237060547,15119100,JMART
2023-03-27,20.80696678161621,23.100000381469727,23.299999237060547,22.100000381469727,23.100000381469727,29860700,JMART
2023-03-28,21.437480926513672,23.799999237060547,24.100000381469727,22.899999618530273,23.100000381469727,25406500,JMART
2023-03-29,21.61762809753418,24.0,24.200000762939453,23.700000762939453,23.899999618530273,17120700,JMART
2023-03-30,20.89703941345215,23.200000762939453,24.0,23.200000762939453,24.0,17411500,JMART
2023-03-31,20.626815795898438,22.899999618530273,23.5,22.799999237060547,23.299999237060547,9496600,JMART
2023-04-03,20.89703941345215,23.200000762939453,23.299999237060547,22.700000762939453,23.100000381469727,8436100,JMART
2023-04-04,20.176450729370117,22.399999618530273,23.299999237060547,22.200000762939453,23.200000762939453,17304600,JMART
2023-04-05,19.18564224243164,21.299999237060547,22.600000381469727,21.100000381469727,22.399999618530273,23655600,JMART
2023-04-07,19.545936584472656,21.700000762939453,22.100000381469727,21.399999618530273,21.5,8989700,JMART
2023-04-10,19.99630355834961,22.200000762939453,22.5,21.700000762939453,21.799999237060547,10887000,JMART
2023-04-11,20.14483642578125,21.700000762939453,22.0,21.5,21.799999237060547,7884400,JMART
2023-04-12,19.6806697845459,21.200000762939453,21.899999618530273,21.0,21.799999237060547,14342700,JMART
2023-04-17,20.330501556396484,21.899999618530273,22.0,21.100000381469727,21.299999237060547,13347800,JMART
2023-04-18,20.14483642578125,21.700000762939453,22.0,21.5,22.0,6982000,JMART
2023-04-19,18.195337295532227,19.600000381469727,21.700000762939453,19.600000381469727,21.700000762939453,45430700,JMART
2023-04-20,17.824005126953125,19.200000762939453,20.200000762939453,19.100000381469727,19.799999237060547,30412700,JMART
2023-04-21,17.731170654296875,19.100000381469727,19.600000381469727,18.799999237060547,19.100000381469727,23138500,JMART
2023-04-24,18.009672164916992,19.399999618530273,19.899999618530273,19.200000762939453,19.200000762939453,18477500,JMART
2023-04-25,16.15300178527832,17.399999618530273,19.399999618530273,17.399999618530273,19.399999618530273,43212800,JMART
2023-04-26,17.081335067749023,18.399999618530273,18.600000381469727,17.5,17.5,26908600,JMART
2023-04-27,17.267004013061523,18.600000381469727,18.700000762939453,17.799999237060547,18.299999237060547,15130900,JMART
2023-04-28,18.38100242614746,19.799999237060547,20.600000381469727,19.0,19.200000762939453,45757800,JMART
2023-05-02,17.359838485717773,18.700000762939453,20.200000762939453,18.299999237060547,19.799999237060547,30394100,JMART
2023-05-03,17.731170654296875,19.100000381469727,19.299999237060547,18.100000381469727,18.399999618530273,20106900,JMART
2023-05-08,17.91683578491211,19.299999237060547,19.600000381469727,18.600000381469727,19.100000381469727,11991800,JMART
2023-05-09,18.288171768188477,19.700000762939453,20.200000762939453,19.200000762939453,19.399999618530273,16748400,JMART
2023-05-10,18.84516716003418,20.299999237060547,21.0,19.600000381469727,19.600000381469727,29343500,JMART
2023-05-11,18.566669464111328,20.0,20.399999618530273,19.899999618530273,20.299999237060547,11896800,JMART
2023-05-12,18.84516716003418,20.299999237060547,20.399999618530273,19.200000762939453,19.799999237060547,22607000,JMART
2023-05-15,16.89566993713379,18.200000762939453,20.200000762939453,17.399999618530273,19.5,73984200,JMART
2023-05-16,17.731170654296875,19.100000381469727,19.5,18.200000762939453,18.200000762939453,27973000,JMART
2023-05-17,17.824005126953125,19.200000762939453,19.600000381469727,18.899999618530273,19.0,20302800,JMART
2023-05-18,17.638336181640625,19.0,19.5,18.799999237060547,19.299999237060547,12712400,JMART
2023-05-19,17.638336181640625,19.0,19.200000762939453,18.899999618530273,19.0,8511800,JMART
2023-05-22,18.009672164916992,19.399999618530273,19.399999618530273,18.399999618530273,18.799999237060547,13472600,JMART
2023-05-23,18.84516716003418,20.299999237060547,20.5,19.200000762939453,19.399999618530273,32061600,JMART
2023-05-24,18.566669464111328,20.0,20.5,19.799999237060547,20.100000381469727,18263300,JMART
2023-05-25,19.21650505065918,20.700000762939453,20.799999237060547,19.899999618530273,20.0,17674300,JMART
2023-05-26,17.731170654296875,19.100000381469727,21.100000381469727,19.0,20.899999618530273,51081200,JMART
2023-05-29,17.91683578491211,19.299999237060547,19.700000762939453,19.200000762939453,19.299999237060547,15913700,JMART
2023-05-30,17.91683578491211,19.299999237060547,19.5,19.0,19.299999237060547,10174000,JMART
2023-05-31,18.938003540039062,20.399999618530273,20.5,19.100000381469727,19.200000762939453,31695400,JMART
2023-06-01,18.65950584411621,20.100000381469727,20.5,19.899999618530273,20.299999237060547,13315700,JMART
2023-06-02,18.473838806152344,19.899999618530273,20.100000381469727,19.5,20.100000381469727,11682600,JMART
2023-06-06,17.91683578491211,19.299999237060547,20.100000381469727,19.200000762939453,20.0,12403600,JMART
2023-06-07,17.824005126953125,19.200000762939453,19.5,18.899999618530273,19.399999618530273,13764400,JMART
2023-06-08,17.91683578491211,19.299999237060547,19.399999618530273,18.899999618530273,19.299999237060547,12171000,JMART
2023-06-09,18.38100242614746,19.799999237060547,20.299999237060547,19.600000381469727,19.799999237060547,21909700,JMART
2023-06-12,18.473838806152344,19.899999618530273,20.299999237060547,19.799999237060547,19.899999618530273,15787100,JMART
2023-06-13,18.65950584411621,20.100000381469727,20.200000762939453,19.899999618530273,19.899999618530273,9937900,JMART
2023-06-14,18.65950584411621,20.100000381469727,20.5,19.899999618530273,20.100000381469727,14854000,JMART
2023-06-15,17.91683578491211,19.299999237060547,20.100000381469727,19.399999618530273,20.100000381469727,21159800,JMART
2023-06-16,17.91683578491211,19.299999237060547,19.600000381469727,19.0,19.5,9658500,JMART
2023-06-19,17.731170654296875,19.100000381469727,19.299999237060547,18.899999618530273,19.200000762939453,7454100,JMART
2023-06-20,17.359838485717773,18.700000762939453,19.200000762939453,18.600000381469727,19.200000762939453,13692300,JMART
2023-06-21,15.410335540771484,16.600000381469727,19.0,16.600000381469727,18.799999237060547,52632900,JMART
2023-06-22,15.039002418518066,16.200000762939453,16.799999237060547,15.600000381469727,16.799999237060547,34340600,JMART
2023-06-23,14.946170806884766,16.100000381469727,16.5,15.800000190734863,16.200000762939453,13856000,JMART
2023-06-26,12.254002571105957,13.199999809265137,15.899999618530273,13.199999809265137,15.899999618530273,102324600,JMART
2023-06-27,12.811002731323242,13.800000190734863,14.399999618530273,13.100000381469727,13.399999618530273,49606800,JMART
2023-06-28,12.625336647033691,13.600000381469727,13.899999618530273,13.199999809265137,13.699999809265137,27482700,JMART
2023-06-29,14.482002258300781,15.600000381469727,15.800000190734863,13.600000381469727,13.699999809265137,70303700,JMART
2023-06-30,14.760502815246582,15.899999618530273,16.399999618530273,15.300000190734863,15.699999809265137,37540500,JMART
2023-07-03,15.967336654663086,17.200000762939453,17.399999618530273,15.199999809265137,15.800000190734863,41282700,JMART
2023-07-04,16.338668823242188,17.600000381469727,18.0,16.799999237060547,17.100000381469727,39271700,JMART
2023-07-05,15.317503929138184,16.5,17.5,16.299999237060547,17.399999618530273,27111900,JMART
2023-07-06,15.224669456481934,16.399999618530273,16.799999237060547,16.200000762939453,16.600000381469727,17813000,JMART
2023-07-07,15.131834030151367,16.299999237060547,16.700000762939453,15.899999618530273,16.100000381469727,14611000,JMART
2023-07-10,15.039002418518066,16.200000762939453,16.5,15.899999618530273,16.299999237060547,11126800,JMART
2023-07-11,15.224669456481934,16.399999618530273,17.100000381469727,16.200000762939453,16.399999618530273,21752700,JMART
2023-07-12,14.296337127685547,15.399999618530273,16.5,15.300000190734863,16.5,27926200,JMART
2023-07-13,14.760502815246582,15.899999618530273,16.100000381469727,15.399999618530273,15.600000381469727,11757600,JMART
2023-07-14,15.224669456481934,16.399999618530273,16.700000762939453,15.899999618530273,16.0,20159800,JMART
2023-07-17,15.224669456481934,16.399999618530273,16.600000381469727,16.0,16.200000762939453,13918300,JMART
2023-07-18,15.688836097717285,16.899999618530273,17.5,16.399999618530273,16.399999618530273,25963100,JMART
2023-07-19,15.967336654663086,17.200000762939453,17.399999618530273,16.799999237060547,17.100000381469727,24747900,JMART
2023-07-20,15.317503929138184,16.5,17.399999618530273,16.299999237060547,17.299999237060547,27696600,JMART
2023-07-21,15.224669456481934,16.399999618530273,16.600000381469727,16.200000762939453,16.5,10538300,JMART
2023-07-24,14.574835777282715,15.699999809265137,16.299999237060547,15.600000381469727,16.299999237060547,16509700,JMART
2023-07-25,14.574835777282715,15.699999809265137,16.0,15.5,15.899999618530273,7557700,JMART
2023-07-26,14.296337127685547,15.399999618530273,16.0,15.199999809265137,15.800000190734863,11902200,JMART
2023-07-27,15.967336654663086,17.200000762939453,17.5,15.399999618530273,15.600000381469727,47311200,JMART
2023-07-31,15.781670570373535,17.0,17.0,16.700000762939453,16.799999237060547,3152600,JMART
2023-08-02,15.50317096710205,16.700000762939453,17.399999618530273,16.600000381469727,16.899999618530273,24091600,JMART
2023-08-03,15.224669456481934,16.399999618530273,16.799999237060547,16.299999237060547,16.700000762939453,8891100,JMART
2023-08-04,14.853336334228516,16.0,16.700000762939453,15.899999618530273,16.600000381469727,10883400,JMART
2023-08-07,14.760502815246582,15.899999618530273,16.200000762939453,15.600000381469727,16.100000381469727,10030900,JMART
2023-08-08,14.574835777282715,15.699999809265137,16.5,15.699999809265137,16.100000381469727,14562400,JMART
2023-08-09,15.039002418518066,16.200000762939453,16.299999237060547,15.5,15.800000190734863,15956300,JMART
2023-08-10,15.039002418518066,16.200000762939453,16.899999618530273,16.100000381469727,16.200000762939453,25581400,JMART
2023-08-11,16.802837371826172,18.100000381469727,18.200000762939453,16.600000381469727,16.799999237060547,77330600,JMART
2023-08-15,16.988502502441406,18.299999237060547,18.700000762939453,17.799999237060547,18.299999237060547,30184200,JMART
2023-08-16,16.802837371826172,18.100000381469727,18.700000762939453,17.700000762939453,18.399999618530273,42141600,JMART
2023-08-17,18.38100242614746,19.799999237060547,20.5,18.0,18.100000381469727,70790700,JMART
2023-08-18,18.009672164916992,19.399999618530273,19.899999618530273,19.100000381469727,19.600000381469727,25707500,JMART
2023-08-21,18.566669464111328,20.0,20.399999618530273,19.600000381469727,19.899999618530273,26620700,JMART
2023-08-22,18.752338409423828,20.200000762939453,20.5,19.700000762939453,20.299999237060547,34911900,JMART
2023-08-23,19.77350425720215,21.299999237060547,21.700000762939453,20.299999237060547,20.299999237060547,57875100,JMART
2023-08-24,19.6806697845459,21.200000762939453,21.600000381469727,21.0,21.399999618530273,21710800,JMART
2023-08-25,20.70183753967285,22.299999237060547,22.600000381469727,21.200000762939453,21.299999237060547,39517500,JMART
2023-08-28,20.794668197631836,22.399999618530273,22.899999618530273,22.200000762939453,22.299999237060547,32667500,JMART
2023-08-29,20.609004974365234,22.200000762939453,22.600000381469727,21.899999618530273,22.5,15307000,JMART
2023-08-30,22.28000259399414,24.0,24.399999618530273,22.299999237060547,22.399999618530273,57436900,JMART
2023-08-31,22.28000259399414,24.0,25.25,23.5,24.299999237060547,58988400,JMART
2023-09-01,21.537338256835938,23.200000762939453,24.200000762939453,23.0,23.899999618530273,27486100,JMART
2023-09-04,21.537338256835938,23.200000762939453,23.899999618530273,23.0,23.600000381469727,17525500,JMART
2023-09-05,22.28000259399414,24.0,24.299999237060547,23.100000381469727,23.100000381469727,26535200,JMART
2023-09-06,22.929838180541992,24.700000762939453,25.0,23.899999618530273,24.200000762939453,46197500,JMART
2023-09-07,22.558504104614258,24.299999237060547,24.899999618530273,24.299999237060547,24.700000762939453,20780500,JMART
2023-09-08,22.187171936035156,23.899999618530273,24.600000381469727,23.399999618530273,24.399999618530273,25651200,JMART
2023-09-11,22.37283706665039,24.100000381469727,24.600000381469727,24.0,24.299999237060547,19871400,JMART
2023-09-12,22.094335556030273,23.799999237060547,24.399999618530273,23.799999237060547,24.299999237060547,8528200,JMART
2023-09-13,20.88750457763672,22.5,23.799999237060547,22.5,23.700000762939453,30912700,JMART
2023-09-14,21.444503784179688,23.100000381469727,23.299999237060547,22.200000762939453,22.299999237060547,18334400,JMART
2023-09-15,21.444503784179688,23.100000381469727,23.600000381469727,22.899999618530273,23.299999237060547,16075000,JMART
2023-09-18,20.88750457763672,22.5,23.200000762939453,22.5,22.899999618530273,12842100,JMART
2023-09-19,21.537338256835938,23.200000762939453,23.5,22.5,22.600000381469727,17898400,JMART
2023-09-20,21.25883674621582,22.899999618530273,23.299999237060547,22.700000762939453,23.299999237060547,11326700,JMART
2023-09-21,21.166004180908203,22.799999237060547,23.200000762939453,22.700000762939453,22.799999237060547,12396400,JMART
2023-09-22,22.187171936035156,23.899999618530273,24.100000381469727,22.600000381469727,22.700000762939453,28175500,JMART
2023-09-25,21.537338256835938,23.200000762939453,24.100000381469727,23.200000762939453,24.100000381469727,19114100,JMART
2023-09-26,20.794668197631836,22.399999618530273,23.799999237060547,22.200000762939453,23.100000381469727,30628900,JMART
2023-09-27,20.88750457763672,22.5,22.700000762939453,22.299999237060547,22.600000381469727,4823400,JMART
2023-09-28,20.88750457763672,22.5,23.100000381469727,22.5,22.600000381469727,21411700,JMART
2023-09-29,21.166004180908203,22.799999237060547,23.399999618530273,22.5,22.700000762939453,24573300,JMART
2023-10-02,20.794668197631836,22.399999618530273,23.200000762939453,22.399999618530273,23.100000381469727,17162500,JMART
2023-10-03,20.14483642578125,21.700000762939453,22.200000762939453,21.600000381469727,22.100000381469727,19123900,JMART
2023-10-04,20.70183753967285,22.299999237060547,22.5,21.399999618530273,21.5,14448400,JMART
2023-10-05,21.444503784179688,23.100000381469727,23.399999618530273,22.299999237060547,22.399999618530273,24606000,JMART
2023-10-06,21.630168914794922,23.299999237060547,24.200000762939453,22.899999618530273,23.299999237060547,38356100,JMART
2023-10-09,20.42333984375,22.0,23.100000381469727,21.100000381469727,23.0,51355700,JMART
2023-10-10,19.866336822509766,21.399999618530273,22.700000762939453,21.399999618530273,22.600000381469727,24045500,JMART
2023-10-11,20.330501556396484,21.899999618530273,22.100000381469727,21.5,21.600000381469727,13116300,JMART
2023-10-12,19.49500274658203,21.0,22.200000762939453,21.100000381469727,22.0,19596700,JMART
2023-10-16,18.102502822875977,19.5,20.600000381469727,19.100000381469727,19.899999618530273,33313100,JMART
2023-10-17,18.473838806152344,19.899999618530273,20.200000762939453,19.700000762939453,19.799999237060547,16897700,JMART
2023-10-18,17.359838485717773,18.700000762939453,20.0,18.700000762939453,19.799999237060547,16807400,JMART
2023-10-19,17.452669143676758,18.799999237060547,19.100000381469727,18.5,18.5,9047700,JMART
2023-10-20,16.617168426513672,17.899999618530273,18.799999237060547,17.899999618530273,18.799999237060547,13022600,JMART
2023-10-24,16.060169219970703,17.299999237060547,18.0,17.299999237060547,18.0,14711400,JMART
2023-10-25,16.524337768554688,17.799999237060547,18.200000762939453,17.600000381469727,17.600000381469727,13102600,JMART
2023-10-26,15.317503929138184,16.5,17.600000381469727,16.5,17.600000381469727,18233000,JMART
2023-10-27,16.060169219970703,17.299999237060547,17.299999237060547,16.5,17.0,13725500,JMART
2023-10-30,15.874503135681152,17.100000381469727,17.399999618530273,16.799999237060547,17.0,7352900,JMART
2023-10-31,15.224669456481934,16.399999618530273,17.200000762939453,16.200000762939453,17.100000381469727,12030100,JMART
2023-11-01,15.781670570373535,17.0,17.200000762939453,16.399999618530273,16.600000381469727,13094600,JMART
2023-11-02,17.452669143676758,18.799999237060547,19.299999237060547,17.399999618530273,17.5,29460800,JMART
2023-11-03,17.638336181640625,19.0,19.200000762939453,18.600000381469727,19.100000381469727,16024200,JMART
2023-11-06,17.545503616333008,18.899999618530273,19.700000762939453,18.899999618530273,19.600000381469727,12796000,JMART
2023-11-07,17.545503616333008,18.899999618530273,19.299999237060547,18.5,18.600000381469727,13160500,JMART
2023-11-08,17.731170654296875,19.100000381469727,19.399999618530273,18.799999237060547,19.0,8560000,JMART
2023-11-09,17.267004013061523,18.600000381469727,19.200000762939453,17.799999237060547,19.200000762939453,18768300,JMART
2023-11-10,14.203502655029297,15.300000190734863,18.0,15.0,17.5,78301800,JMART
2023-11-13,13.089502334594727,14.100000381469727,15.899999618530273,13.5,15.899999618530273,124694200,JMART
2023-11-14,13.646503448486328,14.699999809265137,14.800000190734863,13.699999809265137,14.300000190734863,59648200,JMART
2023-11-15,14.296337127685547,15.399999618530273,15.5,14.800000190734863,15.199999809265137,45137700,JMART
2023-11-16,14.203502655029297,15.300000190734863,16.100000381469727,14.899999618530273,15.199999809265137,43474400,JMART
2023-11-17,14.110669136047363,15.199999809265137,15.399999618530273,14.600000381469727,14.899999618530273,33244600,JMART
2023-11-20,15.410335540771484,16.600000381469727,16.600000381469727,15.399999618530273,15.399999618530273,36791000,JMART
2023-11-21,15.688836097717285,16.899999618530273,17.100000381469727,16.299999237060547,16.5,29220400,JMART
2023-11-22,15.874503135681152,17.100000381469727,17.299999237060547,16.700000762939453,16.899999618530273,19392100,JMART
2023-11-23,16.524337768554688,17.799999237060547,18.0,17.0,17.200000762939453,20738500,JMART
2023-11-24,15.967336654663086,17.200000762939453,18.200000762939453,17.200000762939453,17.700000762939453,22734500,JMART
2023-11-27,16.24583625793457,17.5,17.700000762939453,16.799999237060547,17.100000381469727,13476600,JMART
2023-11-28,16.89566993713379,18.200000762939453,18.299999237060547,17.700000762939453,17.799999237060547,15385900,JMART
2023-11-29,16.617168426513672,17.899999618530273,18.399999618530273,17.700000762939453,18.200000762939453,18319900,JMART
2023-11-30,16.43150520324707,17.700000762939453,18.200000762939453,17.399999618530273,18.0,15922000,JMART
2023-12-01,16.617168426513672,17.899999618530273,18.200000762939453,17.600000381469727,17.799999237060547,16801700,JMART
2023-12-04,16.43150520324707,17.700000762939453,18.299999237060547,17.600000381469727,18.0,10619300,JMART
2023-12-06,16.710002899169922,18.0,18.100000381469727,17.700000762939453,17.899999618530273,15191800,JMART
2023-12-07,16.524337768554688,17.799999237060547,18.0,17.700000762939453,17.799999237060547,7351700,JMART
2023-12-08,17.638336181640625,19.0,19.0,17.899999618530273,17.899999618530273,35247300,JMART
2023-12-12,17.174171447753906,18.5,19.200000762939453,18.299999237060547,19.0,32348400,JMART
2023-12-13,16.24583625793457,17.5,18.5,17.399999618530273,18.299999237060547,26610300,JMART
2023-12-14,16.89566993713379,18.200000762939453,18.399999618530273,17.799999237060547,17.899999618530273,19060700,JMART
2023-12-15,16.617168426513672,17.899999618530273,18.399999618530273,17.799999237060547,18.299999237060547,19167400,JMART
2023-12-18,16.710002899169922,18.0,18.299999237060547,17.700000762939453,17.799999237060547,13794100,JMART
2023-12-19,16.89566993713379,18.200000762939453,18.399999618530273,17.899999618530273,18.100000381469727,12235700,JMART
2023-12-20,16.524337768554688,17.799999237060547,18.399999618530273,17.799999237060547,18.299999237060547,15051000,JMART
2023-12-21,17.081335067749023,18.399999618530273,18.399999618530273,17.799999237060547,17.899999618530273,14643500,JMART
2023-12-22,16.710002899169922,18.0,18.399999618530273,17.799999237060547,18.399999618530273,18788800,JMART
2023-12-25,16.617168426513672,17.899999618530273,18.100000381469727,17.799999237060547,18.0,8210600,JMART
2023-12-26,16.15300178527832,17.399999618530273,18.0,17.399999618530273,17.899999618530273,13253100,JMART
2023-12-27,16.060169219970703,17.299999237060547,17.700000762939453,17.100000381469727,17.600000381469727,11277800,JMART
2023-12-28,16.060169219970703,17.299999237060547,17.600000381469727,17.299999237060547,17.299999237060547,5141100,JMART
2024-01-03,17.081335067749023,18.399999618530273,18.700000762939453,17.799999237060547,17.899999618530273,23779300,JMART
2024-01-04,17.174171447753906,18.5,18.600000381469727,17.899999618530273,18.5,25435600,JMART
2024-01-05,16.89566993713379,18.200000762939453,18.700000762939453,18.200000762939453,18.5,14127000,JMART
2024-01-08,16.43150520324707,17.700000762939453,18.399999618530273,17.700000762939453,18.100000381469727,19925200,JMART
2024-01-09,16.338668823242188,17.600000381469727,18.0,17.600000381469727,18.0,8536700,JMART
2024-01-10,16.43150520324707,17.700000762939453,17.899999618530273,17.5,17.700000762939453,6504500,JMART
2024-01-11,15.596001625061035,16.799999237060547,17.700000762939453,16.799999237060547,17.700000762939453,27218900,JMART
2024-01-12,15.688836097717285,16.899999618530273,16.899999618530273,16.399999618530273,16.700000762939453,19072000,JMART
2024-01-15,15.410335540771484,16.600000381469727,17.0,16.600000381469727,16.899999618530273,7912800,JMART
2024-01-16,15.410335540771484,16.600000381469727,16.700000762939453,16.299999237060547,16.600000381469727,5850000,JMART
2024-01-17,15.039002418518066,16.200000762939453,16.799999237060547,16.200000762939453,16.600000381469727,7373500,JMART
2024-01-18,14.946170806884766,16.100000381469727,16.5,15.899999618530273,16.299999237060547,10000500,JMART
2024-01-19,14.853336334228516,16.0,16.5,16.0,16.200000762939453,8997800,JMART
2024-01-22,14.296337127685547,15.399999618530273,16.100000381469727,15.399999618530273,16.100000381469727,9805200,JMART
2024-01-23,13.460835456848145,14.5,15.600000381469727,14.100000381469727,15.5,25761400,JMART
2024-01-24,14.296337127685547,15.399999618530273,15.399999618530273,14.0,14.600000381469727,38351400,JMART
2024-01-25,13.925003051757812,15.0,15.300000190734863,14.800000190734863,15.199999809265137,14600600,JMART
2024-01-26,13.739336013793945,14.800000190734863,15.199999809265137,14.800000190734863,15.0,6301800,JMART
2024-01-29,13.925003051757812,15.0,15.100000381469727,14.600000381469727,15.0,5869800,JMART
2024-01-30,13.739336013793945,14.800000190734863,15.300000190734863,14.800000190734863,15.0,8115700,JMART
2024-01-31,13.368001937866211,14.399999618530273,14.800000190734863,14.300000190734863,14.699999809265137,9524100,JMART
2024-02-01,13.368001937866211,14.399999618530273,14.699999809265137,14.300000190734863,14.300000190734863,9049600,JMART
2024-02-02,13.832167625427246,14.899999618530273,15.199999809265137,14.699999809265137,14.699999809265137,14286400,JMART
2024-02-05,13.739336013793945,14.800000190734863,15.100000381469727,14.699999809265137,14.899999618530273,10182700,JMART
2024-02-06,14.389169692993164,15.5,15.800000190734863,14.699999809265137,14.800000190734863,17247700,JMART
2024-02-07,14.482002258300781,15.600000381469727,15.899999618530273,15.300000190734863,15.600000381469727,14633700,JMART
2024-02-08,14.017836570739746,15.100000381469727,15.699999809265137,15.100000381469727,15.600000381469727,7522300,JMART
2024-02-09,14.017836570739746,15.100000381469727,15.5,15.100000381469727,15.100000381469727,6713300,JMART
2024-02-12,14.110669136047363,15.199999809265137,15.399999618530273,15.0,15.199999809265137,4539500,JMART
2024-02-13,14.760502815246582,15.899999618530273,16.399999618530273,15.699999809265137,16.100000381469727,29200300,JMART
2024-02-14,14.574835777282715,15.699999809265137,16.0,15.600000381469727,15.699999809265137,11932800,JMART
2024-02-15,14.389169692993164,15.5,15.899999618530273,15.399999618530273,15.699999809265137,11251100,JMART
2024-02-16,13.925003051757812,15.0,15.699999809265137,14.899999618530273,15.5,11139200,JMART
2024-02-19,13.925003051757812,15.0,15.300000190734863,15.0,15.0,5583900,JMART
2024-02-20,13.460835456848145,14.5,15.199999809265137,14.399999618530273,15.100000381469727,7043700,JMART
2024-02-21,13.739336013793945,14.800000190734863,15.0,14.5,14.5,8375300,JMART
2024-02-22,14.203502655029297,15.300000190734863,15.600000381469727,14.800000190734863,14.899999618530273,12031200,JMART
2024-02-23,13.739336013793945,14.800000190734863,15.399999618530273,14.800000190734863,15.300000190734863,7169900,JMART
2024-02-27,13.739336013793945,14.800000190734863,14.899999618530273,14.5,14.899999618530273,3684700,JMART
2024-02-28,13.18233585357666,14.199999809265137,15.0,14.100000381469727,14.699999809265137,12753300,JMART
2024-02-29,13.089502334594727,14.100000381469727,14.399999618530273,14.0,14.300000190734863,5098000,JMART
2024-03-01,13.089502334594727,14.100000381469727,14.600000381469727,14.100000381469727,14.199999809265137,6589300,JMART
2024-03-04,12.718168258666992,13.699999809265137,14.100000381469727,13.5,14.100000381469727,10430300,JMART
2024-03-05,12.718168258666992,13.699999809265137,13.800000190734863,13.300000190734863,13.399999618530273,7092900,JMART
2024-03-06,12.903836250305176,13.899999618530273,14.100000381469727,13.5,13.600000381469727,6538200,JMART
2024-03-07,12.811002731323242,13.800000190734863,14.300000190734863,13.699999809265137,14.0,6705500,JMART
2024-03-08,13.553670883178711,14.600000381469727,14.699999809265137,13.899999618530273,13.899999618530273,13485400,JMART
2024-03-11,13.646503448486328,14.699999809265137,14.800000190734863,14.399999618530273,14.399999618530273,6391400,JMART
2024-03-12,13.646503448486328,14.699999809265137,14.699999809265137,14.699999809265137,14.699999809265137,0,JMART
2024-03-13,13.739336013793945,14.800000190734863,15.300000190734863,14.800000190734863,14.899999618530273,7132400,JMART
2024-03-14,14.110669136047363,15.199999809265137,15.199999809265137,14.800000190734863,14.800000190734863,7021000,JMART
2024-03-15,14.110669136047363,15.199999809265137,15.199999809265137,15.199999809265137,15.199999809265137,0,JMART
2024-03-18,13.460835456848145,14.5,15.0,14.5,14.800000190734863,4779300,JMART
2024-03-19,13.275169372558594,14.300000190734863,14.699999809265137,14.199999809265137,14.5,5162900,JMART
2024-03-20,13.275169372558594,14.300000190734863,14.300000190734863,14.300000190734863,14.300000190734863,0,JMART
2024-03-21,13.646503448486328,14.699999809265137,14.699999809265137,14.5,14.5,6007000,JMART
2024-03-22,13.646503448486328,14.699999809265137,14.699999809265137,14.699999809265137,14.699999809265137,0,JMART
2024-03-25,13.368001937866211,14.399999618530273,14.699999809265137,14.199999809265137,14.399999618530273,3651600,JMART
2024-03-26,13.368001937866211,14.399999618530273,14.399999618530273,14.399999618530273,14.399999618530273,0,JMART
2024-03-27,13.646503448486328,14.699999809265137,14.899999618530273,14.600000381469727,14.699999809265137,4427900,JMART
2024-03-28,13.646503448486328,14.699999809265137,14.699999809265137,14.699999809265137,14.699999809265137,0,JMART
2024-03-29,13.646503448486328,14.699999809265137,14.899999618530273,14.600000381469727,14.899999618530273,3774500,JMART
2024-04-01,13.739336013793945,14.800000190734863,15.100000381469727,14.699999809265137,14.800000190734863,4910800,JMART
2024-04-02,13.646503448486328,14.699999809265137,14.800000190734863,14.5,14.800000190734863,6413700,JMART
2024-04-03,13.275169372558594,14.300000190734863,14.800000190734863,14.300000190734863,14.600000381469727,7114800,JMART
2024-04-04,13.275169372558594,14.300000190734863,14.300000190734863,14.300000190734863,14.300000190734863,0,JMART
2024-04-05,13.089502334594727,14.100000381469727,14.300000190734863,14.0,14.0,3507200,JMART
2024-04-09,13.089502334594727,14.100000381469727,14.100000381469727,14.100000381469727,14.100000381469727,0,JMART
2024-04-10,13.089502334594727,14.100000381469727,14.100000381469727,14.100000381469727,14.100000381469727,0,JMART
2024-04-11,14.017836570739746,15.100000381469727,15.399999618530273,14.899999618530273,15.300000190734863,10072600,JMART
2024-04-17,14.017836570739746,15.100000381469727,15.100000381469727,15.100000381469727,15.100000381469727,0,JMART
2024-04-18,14.017836570739746,15.100000381469727,15.100000381469727,15.100000381469727,15.100000381469727,0,JMART
2024-04-19,14.017836570739746,15.100000381469727,15.100000381469727,15.100000381469727,15.100000381469727,0,JMART
2024-04-22,12.718168258666992,13.699999809265137,13.800000190734863,13.5,13.800000190734863,10720700,JMART
2024-04-23,12.903836250305176,13.899999618530273,14.199999809265137,13.600000381469727,13.699999809265137,8739300,JMART
2024-04-24,12.903836250305176,13.899999618530273,13.899999618530273,13.899999618530273,13.899999618530273,0,JMART
2024-04-25,13.089502334594727,14.100000381469727,14.199999809265137,13.800000190734863,14.0,6559600,JMART
2024-04-26,12.99666976928711,14.0,14.300000190734863,14.0,14.0,5250600,JMART
2024-04-29,12.99666976928711,14.0,14.300000190734863,13.800000190734863,14.199999809265137,6893800,JMART
2024-04-30,12.99666976928711,14.0,14.100000381469727,13.899999618530273,14.0,5017200,JMART
2024-05-02,12.99666976928711,14.0,14.0,14.0,14.0,0,JMART
2024-05-03,13.089502334594727,14.100000381469727,14.399999618530273,14.0,14.100000381469727,6238400,JMART
2024-05-07,13.089502334594727,14.100000381469727,14.100000381469727,14.100000381469727,14.100000381469727,0,JMART
2024-05-08,13.089502334594727,14.100000381469727,14.300000190734863,14.0,14.199999809265137,3961400,JMART
2024-05-09,12.34683609008789,13.300000190734863,14.199999809265137,13.199999809265137,14.199999809265137,20717400,JMART
2024-05-10,12.34683609008789,13.300000190734863,13.5,12.600000381469727,13.5,23408100,JMART
2024-05-13,11.975502014160156,12.899999618530273,13.300000190734863,12.800000190734863,13.100000381469727,7446300,JMART
2024-05-14,12.06833553314209,13.0,13.399999618530273,12.899999618530273,13.0,8350400,JMART
2024-05-15,12.161169052124023,13.100000381469727,13.100000381469727,12.600000381469727,12.899999618530273,8804800,JMART
2024-05-16,12.161169052124023,13.100000381469727,13.100000381469727,13.100000381469727,13.100000381469727,0,JMART
2024-05-17,12.811002731323242,13.800000190734863,14.0,13.399999618530273,13.399999618530273,19270600,JMART
2024-05-20,12.811002731323242,13.800000190734863,13.800000190734863,13.800000190734863,13.800000190734863,0,JMART
2024-05-21,12.718168258666992,13.699999809265137,13.899999618530273,13.5,13.800000190734863,5303700,JMART
2024-05-23,12.532502174377441,13.5,13.899999618530273,13.399999618530273,13.699999809265137,6880900,JMART
2024-05-24,12.532502174377441,13.5,13.5,13.5,13.5,0,JMART
2024-05-27,12.34683609008789,13.300000190734863,13.600000381469727,13.199999809265137,13.600000381469727,6554100,JMART
2024-05-28,12.439668655395508,13.399999618530273,13.399999618530273,13.199999809265137,13.300000190734863,2366700,JMART
2024-05-29,12.06833553314209,13.0,13.399999618530273,13.0,13.399999618530273,3505700,JMART
2024-05-30,12.161169052124023,13.100000381469727,13.199999809265137,12.899999618530273,13.100000381469727,5275300,JMART
2024-05-31,12.161169052124023,13.100000381469727,13.100000381469727,13.100000381469727,13.100000381469727,0,JMART
2024-06-04,10.397334098815918,11.199999809265137,12.600000381469727,11.100000381469727,12.5,25632200,JMART
2024-06-05,11.418502807617188,12.300000190734863,12.5,11.399999618530273,11.399999618530273,19195600,JMART
2024-06-06,11.14000129699707,12.0,12.699999809265137,11.899999618530273,12.300000190734863,12299400,JMART
2024-06-07,11.14000129699707,12.0,12.0,12.0,12.0,0,JMART
2024-06-10,11.047167778015137,11.899999618530273,12.300000190734863,11.800000190734863,12.0,7764200,JMART
2024-06-11,12.532502174377441,13.5,13.699999809265137,12.0,12.0,42212400,JMART
2024-06-12,12.811002731323242,13.800000190734863,14.0,13.300000190734863,13.5,25093500,JMART
2024-06-13,12.811002731323242,13.800000190734863,13.899999618530273,13.399999618530273,13.800000190734863,13564600,JMART
2024-06-14,13.089502334594727,14.100000381469727,14.199999809265137,13.600000381469727,13.699999809265137,19878300,JMART
2024-06-17,13.089502334594727,14.100000381469727,14.100000381469727,14.100000381469727,14.100000381469727,0,JMART
2024-06-18,13.089502334594727,14.100000381469727,14.100000381469727,14.100000381469727,14.100000381469727,0,JMART
2024-06-19,13.089502334594727,14.100000381469727,14.100000381469727,14.100000381469727,14.100000381469727,0,JMART
2024-06-20,11.789834976196289,12.699999809265137,13.100000381469727,12.600000381469727,12.899999618530273,10770900,JMART
2024-06-21,12.34683609008789,13.300000190734863,13.5,12.399999618530273,12.600000381469727,10216600,JMART
2024-06-24,12.34683609008789,13.300000190734863,13.300000190734863,13.300000190734863,13.300000190734863,0,JMART
2024-06-25,12.34683609008789,13.300000190734863,13.300000190734863,13.300000190734863,13.300000190734863,0,JMART
2024-06-26,12.34683609008789,13.300000190734863,13.300000190734863,13.300000190734863,13.300000190734863,0,JMART
2024-06-27,12.532502174377441,13.5,13.699999809265137,13.300000190734863,13.5,3391800,JMART
2024-06-28,12.06833553314209,13.0,13.5,12.699999809265137,13.5,10981000,JMART
2024-07-01,12.161169052124023,13.100000381469727,13.399999618530273,13.0,13.100000381469727,3345100,JMART
2024-07-02,11.23283576965332,12.100000381469727,12.899999618530273,12.0,12.899999618530273,15082200,JMART
2024-07-03,11.047167778015137,11.899999618530273,12.300000190734863,11.600000381469727,12.199999809265137,15175700,JMART
2024-07-04,11.418502807617188,12.300000190734863,12.399999618530273,12.0,12.0,10495500,JMART
2024-07-05,12.254002571105957,13.199999809265137,13.300000190734863,12.0,12.199999809265137,15129000,JMART
2024-07-08,12.625336647033691,13.600000381469727,13.600000381469727,13.0,13.0,7474400,JMART
2024-07-09,12.625336647033691,13.600000381469727,13.600000381469727,13.600000381469727,13.600000381469727,0,JMART
2024-07-10,12.625336647033691,13.600000381469727,13.800000190734863,13.5,13.800000190734863,4633900,JMART
2024-07-11,13.275169372558594,14.300000190734863,14.399999618530273,13.600000381469727,13.800000190734863,14991400,JMART
2024-07-12,13.275169372558594,14.300000190734863,14.300000190734863,14.300000190734863,14.300000190734863,0,JMART
2024-07-15,13.275169372558594,14.300000190734863,14.300000190734863,14.300000190734863,14.300000190734863,0,JMART
2024-07-16,12.161169052124023,13.100000381469727,13.5,13.0,13.399999618530273,5485600,JMART
2024-07-17,12.161169052124023,13.100000381469727,13.100000381469727,13.100000381469727,13.100000381469727,0,JMART
2024-07-18,12.06833553314209,13.0,13.199999809265137,12.800000190734863,13.100000381469727,4531700,JMART
2024-07-19,11.789834976196289,12.699999809265137,13.100000381469727,12.699999809265137,12.899999618530273,5148800,JMART
2024-07-23,11.418502807617188,12.300000190734863,12.899999618530273,12.0,12.800000190734863,6097500,JMART
2024-07-24,11.23283576965332,12.100000381469727,12.399999618530273,12.100000381469727,12.300000190734863,5002200,JMART
2024-07-25,10.861502647399902,11.699999809265137,12.100000381469727,11.5,12.100000381469727,7373300,JMART
2024-07-26,11.604168891906738,12.5,12.600000381469727,11.699999809265137,11.699999809265137,9243000,JMART
2024-07-30,11.604168891906738,12.5,12.5,12.5,12.5,0,JMART
2024-07-31,11.14000129699707,12.0,12.199999809265137,11.800000190734863,12.100000381469727,7652000,JMART
2024-08-01,11.697002410888672,12.600000381469727,13.100000381469727,12.199999809265137,12.300000190734863,10464100,JMART
2024-08-02,11.697002410888672,12.600000381469727,12.600000381469727,12.600000381469727,12.600000381469727,0,JMART
2024-08-05,9.933168411254883,10.699999809265137,11.699999809265137,10.600000381469727,11.600000381469727,17457400,JMART
2024-08-06,9.283334732055664,10.0,11.100000381469727,10.0,11.0,16059000,JMART
2024-08-07,9.144085884094238,9.850000381469727,10.5,9.75,10.300000190734863,14148100,JMART
2024-08-08,9.144085884094238,9.850000381469727,9.850000381469727,9.850000381469727,9.850000381469727,0,JMART
2024-08-09,8.447834968566895,9.100000381469727,10.199999809265137,9.100000381469727,9.899999618530273,16845000,JMART
2024-08-13,11.047167778015137,11.899999618530273,11.899999618530273,9.75,9.800000190734863,35677700,JMART
2024-08-14,11.23283576965332,12.100000381469727,13.5,11.5,12.899999618530273,35523000,JMART
2024-08-15,11.23283576965332,12.100000381469727,12.300000190734863,11.399999618530273,12.0,17052900,JMART
2024-08-16,10.954336166381836,11.800000190734863,12.199999809265137,11.800000190734863,12.0,8483300,JMART
2024-08-19,10.954336166381836,11.800000190734863,11.800000190734863,11.800000190734863,11.800000190734863,0,JMART
2024-08-20,12.254002571105957,13.199999809265137,13.600000381469727,12.199999809265137,12.300000190734863,29809300,JMART
2024-08-21,12.254002571105957,13.199999809265137,13.399999618530273,12.800000190734863,13.199999809265137,16192500,JMART
2024-08-22,12.254002571105957,13.199999809265137,13.199999809265137,13.199999809265137,13.199999809265137,0,JMART
2024-08-23,13.646503448486328,14.699999809265137,14.699999809265137,13.399999618530273,13.399999618530273,33126600,JMART
2024-08-26,13.368001937866211,14.399999618530273,15.0,14.300000190734863,14.800000190734863,17268800,JMART
2024-08-27,15.131834030151367,16.299999237060547,16.700000762939453,14.399999618530273,14.5,50668800,JMART
2024-08-28,14.946170806884766,16.100000381469727,16.5,16.0,16.299999237060547,24841000,JMART
2024-08-29,14.389169692993164,15.5,16.700000762939453,15.399999618530273,16.100000381469727,30325900,JMART
2024-08-30,14.482002258300781,15.600000381469727,15.800000190734863,15.199999809265137,15.600000381469727,15924800,JMART
2024-09-02,14.482002258300781,15.600000381469727,15.600000381469727,15.600000381469727,15.600000381469727,0,JMART
2024-09-03,14.482002258300781,15.600000381469727,15.600000381469727,15.600000381469727,15.600000381469727,0,JMART
2024-09-04,14.482002258300781,15.600000381469727,15.600000381469727,15.600000381469727,15.600000381469727,0,JMART
2024-09-05,14.853336334228516,16.0,16.299999237060547,15.699999809265137,15.899999618530273,19585900,JMART
2024-09-06,14.853336334228516,16.0,16.5,15.800000190734863,16.200000762939453,22736200,JMART
2024-09-09,15.131834030151367,16.299999237060547,16.600000381469727,16.0,16.0,20100600,JMART
2024-09-10,14.760502815246582,15.899999618530273,16.5,15.899999618530273,16.299999237060547,14490900,JMART
2024-09-11,15.596001625061035,16.799999237060547,17.0,15.800000190734863,15.899999618530273,32064900,JMART
2024-09-12,15.781670570373535,17.0,17.200000762939453,16.5,17.0,26729900,JMART
2024-09-13,15.596001625061035,16.799999237060547,17.200000762939453,16.700000762939453,17.0,17185700,JMART
2024-09-16,15.596001625061035,16.799999237060547,16.799999237060547,16.799999237060547,16.799999237060547,0,JMART
2024-09-17,15.596001625061035,16.799999237060547,17.700000762939453,16.700000762939453,16.799999237060547,36169500,JMART
2024-09-18,15.596001625061035,16.799999237060547,16.799999237060547,16.799999237060547,16.799999237060547,0,JMART
2024-09-19,15.317503929138184,16.5,16.700000762939453,16.299999237060547,16.700000762939453,19356200,JMART
2024-09-20,15.317503929138184,16.5,16.5,16.5,16.5,0,JMART
2024-09-23,14.946170806884766,16.100000381469727,16.5,15.699999809265137,16.200000762939453,15587100,JMART
2024-09-24,15.131834030151367,16.299999237060547,16.299999237060547,15.800000190734863,16.200000762939453,12736400,JMART
2024-09-25,14.946170806884766,16.100000381469727,16.5,16.100000381469727,16.299999237060547,9413300,JMART
2024-09-26,14.760502815246582,15.899999618530273,16.399999618530273,15.899999618530273,16.200000762939453,7574600,JMART
2024-09-27,14.760502815246582,15.899999618530273,15.899999618530273,15.899999618530273,15.899999618530273,0,JMART
2024-09-30,14.892461776733398,15.800000190734863,16.0,15.699999809265137,15.699999809265137,5371000,JMART
2024-10-01,15.175230026245117,16.100000381469727,16.100000381469727,15.699999809265137,15.800000190734863,7059500,JMART
2024-10-02,14.798205375671387,15.699999809265137,16.299999237060547,15.600000381469727,16.100000381469727,14746700,JMART
2024-10-03,13.94990062713623,14.800000190734863,15.800000190734863,14.800000190734863,15.699999809265137,17875900,JMART
2024-10-04,13.76138973236084,14.600000381469727,14.899999618530273,14.199999809265137,14.699999809265137,21462500,JMART
2024-10-07,13.76138973236084,14.600000381469727,14.699999809265137,14.300000190734863,14.600000381469727,8227900,JMART
2024-10-08,14.232669830322266,15.100000381469727,15.300000190734863,14.5,14.5,16770300,JMART
2024-10-09,14.138412475585938,15.0,15.399999618530273,14.800000190734863,15.100000381469727,12188600,JMART
2024-10-10,13.94990062713623,14.800000190734863,15.100000381469727,14.600000381469727,15.0,9848800,JMART
2024-10-11,13.94990062713623,14.800000190734863,15.100000381469727,14.699999809265137,14.899999618530273,6040900,JMART
2024-10-15,14.421180725097656,15.300000190734863,15.5,14.699999809265137,14.800000190734863,21013200,JMART
2024-10-16,14.421180725097656,15.300000190734863,15.300000190734863,15.300000190734863,15.300000190734863,0,JMART
2024-10-17,15.646510124206543,16.600000381469727,16.700000762939453,16.0,16.100000381469727,41438900,JMART
2024-10-18,14.703948974609375,15.600000381469727,16.799999237060547,15.5,16.600000381469727,37077200,JMART
2024-10-21,14.892461776733398,15.800000190734863,15.800000190734863,15.5,15.600000381469727,9769300,JMART
2024-10-22,14.892461776733398,15.800000190734863,15.800000190734863,15.800000190734863,15.800000190734863,0,JMART
2024-10-24,14.515437126159668,15.399999618530273,15.5,15.0,15.100000381469727,6098200,JMART
2024-10-25,14.515437126159668,15.399999618530273,15.399999618530273,15.399999618530273,15.399999618530273,0,JMART
2024-10-28,14.60969352722168,15.5,15.600000381469727,15.199999809265137,15.399999618530273,3285000,JMART
2024-10-29,14.326925277709961,15.199999809265137,15.699999809265137,15.0,15.699999809265137,4554100,JMART
2024-10-30,14.232669830322266,15.100000381469727,15.5,15.100000381469727,15.100000381469727,3294300,JMART
2024-10-31,14.60969352722168,15.5,15.5,15.100000381469727,15.100000381469727,3562600,JMART
2024-11-01,14.421180725097656,15.300000190734863,15.600000381469727,15.199999809265137,15.600000381469727,1963700,JMART
2024-11-04,14.232669830322266,15.100000381469727,15.5,15.100000381469727,15.399999618530273,1694000,JMART
2024-11-05,14.515437126159668,15.399999618530273,15.399999618530273,14.699999809265137,15.199999809265137,5921600,JMART
2024-11-06,13.855644226074219,14.699999809265137,15.399999618530273,14.699999809265137,15.399999618530273,5711700,JMART
2024-11-07,13.76138973236084,14.600000381469727,15.0,14.5,14.800000190734863,4837300,JMART
2024-11-08,14.232669830322266,15.100000381469727,15.300000190734863,14.800000190734863,14.800000190734863,8282600,JMART
2024-11-11,13.384364128112793,14.199999809265137,15.300000190734863,14.100000381469727,15.300000190734863,11360500,JMART
2024-11-12,12.818828582763672,13.600000381469727,14.300000190734863,13.600000381469727,14.199999809265137,7873300,JMART
2024-11-13,12.818828582763672,13.600000381469727,13.899999618530273,13.399999618530273,13.600000381469727,5118800,JMART
2024-11-14,13.101594924926758,13.899999618530273,14.100000381469727,13.300000190734863,13.5,7700700,JMART
2024-11-15,12.72457218170166,13.5,13.899999618530273,13.300000190734863,13.899999618530273,3955700,JMART
2024-11-18,12.536059379577637,13.300000190734863,13.600000381469727,13.100000381469727,13.5,6066500,JMART
2024-11-19,12.818828582763672,13.600000381469727,13.800000190734863,13.5,13.5,3541400,JMART
2024-11-20,12.818828582763672,13.600000381469727,13.699999809265137,13.300000190734863,13.5,2170700,JMART
2024-11-21,12.630313873291016,13.399999618530273,13.699999809265137,13.300000190734863,13.600000381469727,2826500,JMART
2024-11-22,12.818828582763672,13.600000381469727,13.699999809265137,13.199999809265137,13.5,3859100,JMART
2024-11-25,12.536059379577637,13.300000190734863,13.800000190734863,13.300000190734863,13.699999809265137,2765800,JMART
2024-11-26,12.34754753112793,13.100000381469727,13.399999618530273,13.0,13.300000190734863,2600400,JMART
2024-11-27,12.536059379577637,13.300000190734863,13.5,12.899999618530273,13.100000381469727,6321500,JMART
2024-11-28,13.101594924926758,13.899999618530273,14.100000381469727,13.199999809265137,13.300000190734863,12921300,JMART
2024-11-29,13.290108680725098,14.100000381469727,14.199999809265137,13.600000381469727,13.800000190734863,5784700,JMART
2024-12-02,13.290108680725098,14.100000381469727,14.199999809265137,13.699999809265137,14.199999809265137,4365400,JMART
2024-12-03,13.384364128112793,14.199999809265137,14.5,14.0,14.199999809265137,10328100,JMART
2024-12-04,13.384364128112793,14.199999809265137,14.300000190734863,14.0,14.100000381469727,3450100,JMART
2024-12-06,13.290108680725098,14.100000381469727,14.300000190734863,13.800000190734863,14.199999809265137,3687400,JMART
2024-12-09,13.007339477539062,13.800000190734863,14.0,13.699999809265137,14.0,2338100,JMART
2024-12-11,13.007339477539062,13.800000190734863,14.100000381469727,13.699999809265137,13.899999618530273,2412300,JMART
2024-12-12,12.818828582763672,13.600000381469727,14.0,13.5,13.800000190734863,2529500,JMART
2024-12-13,12.818828582763672,13.600000381469727,13.699999809265137,13.399999618530273,13.5,1766200,JMART
2024-12-16,12.630313873291016,13.399999618530273,13.600000381469727,13.199999809265137,13.600000381469727,2553500,JMART
2024-12-17,12.536059379577637,13.300000190734863,13.800000190734863,13.300000190734863,13.399999618530273,4757800,JMART
2024-12-18,12.630313873291016,13.399999618530273,13.5,13.100000381469727,13.300000190734863,3194400,JMART
2024-12-19,12.253291130065918,13.0,13.300000190734863,13.0,13.300000190734863,2337100,JMART
2024-12-20,11.9705228805542,12.699999809265137,13.199999809265137,12.600000381469727,13.0,2746800,JMART
2024-12-23,12.253291130065918,13.0,13.0,12.699999809265137,12.800000190734863,2421900,JMART
2024-12-24,12.253291130065918,13.0,13.100000381469727,12.899999618530273,13.0,937600,JMART
2024-12-25,12.630313873291016,13.399999618530273,13.5,13.100000381469727,13.100000381469727,2439300,JMART
2024-12-26,12.536059379577637,13.300000190734863,13.5,13.100000381469727,13.399999618530273,1847500,JMART
2024-12-27,12.536059379577637,13.300000190734863,13.399999618530273,13.199999809265137,13.300000190734863,1502100,JMART
2024-12-30,12.441802978515625,13.199999809265137,13.300000190734863,13.199999809265137,13.300000190734863,1249100,JMART
2025-01-02,12.159034729003906,12.899999618530273,13.199999809265137,12.800000190734863,13.199999809265137,1671000,JMART
2025-01-03,12.34754753112793,13.100000381469727,13.399999618530273,12.899999618530273,12.899999618530273,2203600,JMART
2025-01-06,11.876267433166504,12.600000381469727,13.199999809265137,12.600000381469727,13.100000381469727,2539200,JMART
2025-01-07,12.064778327941895,12.800000190734863,12.899999618530273,12.600000381469727,12.699999809265137,1888200,JMART
2025-01-08,11.9705228805542,12.699999809265137,12.800000190734863,12.5,12.699999809265137,1394500,JMART
2025-01-09,10.556681632995605,11.199999809265137,12.600000381469727,10.800000190734863,12.600000381469727,17737900,JMART
2025-01-10,10.933706283569336,11.600000381469727,11.699999809265137,11.300000190734863,11.399999618530273,7928200,JMART
2025-01-13,10.839449882507324,11.5,11.600000381469727,11.199999809265137,11.5,4178500,JMART
2025-01-14,10.462425231933594,11.100000381469727,11.800000190734863,11.100000381469727,11.699999809265137,3414800,JMART
2025-01-15,10.839449882507324,11.5,11.600000381469727,11.100000381469727,11.199999809265137,6239000,JMART
2025-01-16,10.556681632995605,11.199999809265137,11.800000190734863,11.100000381469727,11.600000381469727,6401500,JMART
2025-01-17,10.273913383483887,10.899999618530273,11.300000190734863,10.899999618530273,11.199999809265137,2505400,JMART
2025-01-20,10.08540153503418,10.699999809265137,11.0,10.600000381469727,10.699999809265137,3452400,JMART
2025-01-21,10.556681632995605,11.199999809265137,11.300000190734863,10.800000190734863,10.800000190734863,3769600,JMART
2025-01-22,10.462425231933594,11.100000381469727,11.399999618530273,11.100000381469727,11.300000190734863,2047100,JMART
2025-01-23,10.556681632995605,11.199999809265137,11.5,11.199999809265137,11.199999809265137,2214800,JMART
2025-01-24,10.650938034057617,11.300000190734863,11.5,11.199999809265137,11.300000190734863,1312500,JMART
2025-01-27,10.745193481445312,11.399999618530273,11.800000190734863,11.399999618530273,11.399999618530273,3179300,JMART
2025-01-28,10.745193481445312,11.399999618530273,11.5,11.199999809265137,11.5,1839000,JMART
2025-01-29,11.216473579406738,11.899999618530273,12.100000381469727,11.5,11.5,6726100,JMART
2025-01-30,10.650938034057617,11.300000190734863,12.0,11.199999809265137,11.899999618530273,5039000,JMART
2025-01-31,10.273913383483887,10.899999618530273,11.399999618530273,10.899999618530273,11.399999618530273,4096100,JMART
2025-02-03,10.179657936096191,10.800000190734863,10.800000190734863,10.199999809265137,10.600000381469727,4163600,JMART
2025-02-04,9.991145133972168,10.600000381469727,11.0,10.5,10.899999618530273,3218700,JMART
2025-02-05,9.802632331848145,10.399999618530273,10.699999809265137,10.300000190734863,10.600000381469727,2567000,JMART
2025-02-06,9.378479957580566,9.949999809265137,10.5,9.800000190734863,10.5,10585000,JMART
2025-02-07,9.614121437072754,10.199999809265137,10.199999809265137,9.600000381469727,10.0,7141700,JMART
2025-02-10,9.237096786499023,9.800000190734863,10.100000381469727,9.75,10.0,4581900,JMART
2025-02-11,9.42560863494873,10.0,10.199999809265137,9.75,9.800000190734863,10660400,JMART
2025-02-13,9.284224510192871,9.850000381469727,10.699999809265137,9.850000381469727,10.399999618530273,22590300,JMART
2025-02-14,9.378479957580566,9.949999809265137,10.100000381469727,9.850000381469727,10.0,8360300,JMART
2025-02-17,9.614121437072754,10.199999809265137,10.300000190734863,9.75,9.850000381469727,9495100,JMART
2025-02-18,9.708377838134766,10.300000190734863,10.600000381469727,10.100000381469727,10.100000381469727,11949400,JMART
2025-02-19,9.802632331848145,10.399999618530273,10.600000381469727,10.199999809265137,10.5,10032000,JMART
2025-02-20,9.708377838134766,10.300000190734863,10.699999809265137,10.199999809265137,10.199999809265137,9951800,JMART
2025-02-21,9.802632331848145,10.399999618530273,10.5,10.199999809265137,10.199999809265137,3910200,JMART
2025-02-24,9.708377838134766,10.300000190734863,10.399999618530273,10.100000381469727,10.300000190734863,2461200,JMART
2025-02-25,9.142840385437012,9.699999809265137,10.199999809265137,9.699999809265137,10.199999809265137,6662300,JMART
2025-02-26,9.519864082336426,10.100000381469727,10.199999809265137,9.649999618530273,9.75,12477000,JMART
2025-02-27,9.095711708068848,9.649999618530273,10.199999809265137,9.600000381469727,10.100000381469727,7923700,JMART
2025-02-28,8.90719985961914,9.449999809265137,9.550000190734863,9.199999809265137,9.5,7207500,JMART
2025-03-03,8.954327583312988,9.5,9.75,9.399999618530273,9.600000381469727,7315800,JMART
2025-03-04,9.095711708068848,9.649999618530273,10.100000381469727,9.350000381469727,9.399999618530273,24115400,JMART
2025-03-05,9.519864082336426,10.100000381469727,10.100000381469727,9.649999618530273,9.75,20164400,JMART
2025-03-06,9.237096786499023,9.800000190734863,10.199999809265137,9.75,10.100000381469727,12463600,JMART
2025-03-07,9.614121437072754,10.199999809265137,10.300000190734863,9.75,9.800000190734863,15587000,JMART
2025-03-10,9.189969062805176,9.75,10.199999809265137,9.699999809265137,10.100000381469727,12655900,JMART
2025-03-11,9.519864082336426,10.100000381469727,10.199999809265137,9.550000190734863,9.649999618530273,10841000,JMART
2025-03-12,9.189969062805176,9.75,10.199999809265137,9.649999618530273,10.100000381469727,12502800,JMART
2025-03-13,9.001455307006836,9.550000190734863,9.850000381469727,9.550000190734863,9.800000190734863,5932100,JMART
2025-03-14,9.142840385437012,9.699999809265137,9.800000190734863,9.5,9.600000381469727,7696800,JMART
2025-03-17,8.954327583312988,9.5,9.75,9.5,9.75,4351500,JMART
2025-03-18,8.860071182250977,9.399999618530273,9.600000381469727,9.350000381469727,9.600000381469727,4834800,JMART
2025-03-19,9.189969062805176,9.75,9.949999809265137,9.449999809265137,9.449999809265137,15099600,JMART
2025-03-20,9.237096786499023,9.800000190734863,10.300000190734863,9.699999809265137,9.800000190734863,17031000,JMART
2025-03-21,9.189969062805176,9.75,9.949999809265137,9.649999618530273,9.800000190734863,8425800,JMART
2025-03-24,9.095711708068848,9.649999618530273,9.800000190734863,9.600000381469727,9.75,3768500,JMART
2025-03-25,9.095711708068848,9.649999618530273,9.75,9.550000190734863,9.699999809265137,3397600,JMART
2025-03-26,9.095711708068848,9.649999618530273,9.850000381469727,9.550000190734863,9.699999809265137,4900600,JMART
2025-03-27,8.954327583312988,9.5,9.649999618530273,9.399999618530273,9.649999618530273,3815600,JMART
2025-03-28,8.860071182250977,9.399999618530273,9.5,9.350000381469727,9.5,2345200,JMART
2025-03-31,8.34166431427002,8.850000381469727,9.199999809265137,8.850000381469727,9.0,6823100,JMART
2025-04-01,8.294535636901855,8.800000190734863,9.0,8.699999809265137,8.949999809265137,3239600,JMART
2025-04-02,8.247406959533691,8.75,9.0,8.699999809265137,8.850000381469727,5417900,JMART
2025-04-03,8.200279235839844,8.699999809265137,8.75,8.5,8.600000381469727,5757200,JMART
2025-04-04,7.493358612060547,7.949999809265137,8.649999618530273,7.949999809265137,8.649999618530273,8953100,JMART
2025-04-08,6.6921820640563965,7.099999904632568,7.449999809265137,7.0,7.050000190734863,11023500,JMART
2025-04-09,6.645054340362549,7.050000190734863,7.150000095367432,6.699999809265137,7.050000190734863,11317600,JMART
2025-04-10,7.022078037261963,7.449999809265137,7.75,7.25,7.699999809265137,10638500,JMART
2025-04-11,6.739310264587402,7.150000095367432,7.349999904632568,7.0,7.25,8025300,JMART
2025-04-16,7.069206237792969,7.5,7.650000095367432,7.050000190734863,7.150000095367432,14113700,JMART
2025-04-17,7.30484676361084,7.75,7.800000190734863,7.400000095367432,7.449999809265137,6447000,JMART
2025-04-18,7.399102687835693,7.849999904632568,7.900000095367432,7.5,7.699999809265137,8945900,JMART
2025-04-21,7.493358612060547,7.949999809265137,8.149999618530273,7.800000190734863,7.800000190734863,16945400,JMART
2025-04-22,7.776127338409424,8.25,8.300000190734863,7.800000190734863,7.800000190734863,8898000,JMART
2025-04-23,7.8232550621032715,8.300000190734863,8.399999618530273,8.199999809265137,8.300000190734863,7761800,JMART
2025-04-24,7.870382785797119,8.350000381469727,8.449999809265137,8.25,8.25,9247500,JMART
2025-04-25,8.0588960647583,8.550000190734863,8.75,8.350000381469727,8.350000381469727,7350200,JMART
2025-04-28,7.964639186859131,8.449999809265137,8.649999618530273,8.399999618530273,8.550000190734863,3220300,JMART
2025-04-29,7.917511463165283,8.399999618530273,8.600000381469727,8.300000190734863,8.449999809265137,6827000,JMART
2025-04-30,8.0588960647583,8.550000190734863,8.649999618530273,8.350000381469727,8.399999618530273,10914700,JMART
2025-05-02,8.247406959533691,8.75,9.0,8.600000381469727,8.649999618530273,8382700,JMART
2025-05-06,7.917511463165283,8.399999618530273,8.75,8.399999618530273,8.75,6110000,JMART
2025-05-07,8.53017520904541,9.050000190734863,9.199999809265137,8.449999809265137,8.449999809265137,10045700,JMART
2025-05-08,8.294535636901855,8.800000190734863,9.149999618530273,8.75,9.0,11532800,JMART
2025-05-09,7.936427593231201,8.199999809265137,8.649999618530273,8.149999618530273,8.600000381469727,13632900,JMART
2025-05-13,8.226784706115723,8.5,8.600000381469727,8.300000190734863,8.350000381469727,6909000,JMART
2025-05-14,7.936427593231201,8.199999809265137,8.449999809265137,8.100000381469727,8.449999809265137,7103400,JMART
2025-05-15,7.065357208251953,7.300000190734863,7.699999809265137,7.300000190734863,7.650000095367432,13585500,JMART
2025-05-16,6.920178413391113,7.150000095367432,7.400000095367432,7.150000095367432,7.400000095367432,5003600,JMART
2025-05-19,7.065357208251953,7.300000190734863,7.400000095367432,7.0,7.150000095367432,6107900,JMART
2025-05-20,6.774999618530273,7.0,7.349999904632568,6.900000095367432,7.349999904632568,10142800,JMART
2025-05-21,6.726606845855713,6.949999809265137,7.199999809265137,6.949999809265137,7.050000190734863,4539400,JMART
2025-05-22,6.242678165435791,6.449999809265137,6.949999809265137,6.449999809265137,6.900000095367432,12676300,JMART
2025-05-23,6.1942853927612305,6.400000095367432,6.550000190734863,6.300000190734863,6.449999809265137,4589800,JMART
2025-05-26,6.339463710784912,6.550000190734863,6.599999904632568,6.349999904632568,6.449999809265137,3858000,JMART
2025-05-27,6.1942853927612305,6.400000095367432,6.550000190734863,6.300000190734863,6.5,4964000,JMART
2025-05-28,6.242678165435791,6.449999809265137,6.75,6.400000095367432,6.449999809265137,8632500,JMART
2025-05-29,6.484642028808594,6.699999809265137,6.849999904632568,6.5,6.650000095367432,12805400,JMART
2025-05-30,6.049106597900391,6.25,6.599999904632568,6.25,6.599999904632568,28906000,JMART
2025-06-04,6.097499847412109,6.300000190734863,6.449999809265137,6.150000095367432,6.349999904632568,13272900,JMART
2025-06-05,6.678214073181152,6.900000095367432,7.050000190734863,6.400000095367432,6.400000095367432,25432000,JMART
2025-06-06,6.8717851638793945,7.099999904632568,7.300000190734863,6.800000190734863,6.849999904632568,16285000,JMART
2025-06-09,6.920178413391113,7.150000095367432,7.300000190734863,7.099999904632568,7.150000095367432,6147400,JMART
2025-06-10,7.065357208251953,7.300000190734863,7.550000190734863,7.199999809265137,7.199999809265137,12907500,JMART
2025-06-11,6.823392391204834,7.050000190734863,7.25,7.050000190734863,7.199999809265137,5517700,JMART
2025-06-12,6.484642028808594,6.699999809265137,7.050000190734863,6.650000095367432,7.0,7884800,JMART
2025-06-13,6.049106597900391,6.25,6.599999904632568,6.150000095367432,6.599999904632568,15370700,JMART
2025-06-16,5.903927803039551,6.099999904632568,6.25,5.900000095367432,6.199999809265137,8132900,JMART
2025-06-17,5.758749485015869,5.949999809265137,6.150000095367432,5.900000095367432,6.150000095367432,14381300,JMART
2025-06-18,5.758749485015869,5.949999809265137,6.25,5.900000095367432,5.949999809265137,16128400,JMART
2025-06-19,5.516785144805908,5.699999809265137,5.849999904632568,5.650000095367432,5.75,11702200,JMART
2025-06-20,5.323214054107666,5.5,5.900000095367432,5.5,5.800000190734863,19208000,JMART
2025-06-23,5.226428508758545,5.400000095367432,5.5,5.199999809265137,5.300000190734863,15123500,JMART
2025-06-24,5.710357189178467,5.900000095367432,5.900000095367432,5.550000190734863,5.599999904632568,18773500,JMART
2025-06-25,5.855535507202148,6.050000190734863,6.099999904632568,5.75,5.800000190734863,13062800,JMART
2025-06-26,6.1942853927612305,6.400000095367432,6.699999809265137,6.0,6.0,20180500,JMART
2025-06-27,5.903927803039551,6.099999904632568,6.5,6.0,6.449999809265137,15742300,JMART
2025-06-30,6.049106597900391,6.25,6.349999904632568,6.050000190734863,6.300000190734863,8277000,JMART
2025-07-01,6.1942853927612305,6.400000095367432,6.449999809265137,6.099999904632568,6.25,14457800,JMART
2025-07-02,6.387856483459473,6.599999904632568,6.699999809265137,6.300000190734863,6.300000190734863,18041400,JMART
2025-07-03,6.823392391204834,7.050000190734863,7.199999809265137,6.550000190734863,6.599999904632568,23489900,JMART
2025-07-04,6.678214073181152,6.900000095367432,7.099999904632568,6.800000190734863,7.0,12718900,JMART
2025-07-07,6.920178413391113,7.150000095367432,7.25,6.650000095367432,6.699999809265137,17416900,JMART
2025-07-08,6.823392391204834,7.050000190734863,7.300000190734863,7.0,7.050000190734863,14887400,JMART
2025-07-09,6.5330352783203125,6.75,7.150000095367432,6.699999809265137,7.099999904632568,16276300,JMART
2025-07-11,6.920178413391113,7.150000095367432,7.25,6.800000190734863,6.800000190734863,16918400,JMART
2025-07-14,7.016963958740234,7.25,7.300000190734863,7.050000190734863,7.099999904632568,11603700,JMART
2025-07-15,7.162142753601074,7.400000095367432,7.5,7.199999809265137,7.349999904632568,11166000,JMART
2025-07-16,7.1137495040893555,7.349999904632568,7.550000190734863,7.25,7.400000095367432,11831500,JMART
2025-07-17,7.258927822113037,7.5,7.75,7.349999904632568,7.400000095367432,21584700,JMART
2025-07-18,7.307321071624756,7.550000190734863,7.75,7.5,7.5,12673300,JMART
2025-07-21,7.258927822113037,7.5,7.650000095367432,7.400000095367432,7.550000190734863,9551900,JMART
2025-07-22,6.968570709228516,7.199999809265137,7.75,7.199999809265137,7.599999904632568,16827300,JMART
2025-07-23,7.404106616973877,7.650000095367432,7.800000190734863,7.300000190734863,7.300000190734863,18892600,JMART
2025-07-24,7.355713844299316,7.599999904632568,7.699999809265137,7.400000095367432,7.550000190734863,10559000,JMART
2025-07-25,7.162142753601074,7.400000095367432,7.699999809265137,7.300000190734863,7.650000095367432,13161800,JMART
2025-07-29,7.307321071624756,7.550000190734863,7.599999904632568,7.25,7.5,10128900,JMART
2025-07-30,7.646071434020996,7.900000095367432,8.0,7.550000190734863,7.599999904632568,19061100,JMART
2025-07-31,7.404106616973877,7.650000095367432,7.900000095367432,7.650000095367432,7.800000190734863,14247600,JMART
2025-08-01,7.1137495040893555,7.349999904632568,7.849999904632568,7.349999904632568,7.800000190734863,11266200,JMART
2025-08-04,7.1137495040893555,7.349999904632568,7.449999809265137,7.199999809265137,7.400000095367432,8049000,JMART
2025-08-05,7.307321071624756,7.550000190734863,7.650000095367432,7.400000095367432,7.400000095367432,9384100,JMART
2025-08-06,9.243035316467285,9.550000190734863,9.649999618530273,7.599999904632568,7.599999904632568,76261700,JMART
2025-08-07,8.904284477233887,9.199999809265137,9.600000381469727,9.050000190734863,9.5,41002500,JMART
2025-08-08,9.049464225769043,9.350000381469727,9.75,8.75,9.149999618530273,47943400,JMART
2025-08-13,8.662320137023926,8.949999809265137,9.449999809265137,8.649999618530273,9.449999809265137,48587600,JMART
2025-08-14,7.888034820556641,8.149999618530273,8.899999618530273,8.050000190734863,8.850000381469727,44675500,JMART
2025-08-15,7.984821319580078,8.25,8.449999809265137,8.050000190734863,8.25,20997900,JMART
2025-08-18,7.888034820556641,8.149999618530273,8.300000190734863,8.050000190734863,8.300000190734863,15146400,JMART
2025-08-19,7.984821319580078,8.25,8.600000381469727,8.149999618530273,8.149999618530273,22189500,JMART
2025-08-20,8.129999160766602,8.399999618530273,8.550000190734863,8.149999618530273,8.25,11083100,JMART
2025-08-21,8.17839241027832,8.449999809265137,8.649999618530273,8.399999618530273,8.449999809265137,16120200,JMART
2025-08-22,8.0816068649292,8.350000381469727,8.550000190734863,8.350000381469727,8.5,7830800,JMART
2025-08-25,8.32357120513916,8.600000381469727,8.699999809265137,8.5,8.5,20169200,JMART
2025-08-26,8.275178909301758,8.550000190734863,8.800000190734863,8.5,8.649999618530273,11704700,JMART
2025-08-27,8.0816068649292,8.350000381469727,8.699999809265137,8.300000190734863,8.600000381469727,14377000,JMART
2025-08-28,8.17839241027832,8.449999809265137,8.5,8.300000190734863,8.399999618530273,8113400,JMART
2025-08-29,7.984821319580078,8.25,8.5,8.25,8.449999809265137,9992000,JMART
2025-09-01,8.129999160766602,8.399999618530273,8.5,8.149999618530273,8.25,7446800,JMART
2025-09-02,8.226784706115723,8.5,8.550000190734863,8.350000381469727,8.399999618530273,7660500,JMART
2025-09-03,8.759106636047363,9.050000190734863,9.25,8.449999809265137,8.449999809265137,33799700,JMART
2025-09-04,8.710714340209961,9.0,9.25,8.899999618530273,9.100000381469727,20547400,JMART
2025-09-05,9.146249771118164,9.449999809265137,9.600000381469727,9.0,9.100000381469727,30471300,JMART
2025-09-08,9.775357246398926,10.100000381469727,10.300000190734863,9.350000381469727,9.5,42520400,JMART
2025-09-09,10.16249942779541,10.5,10.5,9.949999809265137,10.100000381469727,18046800,JMART
2025-09-10,10.065712928771973,10.399999618530273,10.899999618530273,10.199999809265137,10.5,27155500,JMART
2025-09-11,9.87214183807373,10.199999809265137,10.699999809265137,10.100000381469727,10.5,15909100,JMART
2025-09-12,9.775357246398926,10.100000381469727,10.5,10.100000381469727,10.300000190734863,8798800,JMART
2025-09-15,9.968928337097168,10.300000190734863,10.399999618530273,10.100000381469727,10.199999809265137,7293900,JMART
2025-09-16,9.968928337097168,10.300000190734863,10.5,10.100000381469727,10.399999618530273,12288200,JMART
2025-09-17,9.775357246398926,10.100000381469727,10.399999618530273,10.0,10.300000190734863,9106000,JMART
2025-09-18,9.63017749786377,9.949999809265137,10.300000190734863,9.800000190734863,10.199999809265137,11985600,JMART
2025-09-19,9.533391952514648,9.850000381469727,10.100000381469727,9.75,9.899999618530273,10039800,JMART
2025-09-22,9.339820861816406,9.649999618530273,10.0,9.649999618530273,9.949999809265137,7854900,JMART
2025-09-23,9.291428565979004,9.600000381469727,9.800000190734863,9.5,9.699999809265137,9699800,JMART
2025-09-24,9.436606407165527,9.75,9.850000381469727,9.600000381469727,9.600000381469727,15340900,JMART
2025-09-25,9.63017749786377,9.949999809265137,10.100000381469727,9.699999809265137,9.800000190734863,19268400,JMART
2025-09-26,9.436606407165527,9.75,10.100000381469727,9.75,9.899999618530273,12967200,JMART
2025-09-29,9.388213157653809,9.699999809265137,9.899999618530273,9.600000381469727,9.800000190734863,9992100,JMART
2025-09-30,9.001070976257324,9.300000190734863,9.75,9.300000190734863,9.699999809265137,10214500,JMART
2025-10-01,8.662320137023926,8.949999809265137,9.449999809265137,8.899999618530273,9.350000381469727,15017500,JMART
2025-10-02,8.855892181396484,9.149999618530273,9.25,9.050000190734863,9.100000381469727,7844200,JMART
2025-10-03,8.613927841186523,8.899999618530273,9.25,8.75,9.199999809265137,9683900,JMART
2025-10-06,8.613927841186523,8.899999618530273,9.0,8.75,8.949999809265137,6781700,JMART
2025-10-07,8.613927841186523,8.899999618530273,8.899999618530273,8.899999618530273,8.899999618530273,0,JMART
2025-10-08,8.710714340209961,9.0,9.399999618530273,9.0,9.25,12471000,JMART
2025-10-09,8.613927841186523,8.899999618530273,9.0,8.850000381469727,8.949999809265137,6895000,JMART
2025-10-10,8.517142295837402,8.800000190734863,8.899999618530273,8.75,8.899999618530273,3872600,JMART
2025-10-14,8.129999160766602,8.399999618530273,8.899999618530273,8.399999618530273,8.800000190734863,7505800,JMART
2025-10-15,8.226784706115723,8.5,8.649999618530273,8.449999809265137,8.449999809265137,5816500,JMART
2025-10-16,8.226784706115723,8.5,8.649999618530273,8.449999809265137,8.5,4261300,JMART
2025-10-17,7.839642524719238,8.100000381469727,8.449999809265137,8.100000381469727,8.449999809265137,7660200,JMART
2025-10-20,7.839642524719238,8.100000381469727,8.350000381469727,8.100000381469727,8.25,5523600,JMART
2025-10-21,7.984821319580078,8.25,8.350000381469727,8.199999809265137,8.199999809265137,4234200,JMART
2025-10-22,8.03321361541748,8.300000190734863,8.399999618530273,8.149999618530273,8.25,4361600,JMART
2025-10-24,7.839642524719238,8.100000381469727,8.350000381469727,8.100000381469727,8.350000381469727,4980200,JMART
2025-10-27,7.839642524719238,8.100000381469727,8.399999618530273,8.100000381469727,8.149999618530273,4985100,JMART
2025-10-28,7.694463729858398,7.949999809265137,8.149999618530273,7.699999809265137,8.149999618530273,11472900,JMART
2025-10-29,7.500892639160156,7.75,8.050000190734863,7.75,7.949999809265137,4670500,JMART
2025-10-30,7.549285411834717,7.800000190734863,8.0,7.699999809265137,7.800000190734863,6764800,JMART
2025-10-31,7.549285411834717,7.800000190734863,7.900000095367432,7.699999809265137,7.800000190734863,3731800,JMART
2025-11-03,7.500892639160156,7.75,8.050000190734863,7.699999809265137,7.849999904632568,4879500,JMART
2025-11-04,7.210535526275635,7.449999809265137,7.75,7.449999809265137,7.75,5236100,JMART
2025-11-05,7.1137495040893555,7.349999904632568,7.5,7.25,7.349999904632568,5155600,JMART
2025-11-06,7.258927822113037,7.5,7.550000190734863,7.349999904632568,7.400000095367432,2923600,JMART
2025-11-07,7.162142753601074,7.400000095367432,7.449999809265137,7.300000190734863,7.449999809265137,2108700,JMART
2025-11-10,7.1137495040893555,7.349999904632568,7.5,7.349999904632568,7.400000095367432,3063200,JMART
2025-11-11,7.016963958740234,7.25,7.400000095367432,7.199999809265137,7.400000095367432,2986600,JMART
2025-11-12,6.726606845855713,6.949999809265137,7.400000095367432,6.949999809265137,7.25,7787900,JMART
2025-11-13,6.678214073181152,6.900000095367432,7.050000190734863,6.849999904632568,6.949999809265137,2886000,JMART
2025-11-14,6.5330352783203125,6.75,6.900000095367432,6.699999809265137,6.800000190734863,3648500,JMART
2025-11-17,6.678214073181152,6.900000095367432,7.0,6.650000095367432,6.75,3292300,JMART
2025-11-18,6.8717851638793945,7.099999904632568,7.150000095367432,6.849999904632568,6.849999904632568,3628100,JMART
2025-11-19,7.016963958740234,7.25,7.400000095367432,7.050000190734863,7.099999904632568,4262300,JMART
2025-11-20,7.258927822113037,7.5,7.75,7.300000190734863,7.300000190734863,5991300,JMART
2025-11-21,7.065357208251953,7.300000190734863,7.550000190734863,7.150000095367432,7.5,5196100,JMART
2025-11-24,6.848567008972168,6.949999809265137,7.25,6.900000095367432,7.25,4129200,JMART
2025-11-25,6.8978376388549805,7.0,7.099999904632568,6.900000095367432,7.0,2726300,JMART
2025-11-26,6.848567008972168,6.949999809265137,7.150000095367432,6.900000095367432,7.050000190734863,4179000,JMART
2025-11-27,6.996377944946289,7.099999904632568,7.150000095367432,7.0,7.0,2321400,JMART
2025-11-28,7.045648574829102,7.150000095367432,7.300000190734863,7.050000190734863,7.099999904632568,3324600,JMART
2025-12-01,7.193459510803223,7.300000190734863,7.400000095367432,7.0,7.150000095367432,6156600,JMART
2025-12-02,7.094918727874756,7.199999809265137,7.300000190734863,7.099999904632568,7.300000190734863,2786200,JMART
2025-12-03,6.947108268737793,7.050000190734863,7.300000190734863,7.050000190734863,7.25,3839200,JMART
2025-12-04,6.799297332763672,6.900000095367432,7.199999809265137,6.849999904632568,7.099999904632568,6016900,JMART
2025-12-08,6.651486396789551,6.75,6.900000095367432,6.699999809265137,6.900000095367432,2935200,JMART
2025-12-09,6.750026702880859,6.849999904632568,6.900000095367432,6.75,6.75,2730600,JMART
2025-12-11,6.700757026672363,6.800000190734863,7.0,6.800000190734863,6.949999809265137,1648800,JMART
2025-12-12,6.8978376388549805,7.0,7.099999904632568,6.75,6.800000190734863,3905500,JMART
2025-12-15,7.045648574829102,7.150000095367432,7.150000095367432,6.949999809265137,6.949999809265137,3137300,JMART
2025-12-16,6.996377944946289,7.099999904632568,7.099999904632568,7.0,7.050000190734863,1893800,JMART
2025-12-17,6.848567008972168,6.949999809265137,7.150000095367432,6.949999809265137,7.099999904632568,3231200,JMART
2025-12-18,6.651486396789551,6.75,7.0,6.699999809265137,7.0,4448400,JMART
2025-12-19,6.651486396789551,6.75,6.900000095367432,6.75,6.800000190734863,3017000,JMART
2025-12-22,6.848567008972168,6.949999809265137,7.0,6.800000190734863,6.800000190734863,3264900,JMART
2025-12-23,6.996377944946289,7.099999904632568,7.25,6.949999809265137,6.949999809265137,6027200,JMART
2025-12-24,7.045648574829102,7.150000095367432,7.199999809265137,7.0,7.050000190734863,2897700,JMART
2025-12-25,6.848567008972168,6.949999809265137,7.199999809265137,6.900000095367432,7.199999809265137,3629500,JMART
2025-12-26,6.700757026672363,6.800000190734863,7.0,6.75,6.949999809265137,2640000,JMART
2025-12-29,6.651486396789551,6.75,6.849999904632568,6.75,6.849999904632568,1706300,JMART
2025-12-30,6.799297332763672,6.900000095367432,7.0,6.75,6.75,2878800,JMART
2023-01-03,40.54349899291992,47.25,48.0,46.25,46.5,28904600,KCE
2023-01-04,39.470916748046875,46.0,47.5,45.5,47.25,16783100,KCE
2023-01-05,38.612850189208984,45.0,46.0,44.5,46.0,13869300,KCE
2023-01-06,41.187042236328125,48.0,48.75,44.75,44.75,62862600,KCE
2023-01-09,41.83059310913086,48.75,49.25,47.75,48.75,32425400,KCE
2023-01-10,42.903167724609375,50.0,50.5,49.0,49.25,29440200,KCE
2023-01-11,42.25962448120117,49.25,50.75,49.25,50.5,19777500,KCE
2023-01-12,45.0483283996582,52.5,53.0,49.5,49.5,58551100,KCE
2023-01-13,44.619300842285156,52.0,53.0,50.75,52.5,39782600,KCE
2023-01-16,44.19026565551758,51.5,52.25,51.25,52.25,13581300,KCE
2023-01-17,43.54671859741211,50.75,51.5,50.75,51.25,10836100,KCE
2023-01-18,42.47414016723633,49.5,52.0,49.25,50.5,33186200,KCE
2023-01-19,42.04510498046875,49.0,49.25,48.5,48.75,16158900,KCE
2023-01-20,42.04510498046875,49.0,49.5,48.5,49.25,8351100,KCE
2023-01-23,42.68865203857422,49.75,50.25,48.75,49.0,17522900,KCE
2023-01-24,42.25962448120117,49.25,51.25,49.25,50.5,31464000,KCE
2023-01-25,42.47414016723633,49.5,50.0,49.25,49.5,9829900,KCE
2023-01-26,42.04510498046875,49.0,50.25,48.75,49.75,14287400,KCE
2023-01-27,43.1176872253418,50.25,50.5,49.0,49.5,13068800,KCE
2023-01-30,42.903167724609375,50.0,50.5,49.5,50.25,10446200,KCE
2023-01-31,46.97897720336914,54.75,55.5,50.5,50.5,104215300,KCE
2023-02-01,47.62252426147461,55.5,56.5,54.25,54.75,38459600,KCE
2023-02-02,48.695098876953125,56.75,57.25,56.0,56.5,24395500,KCE
2023-02-03,49.76768112182617,58.0,58.5,56.5,57.25,47286900,KCE
2023-02-06,48.48058319091797,56.5,57.75,56.25,57.75,25250500,KCE
2023-02-07,48.909610748291016,57.0,57.75,56.0,56.0,17515600,KCE
2023-02-08,43.33220291137695,50.5,55.25,50.5,54.5,95689200,KCE
2023-02-09,41.61608123779297,48.5,50.25,47.75,50.0,62451400,KCE
2023-02-10,40.54349899291992,47.25,49.0,47.25,48.25,43288000,KCE
2023-02-13,41.187042236328125,48.0,48.25,46.75,47.25,16261500,KCE
2023-02-14,40.328975677490234,47.0,48.75,47.0,48.25,16759900,KCE
2023-02-15,40.114471435546875,46.75,48.0,46.75,47.25,15230700,KCE
2023-02-16,40.114471435546875,46.75,48.5,46.5,47.5,20053800,KCE
2023-02-17,39.470916748046875,46.0,47.0,45.25,46.5,15130700,KCE
2023-02-20,40.54349899291992,47.25,47.5,46.0,46.5,9775600,KCE
2023-02-21,40.972530364990234,47.75,48.0,46.75,47.5,11004900,KCE
2023-02-22,40.114471435546875,46.75,47.75,46.75,47.5,5307500,KCE
2023-02-23,40.54349899291992,47.25,47.25,46.5,47.0,5866100,KCE
2023-02-24,39.470916748046875,46.0,47.5,45.25,47.0,21258500,KCE
2023-02-27,39.89995574951172,46.5,47.0,45.75,46.0,8180900,KCE
2023-02-28,39.89995574951172,46.5,47.75,46.5,47.0,13662600,KCE
2023-03-01,40.75801467895508,47.5,48.0,46.5,46.5,15232400,KCE
2023-03-02,40.328975677490234,47.0,48.5,46.75,47.25,14874800,KCE
2023-03-03,40.328975677490234,47.0,47.5,46.25,47.5,8714100,KCE
2023-03-07,41.61608123779297,48.5,48.5,47.25,47.25,11717400,KCE
2023-03-08,41.187042236328125,48.0,48.0,47.25,47.5,9531800,KCE
2023-03-09,41.61608123779297,48.5,49.0,48.0,48.0,9880600,KCE
2023-03-10,41.187042236328125,48.0,48.5,47.5,47.75,4682100,KCE
2023-03-13,40.114471435546875,46.75,48.25,46.75,47.75,7620300,KCE
2023-03-14,38.612850189208984,45.0,47.25,44.5,47.0,14574000,KCE
2023-03-15,39.68543243408203,46.25,46.5,45.5,46.25,6555200,KCE
2023-03-16,38.827369689941406,45.25,46.0,45.0,45.75,7202800,KCE
2023-03-17,37.11124038696289,43.25,46.5,42.5,46.0,17512900,KCE
2023-03-20,36.76318359375,42.25,43.25,41.75,42.75,7003500,KCE
2023-03-21,37.41579055786133,43.0,43.25,42.25,42.75,5727400,KCE
2023-03-22,37.63331985473633,43.25,43.75,43.0,43.5,5257600,KCE
2023-03-23,38.93852615356445,44.75,45.0,43.0,43.25,9344900,KCE
2023-03-24,39.80866241455078,45.75,46.25,44.5,45.0,13463400,KCE
2023-03-27,39.80866241455078,45.75,46.5,45.5,46.0,8582400,KCE
2023-03-28,39.591129302978516,45.5,46.25,45.25,46.25,7437500,KCE
2023-03-29,40.24372863769531,46.25,46.25,45.75,45.75,7393200,KCE
2023-03-30,40.24372863769531,46.25,47.25,46.0,47.0,13012700,KCE
2023-03-31,39.373592376708984,45.25,46.25,45.25,46.25,7243900,KCE
2023-04-03,39.591129302978516,45.5,45.75,44.25,45.5,6765800,KCE
2023-04-04,39.15605926513672,45.0,45.75,45.0,45.5,2343500,KCE
2023-04-05,36.98072052001953,42.5,45.0,42.5,45.0,16513300,KCE
2023-04-07,38.285926818847656,44.0,44.25,42.5,42.75,9900100,KCE
2023-04-10,39.373592376708984,45.25,45.5,44.0,44.0,7100600,KCE
2023-04-11,39.591129302978516,45.5,46.0,45.25,45.25,2761200,KCE
2023-04-12,39.373592376708984,45.25,45.75,44.75,45.75,3656000,KCE
2023-04-17,39.373592376708984,45.25,45.75,44.75,45.0,2818900,KCE
2023-04-18,39.15605926513672,45.0,46.0,45.0,45.75,3943000,KCE
2023-04-19,38.285926818847656,44.0,45.0,44.0,45.0,5270600,KCE
2023-04-20,37.19826126098633,42.75,44.25,42.5,44.25,5938000,KCE
2023-04-21,35.8930549621582,41.25,43.0,40.5,42.75,12727900,KCE
2023-04-24,35.45798873901367,40.75,42.0,40.25,41.25,8898500,KCE
2023-04-25,33.71772003173828,38.75,41.25,38.5,41.0,12176400,KCE
2023-04-26,34.587852478027344,39.75,40.25,38.5,39.0,6322900,KCE
2023-04-27,33.500186920166016,38.5,39.75,37.75,39.75,10692900,KCE
2023-04-28,33.065120697021484,38.0,39.75,37.75,39.0,10707900,KCE
2023-05-02,33.065120697021484,38.0,38.75,37.5,38.0,5504300,KCE
2023-05-03,33.500186920166016,38.5,38.75,37.0,37.25,6117300,KCE
2023-05-08,35.24045944213867,40.5,40.75,38.5,38.75,8430800,KCE
2023-05-09,35.45798873901367,40.75,41.25,39.5,40.5,5852900,KCE
2023-05-10,32.84758377075195,37.75,38.75,37.0,38.5,24103700,KCE
2023-05-11,32.194984436035156,37.0,38.25,37.0,37.75,11051600,KCE
2023-05-12,32.63005065917969,37.5,37.5,35.75,37.25,10369500,KCE
2023-05-15,32.412513732910156,37.25,38.25,37.0,38.0,5360300,KCE
2023-05-16,31.759910583496094,36.5,37.0,36.25,36.75,5006500,KCE
2023-05-17,31.324851989746094,36.0,37.0,35.5,36.5,5073500,KCE
2023-05-18,32.412513732910156,37.25,37.75,36.25,36.25,6188100,KCE
2023-05-19,31.977453231811523,36.75,37.5,36.5,37.25,6083900,KCE
2023-05-22,33.065120697021484,38.0,38.25,35.75,36.25,10604100,KCE
2023-05-23,33.28265380859375,38.25,38.75,37.5,37.75,5785800,KCE
2023-05-24,33.28265380859375,38.25,38.75,37.75,38.0,3212100,KCE
2023-05-25,33.500186920166016,38.5,40.25,38.25,39.25,17368400,KCE
2023-05-26,33.28265380859375,38.25,39.0,37.75,38.25,10091800,KCE
2023-05-29,33.500186920166016,38.5,39.25,38.25,38.75,4572400,KCE
2023-05-30,34.15279006958008,39.25,39.5,38.5,38.5,7631500,KCE
2023-05-31,33.93524932861328,39.0,39.25,38.25,38.75,6005000,KCE
2023-06-01,33.71772003173828,38.75,39.5,38.5,39.0,5403700,KCE
2023-06-02,33.71772003173828,38.75,39.25,38.25,39.25,8488400,KCE
2023-06-06,32.84758377075195,37.75,39.0,37.75,39.0,4440500,KCE
2023-06-07,33.71772003173828,38.75,38.75,37.75,37.75,4048400,KCE
2023-06-08,34.370323181152344,39.5,39.75,38.0,38.5,5727400,KCE
2023-06-09,34.15279006958008,39.25,39.75,39.0,39.75,4456900,KCE
2023-06-12,34.15279006958008,39.25,39.75,39.0,39.25,1378500,KCE
2023-06-13,35.67552185058594,41.0,41.5,39.75,39.75,15206400,KCE
2023-06-14,35.24045944213867,40.5,41.25,40.5,41.25,7835400,KCE
2023-06-15,35.02292251586914,40.25,41.5,40.25,40.5,8315100,KCE
2023-06-16,35.02292251586914,40.25,41.0,39.75,40.5,4341400,KCE
2023-06-19,36.110591888427734,41.5,41.5,40.0,40.5,8339200,KCE
2023-06-20,35.45798873901367,40.75,41.75,40.25,41.25,8326200,KCE
2023-06-21,33.93524932861328,39.0,41.0,38.75,41.0,8789400,KCE
2023-06-22,33.065120697021484,38.0,39.5,37.5,39.25,7972200,KCE
2023-06-23,33.28265380859375,38.25,39.0,38.0,38.0,8000600,KCE
2023-06-26,31.759910583496094,36.5,38.25,36.25,38.0,10755700,KCE
2023-06-27,32.412513732910156,37.25,38.0,36.25,36.5,8772100,KCE
2023-06-28,32.63005065917969,37.5,38.0,36.75,37.75,5457100,KCE
2023-06-29,33.065120697021484,38.0,38.75,37.5,37.75,8741000,KCE
2023-06-30,33.93524932861328,39.0,39.5,37.75,38.25,8500600,KCE
2023-07-03,33.500186920166016,38.5,39.75,38.5,39.25,5100700,KCE
2023-07-04,33.500186920166016,38.5,39.0,38.25,38.75,4678400,KCE
2023-07-05,33.065120697021484,38.0,38.25,37.25,38.25,9369800,KCE
2023-07-06,32.412513732910156,37.25,38.0,37.0,38.0,4007000,KCE
2023-07-07,31.759910583496094,36.5,37.25,36.25,37.0,5679100,KCE
2023-07-10,31.977453231811523,36.75,37.25,36.25,36.75,4600600,KCE
2023-07-11,32.194984436035156,37.0,37.5,36.75,37.0,4551400,KCE
2023-07-12,31.324851989746094,36.0,37.5,36.0,37.0,5997500,KCE
2023-07-13,31.977453231811523,36.75,37.25,35.75,36.0,5477700,KCE
2023-07-14,33.71772003173828,38.75,39.25,37.0,37.0,14411000,KCE
2023-07-17,34.15279006958008,39.25,39.5,38.5,39.0,4760200,KCE
2023-07-18,34.80538558959961,40.0,40.5,39.25,39.5,11300100,KCE
2023-07-19,35.02292251586914,40.25,40.5,39.5,40.25,9700000,KCE
2023-07-20,33.71772003173828,38.75,40.5,38.5,40.5,11383500,KCE
2023-07-21,33.28265380859375,38.25,38.75,37.75,38.5,6007200,KCE
2023-07-24,32.84758377075195,37.75,38.5,37.5,38.25,3563000,KCE
2023-07-25,33.065120697021484,38.0,38.25,37.5,38.0,2735800,KCE
2023-07-26,33.28265380859375,38.25,38.75,37.75,38.25,3889600,KCE
2023-07-27,34.587852478027344,39.75,39.75,37.5,38.0,11166500,KCE
2023-07-31,37.63331985473633,43.25,43.5,42.75,43.25,8811500,KCE
2023-08-02,37.41579055786133,43.0,44.5,42.5,42.75,19986500,KCE
2023-08-03,36.328121185302734,41.75,42.5,41.25,42.0,15689300,KCE
2023-08-04,37.19826126098633,42.75,43.75,41.5,41.75,14480700,KCE
2023-08-07,37.19826126098633,42.75,43.5,41.5,42.75,11492900,KCE
2023-08-08,36.545654296875,42.0,43.75,42.25,43.25,10963800,KCE
2023-08-09,39.80866241455078,45.75,46.0,42.25,43.0,58164000,KCE
2023-08-10,40.461265563964844,46.5,46.25,44.5,45.5,16406000,KCE
2023-08-11,40.678802490234375,46.75,47.25,46.0,46.5,14427400,KCE
2023-08-15,40.678802490234375,46.75,47.5,46.25,47.25,5530400,KCE
2023-08-16,41.11386489868164,47.25,48.5,45.75,47.5,27736600,KCE
2023-08-17,41.11386489868164,47.25,47.75,46.75,47.25,10536000,KCE
2023-08-18,40.461265563964844,46.5,47.5,46.25,47.25,9727900,KCE
2023-08-21,40.990169525146484,46.5,46.75,45.75,46.0,4522800,KCE
2023-08-22,41.651302337646484,47.25,47.5,46.25,46.75,11844000,KCE
2023-08-23,41.87167739868164,47.5,48.0,46.75,47.5,9265400,KCE
2023-08-24,44.73657989501953,50.75,51.0,48.75,48.75,40619000,KCE
2023-08-25,44.07544708251953,50.0,50.5,48.75,50.0,19661100,KCE
2023-08-28,43.19394302368164,49.0,51.0,49.0,50.5,17092200,KCE
2023-08-29,43.85506820678711,49.75,50.25,49.0,49.25,10174400,KCE
2023-08-30,45.17733383178711,51.25,51.75,50.75,50.75,16583300,KCE
2023-08-31,44.95695877075195,51.0,51.75,50.5,51.25,10946300,KCE
2023-09-01,45.39771270751953,51.5,52.25,51.0,51.0,11555600,KCE
2023-09-04,44.29582595825195,50.25,51.5,50.0,51.5,8120500,KCE
2023-09-05,44.73657989501953,50.75,51.25,50.0,50.0,4759800,KCE
2023-09-06,43.41431427001953,49.25,50.75,49.25,50.5,9035800,KCE
2023-09-07,43.63469314575195,49.5,50.0,49.25,49.25,4054800,KCE
2023-09-08,43.85506820678711,49.75,50.25,49.0,49.5,3054400,KCE
2023-09-11,44.29582595825195,50.25,51.0,49.5,50.0,5542600,KCE
2023-09-12,45.838470458984375,52.0,52.5,50.5,50.5,11981100,KCE
2023-09-13,45.39771270751953,51.5,52.75,51.25,51.5,10084900,KCE
2023-09-14,45.61808776855469,51.75,52.25,51.25,51.25,7775100,KCE
2023-09-15,45.39771270751953,51.5,52.5,51.0,52.25,3878700,KCE
2023-09-18,44.95695877075195,51.0,51.75,49.5,50.0,8983400,KCE
2023-09-19,45.61808776855469,51.75,52.5,50.0,50.5,10832900,KCE
2023-09-20,45.39771270751953,51.5,52.25,51.0,52.0,7749200,KCE
2023-09-21,46.05884552001953,52.25,52.25,51.0,51.5,5777200,KCE
2023-09-22,46.49959945678711,52.75,53.25,51.5,52.0,9613400,KCE
2023-09-25,46.719974517822266,53.0,53.5,52.5,53.0,10394400,KCE
2023-09-26,45.838470458984375,52.0,53.25,52.0,53.0,9538400,KCE
2023-09-27,46.49959945678711,52.75,52.75,51.5,52.0,3628200,KCE
2023-09-28,48.48299789428711,55.0,55.5,53.0,53.25,25513300,KCE
2023-09-29,48.703369140625,55.25,56.0,53.5,54.5,14109300,KCE
2023-10-02,48.48299789428711,55.0,55.75,54.75,55.5,7996300,KCE
2023-10-03,48.92375183105469,55.5,55.75,54.25,55.5,12813100,KCE
2023-10-04,49.80525588989258,56.5,56.5,54.75,55.0,10833400,KCE
2023-10-05,49.364498138427734,56.0,56.75,55.75,56.75,8208200,KCE
2023-10-06,48.48299789428711,55.0,56.75,55.0,56.25,8068600,KCE
2023-10-09,46.719974517822266,53.0,55.5,52.5,55.0,12528000,KCE
2023-10-10,48.703369140625,55.25,55.5,53.5,54.0,16430300,KCE
2023-10-11,49.58488082885742,56.25,56.5,54.25,55.5,15216300,KCE
2023-10-12,48.92375183105469,55.5,57.0,55.5,56.75,12240200,KCE
2023-10-16,48.48299789428711,55.0,55.5,52.75,55.5,15972100,KCE
2023-10-17,47.60148620605469,54.0,55.0,53.25,55.0,14565500,KCE
2023-10-18,48.26261901855469,54.75,55.0,53.5,53.75,6989200,KCE
2023-10-19,47.821861267089844,54.25,55.0,53.5,54.25,5369500,KCE
2023-10-20,45.838470458984375,52.0,54.25,51.5,54.25,15661600,KCE
2023-10-24,45.39771270751953,51.5,52.5,50.75,52.0,10748500,KCE
2023-10-25,46.719974517822266,53.0,53.75,52.0,52.0,8453800,KCE
2023-10-26,43.19394302368164,49.0,52.0,49.0,51.5,13761200,KCE
2023-10-27,45.61808776855469,51.75,52.0,49.25,50.0,9863900,KCE
2023-10-30,46.719974517822266,53.0,53.25,51.25,51.5,7056700,KCE
2023-10-31,44.73657989501953,50.75,53.0,50.5,53.0,8689400,KCE
2023-11-01,46.05884552001953,52.25,52.75,51.0,51.0,5508700,KCE
2023-11-02,47.821861267089844,54.25,54.75,53.25,53.25,12167400,KCE
2023-11-03,48.48299789428711,55.0,55.5,54.5,55.0,9795500,KCE
2023-11-06,50.466392517089844,57.25,57.5,56.0,56.0,12635800,KCE
2023-11-07,48.92375183105469,55.5,56.75,55.25,56.5,11388500,KCE
2023-11-08,46.719974517822266,53.0,56.25,52.5,55.5,18511700,KCE
2023-11-09,46.49959945678711,52.75,53.25,51.75,52.25,13177300,KCE
2023-11-10,45.39771270751953,51.5,52.25,50.75,52.0,8689800,KCE
2023-11-13,46.49959945678711,52.75,53.5,51.75,52.75,7875300,KCE
2023-11-14,45.17733383178711,51.25,52.0,48.75,52.0,17902800,KCE
2023-11-15,46.719974517822266,53.0,53.25,52.0,52.25,14295000,KCE
2023-11-16,45.61808776855469,51.75,52.75,51.5,52.75,5719400,KCE
2023-11-17,44.29582595825195,50.25,52.0,49.5,51.25,10927300,KCE
2023-11-20,45.838470458984375,52.0,52.0,50.5,50.5,5519300,KCE
2023-11-21,46.49959945678711,52.75,53.75,52.5,53.5,7246300,KCE
2023-11-22,45.61808776855469,51.75,52.5,51.5,52.5,4945500,KCE
2023-11-23,45.61808776855469,51.75,52.25,51.25,52.0,2814500,KCE
2023-11-24,45.61808776855469,51.75,52.5,51.5,52.0,2971300,KCE
2023-11-27,45.17733383178711,51.25,51.75,50.75,51.75,4328900,KCE
2023-11-28,45.838470458984375,52.0,52.25,51.5,51.75,3226100,KCE
2023-11-29,46.49959945678711,52.75,53.0,51.25,52.25,5532300,KCE
2023-11-30,46.27922058105469,52.5,53.0,52.0,52.5,3307900,KCE
2023-12-01,48.04224395751953,54.5,55.0,52.25,53.0,13249600,KCE
2023-12-04,48.04224395751953,54.5,55.25,54.5,54.75,3677900,KCE
2023-12-06,48.26261901855469,54.75,56.0,54.75,55.25,4370800,KCE
2023-12-07,47.60148620605469,54.0,55.5,54.0,54.5,4325600,KCE
2023-12-08,48.04224395751953,54.5,56.0,54.25,55.0,6335700,KCE
2023-12-12,48.04224395751953,54.5,55.0,54.25,54.75,3303600,KCE
2023-12-13,47.38111114501953,53.75,54.5,53.25,54.5,2904200,KCE
2023-12-14,48.92375183105469,55.5,56.25,54.75,54.75,9044800,KCE
2023-12-15,48.26261901855469,54.75,55.75,54.5,55.75,4837300,KCE
2023-12-18,48.48299789428711,55.0,55.5,54.0,54.25,4592100,KCE
2023-12-19,48.703369140625,55.25,56.25,54.75,56.0,9226300,KCE
2023-12-20,48.703369140625,55.25,56.0,54.75,55.25,8250300,KCE
2023-12-21,50.025630950927734,56.75,57.5,54.5,54.75,13201800,KCE
2023-12-22,49.58488082885742,56.25,57.0,56.0,56.75,4812600,KCE
2023-12-25,49.364498138427734,56.0,56.75,55.75,56.25,3723100,KCE
2023-12-26,48.703369140625,55.25,56.0,54.75,56.0,5286600,KCE
2023-12-27,47.821861267089844,54.25,55.5,53.5,55.5,8997200,KCE
2023-12-28,48.48299789428711,55.0,55.0,53.75,54.25,14579300,KCE
2024-01-03,48.04224395751953,54.5,55.5,54.25,55.5,9799800,KCE
2024-01-04,46.719974517822266,53.0,54.25,52.5,54.25,11481800,KCE
2024-01-05,45.39771270751953,51.5,53.5,51.25,53.25,13115100,KCE
2024-01-08,46.05884552001953,52.25,52.75,51.0,51.0,4793400,KCE
2024-01-09,45.39771270751953,51.5,53.25,51.5,53.25,8827300,KCE
2024-01-10,45.838470458984375,52.0,52.5,51.5,52.0,5941200,KCE
2024-01-11,45.61808776855469,51.75,52.5,51.75,52.25,4228700,KCE
2024-01-12,45.838470458984375,52.0,52.75,51.5,51.5,5197400,KCE
2024-01-15,45.17733383178711,51.25,52.0,51.25,52.0,4432800,KCE
2024-01-16,44.07544708251953,50.0,51.0,49.75,51.0,8752000,KCE
2024-01-17,43.63469314575195,49.5,50.5,49.25,49.5,7461500,KCE
2024-01-18,41.651302337646484,47.25,49.5,47.0,49.5,15377900,KCE
2024-01-19,42.7531852722168,48.5,49.75,47.75,49.0,12523900,KCE
2024-01-22,42.0920524597168,47.75,49.0,47.5,49.0,4424700,KCE
2024-01-23,41.210548400878906,46.75,48.5,46.25,48.0,10180100,KCE
2024-01-24,42.53281021118164,48.25,48.25,46.5,46.75,7423800,KCE
2024-01-25,41.651302337646484,47.25,48.0,47.0,47.75,4184400,KCE
2024-01-26,40.76979064941406,46.25,47.25,45.75,46.75,7703900,KCE
2024-01-29,40.10866165161133,45.5,46.75,45.25,46.5,8069700,KCE
2024-01-30,40.10866165161133,45.5,46.0,45.25,45.5,5741700,KCE
2024-01-31,39.227149963378906,44.5,45.5,43.75,45.5,11544300,KCE
2024-02-01,38.78639602661133,44.0,44.75,43.75,44.0,5180400,KCE
2024-02-02,39.00677490234375,44.25,45.75,44.25,44.75,9553100,KCE
2024-02-05,39.88827896118164,45.25,45.25,43.5,44.25,12130400,KCE
2024-02-06,40.76979064941406,46.25,46.5,44.75,44.75,6559800,KCE
2024-02-07,40.329036712646484,45.75,46.5,45.25,46.25,8941400,KCE
2024-02-08,39.667903900146484,45.0,45.75,45.0,45.5,6041000,KCE
2024-02-09,39.88827896118164,45.25,45.5,45.0,45.25,2034300,KCE
2024-02-12,40.10866165161133,45.5,45.5,45.0,45.25,1897700,KCE
2024-02-13,39.667903900146484,45.0,46.5,45.0,45.5,7458200,KCE
2024-02-14,35.701114654541016,40.5,42.5,40.5,42.0,31872300,KCE
2024-02-15,36.36224365234375,41.25,41.75,40.5,41.0,17155600,KCE
2024-02-16,35.039981842041016,39.75,41.5,39.75,41.5,14284800,KCE
2024-02-19,35.48073959350586,40.25,40.75,39.75,39.75,5597300,KCE
2024-02-20,34.378849029541016,39.0,40.25,38.75,40.25,16824700,KCE
2024-02-21,33.9380989074707,38.5,40.0,38.25,38.75,16602900,KCE
2024-02-22,34.378849029541016,39.0,39.25,38.5,39.0,13265900,KCE
2024-02-23,33.71772003173828,38.25,39.5,38.25,39.25,11120600,KCE
2024-02-27,34.15847396850586,38.75,38.75,38.0,38.25,6748600,KCE
2024-02-28,32.61582946777344,37.0,37.75,36.75,37.5,13247600,KCE
2024-02-29,33.27696228027344,37.75,38.5,37.25,37.25,9255800,KCE
2024-03-01,32.61582946777344,37.0,38.0,37.0,37.75,5417500,KCE
2024-03-04,32.39545822143555,36.75,37.75,36.75,37.0,4757500,KCE
2024-03-05,32.83620834350586,37.25,37.75,36.5,37.0,5815700,KCE
2024-03-06,33.27696228027344,37.75,38.25,37.0,37.0,6482100,KCE
2024-03-07,33.27696228027344,37.75,38.0,37.5,38.0,4714700,KCE
2024-03-08,34.378849029541016,39.0,39.25,37.75,38.0,10606100,KCE
2024-03-11,34.378849029541016,39.0,39.25,38.5,38.75,6935000,KCE
2024-03-12,34.378849029541016,39.0,39.0,39.0,39.0,0,KCE
2024-03-13,34.378849029541016,39.0,39.75,38.75,39.0,8534600,KCE
2024-03-14,33.9380989074707,38.5,39.0,38.25,39.0,10097300,KCE
2024-03-15,33.49734115600586,38.0,38.5,37.75,38.25,5688300,KCE
2024-03-18,34.15847396850586,38.75,39.25,38.25,38.25,5427000,KCE
2024-03-19,34.15847396850586,38.75,39.25,38.5,38.75,3980900,KCE
2024-03-20,33.9380989074707,38.5,39.5,38.5,39.0,5488800,KCE
2024-03-21,35.039981842041016,39.75,40.5,39.25,39.25,14021000,KCE
2024-03-22,35.039981842041016,39.75,39.75,39.75,39.75,0,KCE
2024-03-25,34.995113372802734,39.0,39.75,38.75,39.25,7461000,KCE
2024-03-26,35.44377517700195,39.5,39.75,38.5,39.0,8586500,KCE
2024-03-27,35.89242935180664,40.0,40.25,39.0,39.5,10860500,KCE
2024-03-28,35.89242935180664,40.0,40.0,40.0,40.0,0,KCE
2024-03-29,35.66809844970703,39.75,40.0,39.25,39.5,2500400,KCE
2024-04-01,35.89242935180664,40.0,40.5,39.5,39.75,3861900,KCE
2024-04-02,36.116756439208984,40.25,40.5,39.75,40.0,3676500,KCE
2024-04-03,35.44377517700195,39.5,40.25,39.5,39.75,2530900,KCE
2024-04-04,35.44377517700195,39.5,39.75,39.0,39.75,2675600,KCE
2024-04-05,35.44377517700195,39.5,39.75,39.0,39.25,2547700,KCE
2024-04-09,35.89242935180664,40.0,40.5,39.5,39.75,7740200,KCE
2024-04-10,37.01406478881836,41.25,41.75,40.0,40.0,10685800,KCE
2024-04-11,36.56541061401367,40.75,41.25,40.25,41.0,5405600,KCE
2024-04-17,36.56541061401367,40.75,40.75,40.75,40.75,0,KCE
2024-04-18,36.56541061401367,40.75,40.75,40.75,40.75,0,KCE
2024-04-19,36.56541061401367,40.75,40.75,40.75,40.75,0,KCE
2024-04-22,34.54646301269531,38.5,39.0,37.25,37.75,8107400,KCE
2024-04-23,35.44377517700195,39.5,40.0,38.75,38.75,7502700,KCE
2024-04-24,35.44377517700195,39.5,39.5,39.5,39.5,0,KCE
2024-04-25,35.66809844970703,39.75,40.5,39.75,39.75,4424100,KCE
2024-04-26,35.89242935180664,40.0,40.25,39.5,40.0,3253000,KCE
2024-04-29,35.66809844970703,39.75,40.25,39.5,40.25,5842900,KCE
2024-04-30,35.21944808959961,39.25,40.25,38.5,39.75,7887100,KCE
2024-05-02,34.32213592529297,38.25,39.0,37.75,39.0,11113600,KCE
2024-05-03,34.54646301269531,38.5,38.75,38.0,38.5,5112000,KCE
2024-05-07,34.54646301269531,38.5,38.5,38.5,38.5,0,KCE
2024-05-08,34.995113372802734,39.0,39.25,38.75,39.25,4304200,KCE
2024-05-09,34.09780502319336,38.0,39.25,37.75,38.75,8089800,KCE
2024-05-10,34.32213592529297,38.25,38.5,37.75,38.25,3078200,KCE
2024-05-13,34.09780502319336,38.0,38.0,37.25,38.0,4273800,KCE
2024-05-14,34.54646301269531,38.5,39.0,38.0,38.0,7522200,KCE
2024-05-15,36.34108352661133,40.5,41.75,38.5,39.75,41896700,KCE
2024-05-16,36.34108352661133,40.5,40.5,40.5,40.5,0,KCE
2024-05-17,37.01406478881836,41.25,42.25,40.75,41.0,8166900,KCE
2024-05-20,37.01406478881836,41.25,41.25,41.25,41.25,0,KCE
2024-05-21,37.46271896362305,41.75,42.0,41.0,41.25,4901400,KCE
2024-05-23,37.01406478881836,41.25,41.5,40.0,40.75,8607800,KCE
2024-05-24,37.46271896362305,41.75,42.25,41.75,41.75,4590000,KCE
2024-05-27,37.46271896362305,41.75,41.75,41.75,41.75,0,KCE
2024-05-28,37.01406478881836,41.25,42.0,41.0,42.0,3403600,KCE
2024-05-29,36.56541061401367,40.75,41.5,40.75,41.25,3490600,KCE
2024-05-30,36.56541061401367,40.75,40.75,40.75,40.75,0,KCE
2024-05-31,36.56541061401367,40.75,40.75,40.75,40.75,0,KCE
2024-06-04,36.116756439208984,40.25,42.0,40.0,42.0,6072200,KCE
2024-06-05,35.89242935180664,40.0,40.75,39.5,40.5,3516900,KCE
2024-06-06,37.23838806152344,41.5,42.5,40.25,40.75,18908300,KCE
2024-06-07,37.23838806152344,41.5,42.0,40.75,41.5,6994000,KCE
2024-06-10,37.01406478881836,41.25,41.75,40.5,41.25,4962600,KCE
2024-06-11,37.46271896362305,41.75,42.5,41.0,41.5,7759300,KCE
2024-06-12,38.808685302734375,43.25,43.75,41.75,41.75,17472000,KCE
2024-06-13,39.25734329223633,43.75,44.75,43.75,44.5,19531600,KCE
2024-06-14,38.5843620300293,43.0,43.75,42.75,43.5,15579700,KCE
2024-06-17,38.36003494262695,42.75,43.0,42.25,42.5,6333400,KCE
2024-06-18,38.36003494262695,42.75,42.75,42.75,42.75,0,KCE
2024-06-19,38.36003494262695,42.75,42.75,42.75,42.75,0,KCE
2024-06-20,39.033016204833984,43.5,43.75,43.0,43.25,4930100,KCE
2024-06-21,39.25734329223633,43.75,44.25,42.75,43.25,16279800,KCE
2024-06-24,39.25734329223633,43.75,43.75,43.75,43.75,0,KCE
2024-06-25,39.25734329223633,43.75,43.75,43.75,43.75,0,KCE
2024-06-26,39.25734329223633,43.75,43.75,43.75,43.75,0,KCE
2024-06-27,37.911373138427734,42.25,42.5,41.75,42.0,2765900,KCE
2024-06-28,37.68704605102539,42.0,42.75,41.25,42.5,14780700,KCE
2024-07-01,37.23838806152344,41.5,42.75,41.5,41.75,4237000,KCE
2024-07-02,37.01406478881836,41.25,42.5,41.0,41.75,6947700,KCE
2024-07-03,37.46271896362305,41.75,42.25,41.5,41.5,5122000,KCE
2024-07-04,39.033016204833984,43.5,44.25,41.75,42.25,14911800,KCE
2024-07-05,41.27629470825195,46.0,46.5,43.75,44.25,28066800,KCE
2024-07-08,41.50061798095703,46.25,46.75,45.25,46.25,12621100,KCE
2024-07-09,41.50061798095703,46.25,46.25,46.25,46.25,0,KCE
2024-07-10,41.27629470825195,46.0,46.75,45.5,46.0,14382800,KCE
2024-07-11,41.949275970458984,46.75,47.25,46.0,46.5,10281400,KCE
2024-07-12,41.949275970458984,46.75,46.75,46.75,46.75,0,KCE
2024-07-15,41.949275970458984,46.75,46.75,46.75,46.75,0,KCE
2024-07-16,41.949275970458984,46.75,47.5,46.5,46.75,9225300,KCE
2024-07-17,41.949275970458984,46.75,46.75,46.75,46.75,0,KCE
2024-07-18,40.37897872924805,45.0,45.75,44.5,45.25,10974800,KCE
2024-07-19,40.37897872924805,45.0,45.75,44.25,44.5,7359700,KCE
2024-07-23,39.70600128173828,44.25,45.75,44.0,45.5,7085500,KCE
2024-07-24,39.48167037963867,44.0,44.75,43.5,43.75,4746500,KCE
2024-07-25,38.5843620300293,43.0,43.25,42.25,43.0,10001500,KCE
2024-07-26,39.48167037963867,44.0,44.0,42.75,43.25,7403300,KCE
2024-07-30,39.48167037963867,44.0,44.0,44.0,44.0,0,KCE
2024-07-31,39.930328369140625,44.5,45.0,44.25,44.75,7282500,KCE
2024-08-01,40.37897872924805,45.0,45.75,44.75,45.25,7267600,KCE
2024-08-02,40.37897872924805,45.0,45.0,45.0,45.0,0,KCE
2024-08-05,37.23838806152344,41.5,42.5,41.25,42.5,9083200,KCE
2024-08-06,35.89242935180664,40.0,42.5,39.75,42.25,12151700,KCE
2024-08-07,35.89242935180664,40.0,41.0,39.75,40.5,9846500,KCE
2024-08-08,35.89242935180664,40.0,40.0,40.0,40.0,0,KCE
2024-08-09,34.54646301269531,38.5,40.5,37.75,40.0,12984800,KCE
2024-08-13,34.770790100097656,38.75,39.5,38.25,38.5,5052100,KCE
2024-08-14,34.54646301269531,38.5,41.5,37.75,41.0,31535100,KCE
2024-08-15,34.54646301269531,38.5,38.5,38.5,38.5,0,KCE
2024-08-16,34.32213592529297,38.25,38.5,37.75,38.0,7707700,KCE
2024-08-19,34.32213592529297,38.25,38.25,38.25,38.25,0,KCE
2024-08-20,34.995113372802734,39.0,39.75,38.75,39.0,13052100,KCE
2024-08-21,34.770790100097656,38.75,39.25,38.5,39.0,7036600,KCE
2024-08-22,34.770790100097656,38.75,38.75,38.75,38.75,0,KCE
2024-08-23,34.54646301269531,38.5,38.5,37.75,38.0,9644700,KCE
2024-08-26,35.0933723449707,38.5,38.5,38.5,38.5,0,KCE
2024-08-27,34.86549377441406,38.25,38.5,37.5,38.5,7006200,KCE
2024-08-28,35.0933723449707,38.5,38.75,37.75,38.5,11642700,KCE
2024-08-29,34.40973663330078,37.75,38.25,37.75,38.0,5410200,KCE
2024-08-30,34.637611389160156,38.0,38.5,37.75,38.0,5624500,KCE
2024-09-02,34.637611389160156,38.0,38.0,38.0,38.0,0,KCE
2024-09-03,34.637611389160156,38.0,38.0,38.0,38.0,0,KCE
2024-09-04,34.637611389160156,38.0,38.0,38.0,38.0,0,KCE
2024-09-05,34.637611389160156,38.0,38.25,37.75,38.0,9219300,KCE
2024-09-06,34.18185806274414,37.5,38.25,37.25,38.0,14056500,KCE
2024-09-09,34.18185806274414,37.5,37.5,37.5,37.5,0,KCE
2024-09-10,34.86549377441406,38.25,38.75,37.75,38.0,16151500,KCE
2024-09-11,34.18185806274414,37.5,38.25,37.5,38.25,10678100,KCE
2024-09-12,34.40973663330078,37.75,38.5,37.75,38.25,7590900,KCE
2024-09-13,34.40973663330078,37.75,38.0,37.5,38.0,3399400,KCE
2024-09-16,34.40973663330078,37.75,37.75,37.75,37.75,0,KCE
2024-09-17,35.321250915527344,38.75,38.75,37.75,37.75,10746800,KCE
2024-09-18,35.321250915527344,38.75,38.75,38.75,38.75,0,KCE
2024-09-19,35.321250915527344,38.75,38.75,38.75,38.75,0,KCE
2024-09-20,35.321250915527344,38.75,38.75,38.75,38.75,0,KCE
2024-09-23,35.77701187133789,39.25,40.0,38.75,40.0,7984500,KCE
2024-09-24,36.46064758300781,40.0,40.5,39.0,39.25,8893200,KCE
2024-09-25,36.46064758300781,40.0,40.75,39.75,40.5,6103100,KCE
2024-09-26,35.77701187133789,39.25,40.0,38.75,40.0,9500700,KCE
2024-09-27,35.77701187133789,39.25,39.25,39.25,39.25,0,KCE
2024-09-30,35.321250915527344,38.75,39.0,38.5,38.75,5153200,KCE
2024-10-01,36.46064758300781,40.0,40.25,38.75,39.0,13798000,KCE
2024-10-02,35.77701187133789,39.25,39.75,38.75,39.5,9823300,KCE
2024-10-03,35.0933723449707,38.5,39.25,38.5,39.0,4426300,KCE
2024-10-04,35.77701187133789,39.25,39.25,38.0,38.5,10106100,KCE
2024-10-07,35.77701187133789,39.25,39.5,39.0,39.5,4321200,KCE
2024-10-08,35.54912567138672,39.0,39.25,38.5,39.0,6111700,KCE
2024-10-09,35.321250915527344,38.75,39.75,38.5,39.25,6737300,KCE
2024-10-10,35.321250915527344,38.75,39.5,38.75,38.75,10543800,KCE
2024-10-11,35.321250915527344,38.75,39.0,38.5,38.75,8605800,KCE
2024-10-15,34.86549377441406,38.25,39.0,38.0,38.5,5012500,KCE
2024-10-16,34.86549377441406,38.25,38.25,38.25,38.25,0,KCE
2024-10-17,33.95397186279297,37.25,38.0,37.0,38.0,7616800,KCE
2024-10-18,33.726097106933594,37.0,37.75,37.0,37.25,6944800,KCE
2024-10-21,34.18185806274414,37.5,37.75,36.75,37.0,5071600,KCE
2024-10-22,33.726097106933594,37.0,37.75,37.0,37.5,3103700,KCE
2024-10-24,33.49821853637695,36.75,37.5,36.5,37.0,5649500,KCE
2024-10-25,33.49821853637695,36.75,36.75,36.5,36.75,1134700,KCE
2024-10-28,32.814579010009766,36.0,36.75,35.75,36.75,5707100,KCE
2024-10-29,30.763669967651367,33.75,36.0,33.5,36.0,13600500,KCE
2024-10-30,30.30790901184082,33.25,34.5,32.75,33.75,12545300,KCE
2024-10-31,32.814579010009766,36.0,37.0,33.0,33.0,31167400,KCE
2024-11-01,32.35881805419922,35.5,36.0,35.0,36.0,9453300,KCE
2024-11-04,31.903064727783203,35.0,35.75,34.75,35.5,4917000,KCE
2024-11-05,33.042457580566406,36.25,36.5,35.0,35.25,9000000,KCE
2024-11-06,34.40973663330078,37.75,38.75,36.25,36.5,31801400,KCE
2024-11-07,32.586700439453125,35.75,37.5,35.25,37.5,23239300,KCE
2024-11-08,30.763669967651367,33.75,36.0,33.5,36.0,23787700,KCE
2024-11-11,29.39639663696289,32.25,33.75,31.25,33.75,17073500,KCE
2024-11-12,27.117605209350586,29.75,32.5,29.75,32.0,22751900,KCE
2024-11-13,27.345483779907227,30.0,31.25,29.0,29.0,18924300,KCE
2024-11-14,25.750329971313477,28.25,29.75,28.0,29.5,16154800,KCE
2024-11-15,25.522449493408203,28.0,28.75,27.25,28.25,11181400,KCE
2024-11-18,25.522449493408203,28.0,28.5,27.25,28.25,7275200,KCE
2024-11-19,25.066694259643555,27.5,28.75,27.5,27.75,10237500,KCE
2024-11-20,25.294574737548828,27.75,27.75,26.75,27.75,8278400,KCE
2024-11-21,24.15517807006836,26.5,27.75,26.5,27.75,9014500,KCE
2024-11-22,23.927297592163086,26.25,27.25,25.75,27.0,10999800,KCE
2024-11-25,23.471538543701172,25.75,27.25,25.75,26.75,10716500,KCE
2024-11-26,23.471538543701172,25.75,26.5,25.5,26.0,11210300,KCE
2024-11-27,23.01578140258789,25.25,26.25,25.25,26.0,5262300,KCE
2024-11-28,22.78790283203125,25.0,25.25,24.5,25.25,12652500,KCE
2024-11-29,23.01578140258789,25.25,25.75,24.700000762939453,25.25,10020000,KCE
2024-12-02,23.01578140258789,25.25,25.75,24.799999237060547,25.75,6816100,KCE
2024-12-03,22.514448165893555,24.700000762939453,25.25,24.600000381469727,25.0,8900500,KCE
2024-12-04,22.605600357055664,24.799999237060547,25.5,24.700000762939453,24.700000762939453,8136200,KCE
2024-12-06,22.514448165893555,24.700000762939453,24.799999237060547,24.299999237060547,24.799999237060547,10306800,KCE
2024-12-09,21.60293197631836,23.700000762939453,24.600000381469727,23.600000381469727,24.5,12941900,KCE
2024-12-11,21.876386642456055,24.0,24.600000381469727,23.700000762939453,23.799999237060547,11230000,KCE
2024-12-12,21.69408416748047,23.799999237060547,24.5,23.600000381469727,24.200000762939453,12763400,KCE
2024-12-13,21.69408416748047,23.799999237060547,24.0,23.5,23.799999237060547,6806500,KCE
2024-12-16,20.782567977905273,22.799999237060547,23.799999237060547,22.700000762939453,23.700000762939453,14230500,KCE
2024-12-17,20.144506454467773,22.100000381469727,23.299999237060547,22.100000381469727,23.0,15940100,KCE
2024-12-18,19.77989959716797,21.700000762939453,22.399999618530273,21.299999237060547,22.399999618530273,29230700,KCE
2024-12-19,21.69408416748047,23.799999237060547,24.100000381469727,21.5,21.5,45238700,KCE
2024-12-20,21.32947540283203,23.399999618530273,24.100000381469727,23.299999237060547,23.799999237060547,18119300,KCE
2024-12-23,22.78790283203125,25.0,25.25,23.200000762939453,23.700000762939453,18099700,KCE
2024-12-24,22.696752548217773,24.899999618530273,25.25,24.600000381469727,25.0,8307500,KCE
2024-12-25,22.78790283203125,25.0,25.25,24.700000762939453,25.0,10409900,KCE
2024-12-26,22.605600357055664,24.799999237060547,25.25,24.100000381469727,25.0,18893500,KCE
2024-12-27,22.514448165893555,24.700000762939453,25.25,24.600000381469727,24.799999237060547,6461000,KCE
2024-12-30,22.33214569091797,24.5,25.0,24.399999618530273,24.700000762939453,10323000,KCE
2025-01-02,21.69408416748047,23.799999237060547,24.700000762939453,23.799999237060547,24.700000762939453,13061500,KCE
2025-01-03,21.69408416748047,23.799999237060547,24.899999618530273,23.799999237060547,23.899999618530273,14574800,KCE
2025-01-06,21.876386642456055,24.0,24.600000381469727,23.799999237060547,24.0,13924800,KCE
2025-01-07,22.78790283203125,25.0,25.25,24.200000762939453,24.200000762939453,23786900,KCE
2025-01-08,21.69408416748047,23.799999237060547,24.700000762939453,23.799999237060547,24.700000762939453,24980800,KCE
2025-01-09,20.964872360229492,23.0,23.799999237060547,23.0,23.799999237060547,15183600,KCE
2025-01-10,20.41796112060547,22.399999618530273,23.299999237060547,22.399999618530273,23.0,9451200,KCE
2025-01-13,20.600263595581055,22.600000381469727,22.700000762939453,22.100000381469727,22.299999237060547,8017100,KCE
2025-01-14,20.053354263305664,22.0,22.899999618530273,22.0,22.899999618530273,7186300,KCE
2025-01-15,20.41796112060547,22.399999618530273,22.5,22.0,22.100000381469727,5724100,KCE
2025-01-16,20.41796112060547,22.399999618530273,22.700000762939453,22.100000381469727,22.700000762939453,5298000,KCE
2025-01-17,19.77989959716797,21.700000762939453,22.5,21.600000381469727,22.399999618530273,6557800,KCE
2025-01-20,20.053354263305664,22.0,22.200000762939453,21.600000381469727,21.700000762939453,8274200,KCE
2025-01-21,21.14717674255371,23.200000762939453,23.5,22.100000381469727,22.100000381469727,11324100,KCE
2025-01-22,20.87371826171875,22.899999618530273,23.5,22.799999237060547,23.399999618530273,6300000,KCE
2025-01-23,20.691417694091797,22.700000762939453,23.299999237060547,22.600000381469727,22.799999237060547,8294600,KCE
2025-01-24,21.05602264404297,23.100000381469727,23.200000762939453,22.799999237060547,22.899999618530273,6315600,KCE
2025-01-27,20.509111404418945,22.5,23.100000381469727,22.399999618530273,23.0,5164300,KCE
2025-01-28,20.691417694091797,22.700000762939453,23.0,22.100000381469727,22.399999618530273,4976200,KCE
2025-01-29,20.509111404418945,22.5,23.200000762939453,22.399999618530273,22.899999618530273,3961300,KCE
2025-01-30,20.235660552978516,22.200000762939453,22.700000762939453,22.100000381469727,22.5,4659100,KCE
2025-01-31,20.053354263305664,22.0,22.399999618530273,21.799999237060547,22.399999618530273,5889600,KCE
2025-02-03,19.14183807373047,21.0,21.700000762939453,20.799999237060547,21.700000762939453,10993200,KCE
2025-02-04,18.139171600341797,19.899999618530273,21.600000381469727,19.899999618530273,21.200000762939453,15527800,KCE
2025-02-05,18.321474075317383,20.100000381469727,20.600000381469727,19.899999618530273,20.0,12978900,KCE
2025-02-06,17.95686912536621,19.700000762939453,20.399999618530273,19.600000381469727,20.299999237060547,6494200,KCE
2025-02-07,18.50377655029297,20.299999237060547,20.299999237060547,19.600000381469727,19.799999237060547,6322600,KCE
2025-02-10,18.048019409179688,19.799999237060547,20.299999237060547,19.600000381469727,20.100000381469727,6650400,KCE
2025-02-11,19.324142456054688,21.200000762939453,21.200000762939453,19.700000762939453,19.799999237060547,13787200,KCE
2025-02-13,19.324142456054688,21.200000762939453,21.899999618530273,20.799999237060547,21.200000762939453,12564100,KCE
2025-02-14,18.959535598754883,20.799999237060547,21.5,20.799999237060547,21.399999618530273,8319100,KCE
2025-02-17,19.324142456054688,21.200000762939453,21.200000762939453,19.600000381469727,19.700000762939453,9135900,KCE
2025-02-18,19.14183807373047,21.0,21.600000381469727,20.799999237060547,21.5,11370300,KCE
2025-02-19,19.324142456054688,21.200000762939453,21.899999618530273,21.0,21.200000762939453,12947600,KCE
2025-02-20,19.324142456054688,21.200000762939453,21.600000381469727,20.700000762939453,21.0,12993100,KCE
2025-02-21,18.686080932617188,20.5,21.200000762939453,20.5,21.100000381469727,5506100,KCE
2025-02-24,18.777231216430664,20.600000381469727,20.899999618530273,20.299999237060547,20.5,7873700,KCE
2025-02-25,18.686080932617188,20.5,21.0,19.600000381469727,19.600000381469727,13951500,KCE
2025-02-26,18.686080932617188,20.5,20.799999237060547,19.799999237060547,20.600000381469727,13826700,KCE
2025-02-27,17.95686912536621,19.700000762939453,20.799999237060547,19.600000381469727,20.399999618530273,8378600,KCE
2025-02-28,16.68074607849121,18.299999237060547,18.799999237060547,17.0,17.0,15581300,KCE
2025-03-03,16.407289505004883,18.0,18.700000762939453,17.899999618530273,18.600000381469727,9381200,KCE
2025-03-04,16.04268455505371,17.600000381469727,18.200000762939453,17.399999618530273,17.899999618530273,7592400,KCE
2025-03-05,17.045352935791016,18.700000762939453,18.799999237060547,17.799999237060547,17.799999237060547,10260000,KCE
2025-03-06,16.771896362304688,18.399999618530273,19.100000381469727,18.399999618530273,19.100000381469727,7442600,KCE
2025-03-07,17.77456283569336,19.5,19.700000762939453,18.299999237060547,18.5,10467600,KCE
2025-03-10,17.045352935791016,18.700000762939453,19.5,18.600000381469727,19.100000381469727,7068900,KCE
2025-03-11,17.8657169342041,19.600000381469727,19.799999237060547,18.399999618530273,18.600000381469727,9962200,KCE
2025-03-12,16.863048553466797,18.5,19.5,18.5,19.5,9243700,KCE
2025-03-13,17.22765350341797,18.899999618530273,19.200000762939453,18.600000381469727,18.799999237060547,6389100,KCE
2025-03-14,17.592260360717773,19.299999237060547,19.5,18.899999618530273,18.899999618530273,7350600,KCE
2025-03-17,17.22765350341797,18.899999618530273,19.600000381469727,18.899999618530273,19.600000381469727,6240500,KCE
2025-03-18,17.22765350341797,18.899999618530273,19.100000381469727,18.600000381469727,19.100000381469727,5540100,KCE
2025-03-19,17.318805694580078,19.0,19.399999618530273,18.899999618530273,18.899999618530273,8168900,KCE
2025-03-20,17.22765350341797,18.899999618530273,19.299999237060547,18.799999237060547,19.0,6879000,KCE
2025-03-21,17.409957885742188,19.100000381469727,19.100000381469727,18.799999237060547,19.0,6669000,KCE
2025-03-24,17.221742630004883,18.299999237060547,18.600000381469727,18.200000762939453,18.5,3910900,KCE
2025-03-25,16.93941879272461,18.0,18.399999618530273,18.0,18.399999618530273,3992100,KCE
2025-03-26,16.75119972229004,17.799999237060547,18.399999618530273,17.799999237060547,18.100000381469727,3989800,KCE
2025-03-27,16.186555862426758,17.200000762939453,17.600000381469727,17.0,17.5,8020900,KCE
2025-03-28,15.8101224899292,16.799999237060547,17.299999237060547,16.799999237060547,17.200000762939453,2521200,KCE
2025-03-31,14.77493667602539,15.699999809265137,16.600000381469727,14.800000190734863,14.899999618530273,10898000,KCE
2025-04-01,15.057260513305664,16.0,16.299999237060547,15.800000190734863,16.0,8043400,KCE
2025-04-02,15.151369094848633,16.100000381469727,16.299999237060547,15.899999618530273,16.0,7439600,KCE
2025-04-03,15.245476722717285,16.200000762939453,16.399999618530273,15.699999809265137,15.699999809265137,10658100,KCE
2025-04-04,14.492612838745117,15.399999618530273,15.899999618530273,15.399999618530273,15.899999618530273,7833000,KCE
2025-04-08,14.116182327270508,15.0,15.100000381469727,13.699999809265137,14.199999809265137,13771700,KCE
2025-04-09,14.116182327270508,15.0,15.199999809265137,14.600000381469727,15.0,6193500,KCE
2025-04-10,15.057260513305664,16.0,16.899999618530273,16.0,16.399999618530273,21855900,KCE
2025-04-11,15.057260513305664,16.0,16.200000762939453,15.600000381469727,15.600000381469727,5556800,KCE
2025-04-16,15.8101224899292,16.799999237060547,16.799999237060547,16.100000381469727,16.299999237060547,8564500,KCE
2025-04-17,15.998339653015137,17.0,17.399999618530273,16.399999618530273,16.799999237060547,10284900,KCE
2025-04-18,16.374771118164062,17.399999618530273,17.600000381469727,16.899999618530273,16.899999618530273,8163000,KCE
2025-04-21,15.716015815734863,16.700000762939453,17.600000381469727,16.700000762939453,17.299999237060547,6145900,KCE
2025-04-22,15.904232025146484,16.899999618530273,16.899999618530273,16.5,16.700000762939453,4229600,KCE
2025-04-23,15.904232025146484,16.899999618530273,17.399999618530273,16.899999618530273,17.299999237060547,6774900,KCE
2025-04-24,15.998339653015137,17.0,17.399999618530273,16.799999237060547,17.100000381469727,14681100,KCE
2025-04-25,16.84531021118164,17.899999618530273,18.200000762939453,17.200000762939453,17.200000762939453,19492400,KCE
2025-04-28,16.56298828125,17.600000381469727,18.299999237060547,17.600000381469727,18.0,8962400,KCE
2025-04-29,16.56298828125,17.600000381469727,17.899999618530273,17.100000381469727,17.700000762939453,9706100,KCE
2025-04-30,16.374771118164062,17.399999618530273,17.700000762939453,17.200000762939453,17.600000381469727,6923300,KCE
2025-05-02,16.46887969970703,17.5,18.0,17.399999618530273,17.700000762939453,7272900,KCE
2025-05-06,15.904232025146484,16.899999618530273,17.5,16.799999237060547,17.399999618530273,7048000,KCE
2025-05-07,16.65709686279297,17.700000762939453,17.799999237060547,16.899999618530273,16.899999618530273,7271400,KCE
2025-05-08,16.46887969970703,17.5,17.899999618530273,17.399999618530273,17.600000381469727,9931400,KCE
2025-05-09,16.75119972229004,17.799999237060547,17.899999618530273,17.399999618530273,17.5,5866500,KCE
2025-05-13,17.127635955810547,18.200000762939453,19.299999237060547,18.0,18.299999237060547,20990400,KCE
2025-05-14,17.221742630004883,18.299999237060547,19.0,18.0,18.299999237060547,18787500,KCE
2025-05-15,15.433692932128906,16.399999618530273,18.200000762939453,16.399999618530273,18.100000381469727,29791000,KCE
2025-05-16,15.339584350585938,16.299999237060547,16.700000762939453,16.200000762939453,16.600000381469727,8427400,KCE
2025-05-19,14.86904525756836,15.800000190734863,16.100000381469727,15.600000381469727,16.0,9427700,KCE
2025-05-20,14.398506164550781,15.300000190734863,16.100000381469727,15.300000190734863,16.0,7634900,KCE
2025-05-21,14.398506164550781,15.300000190734863,15.800000190734863,15.300000190734863,15.399999618530273,8530500,KCE
2025-05-22,14.304397583007812,15.199999809265137,15.399999618530273,15.100000381469727,15.199999809265137,4829400,KCE
2025-05-23,14.022073745727539,14.899999618530273,15.300000190734863,14.899999618530273,15.300000190734863,4990700,KCE
2025-05-26,14.398506164550781,15.300000190734863,15.300000190734863,14.800000190734863,15.199999809265137,5208200,KCE
2025-05-27,13.927966117858887,14.800000190734863,15.100000381469727,14.600000381469727,15.100000381469727,6283700,KCE
2025-05-28,14.304397583007812,15.199999809265137,15.699999809265137,14.899999618530273,14.899999618530273,11861500,KCE
2025-05-29,14.77493667602539,15.699999809265137,16.200000762939453,15.600000381469727,15.800000190734863,13710000,KCE
2025-05-30,14.86904525756836,15.800000190734863,16.0,15.399999618530273,15.399999618530273,9288000,KCE
2025-06-04,14.398506164550781,15.300000190734863,16.0,15.300000190734863,16.0,8441600,KCE
2025-06-05,14.398506164550781,15.300000190734863,15.699999809265137,15.199999809265137,15.5,4593200,KCE
2025-06-06,14.680830001831055,15.600000381469727,15.600000381469727,15.100000381469727,15.300000190734863,6751500,KCE
2025-06-09,15.151369094848633,16.100000381469727,16.200000762939453,15.699999809265137,15.699999809265137,6738200,KCE
2025-06-10,15.339584350585938,16.299999237060547,16.700000762939453,16.100000381469727,16.200000762939453,10451100,KCE
2025-06-11,15.245476722717285,16.200000762939453,16.5,16.200000762939453,16.399999618530273,5822200,KCE
2025-06-12,15.339584350585938,16.299999237060547,16.700000762939453,16.0,16.200000762939453,7757200,KCE
2025-06-13,15.433692932128906,16.399999618530273,16.399999618530273,16.0,16.100000381469727,5221900,KCE
2025-06-16,15.716015815734863,16.700000762939453,16.899999618530273,16.100000381469727,16.399999618530273,8076400,KCE
2025-06-17,15.527799606323242,16.5,16.799999237060547,16.399999618530273,16.799999237060547,6388900,KCE
2025-06-18,16.186555862426758,17.200000762939453,17.399999618530273,16.5,16.600000381469727,13745600,KCE
2025-06-19,15.527799606323242,16.5,17.100000381469727,16.399999618530273,16.899999618530273,9580400,KCE
2025-06-20,15.151369094848633,16.100000381469727,16.799999237060547,15.899999618530273,16.600000381469727,14085800,KCE
2025-06-23,15.057260513305664,16.0,16.399999618530273,15.800000190734863,15.899999618530273,6423100,KCE
2025-06-24,15.527799606323242,16.5,16.5,16.0,16.200000762939453,11514700,KCE
2025-06-25,16.186555862426758,17.200000762939453,17.399999618530273,16.299999237060547,16.399999618530273,12857900,KCE
2025-06-26,17.504066467285156,18.600000381469727,19.0,17.399999618530273,17.399999618530273,35923500,KCE
2025-06-27,16.84531021118164,17.899999618530273,18.799999237060547,17.799999237060547,18.700000762939453,11716200,KCE
2025-06-30,17.127635955810547,18.200000762939453,18.299999237060547,17.600000381469727,18.100000381469727,12372100,KCE
2025-07-01,17.598175048828125,18.700000762939453,18.799999237060547,18.200000762939453,18.5,16859700,KCE
2025-07-02,19.00979232788086,20.200000762939453,20.299999237060547,18.600000381469727,18.700000762939453,36375100,KCE
2025-07-03,20.421409606933594,21.700000762939453,21.899999618530273,20.200000762939453,20.200000762939453,33052600,KCE
2025-07-04,20.421409606933594,21.700000762939453,22.100000381469727,21.200000762939453,21.700000762939453,31388200,KCE
2025-07-07,19.76265525817871,21.0,21.399999618530273,20.399999618530273,21.299999237060547,28348100,KCE
2025-07-08,19.76265525817871,21.0,21.399999618530273,20.100000381469727,20.299999237060547,37443400,KCE
2025-07-09,18.727468490600586,19.899999618530273,21.0,19.700000762939453,20.700000762939453,24466200,KCE
2025-07-11,19.00979232788086,20.200000762939453,20.299999237060547,19.700000762939453,20.200000762939453,11814700,KCE
2025-07-14,19.480331420898438,20.700000762939453,20.899999618530273,20.0,20.200000762939453,16178800,KCE
2025-07-15,20.04497718811035,21.299999237060547,21.5,20.799999237060547,21.0,16934800,KCE
2025-07-16,19.950870513916016,21.200000762939453,21.799999237060547,20.799999237060547,21.100000381469727,20897400,KCE
2025-07-17,20.51551628112793,21.799999237060547,22.200000762939453,21.299999237060547,21.299999237060547,25050400,KCE
2025-07-18,20.23319435119629,21.5,22.399999618530273,21.5,21.899999618530273,20203400,KCE
2025-07-21,20.51551628112793,21.799999237060547,21.899999618530273,21.399999618530273,21.700000762939453,10636500,KCE
2025-07-22,19.668546676635742,20.899999618530273,21.700000762939453,20.899999618530273,21.600000381469727,15991500,KCE
2025-07-23,20.60962677001953,21.899999618530273,22.0,21.200000762939453,21.200000762939453,18290800,KCE
2025-07-24,20.60962677001953,21.899999618530273,22.899999618530273,21.899999618530273,22.299999237060547,27814500,KCE
2025-07-25,21.174272537231445,22.5,22.799999237060547,21.899999618530273,21.899999618530273,21722600,KCE
2025-07-29,22.68000030517578,24.100000381469727,24.299999237060547,22.299999237060547,22.799999237060547,37449600,KCE
2025-07-30,24.232778549194336,25.75,25.75,23.700000762939453,24.200000762939453,34726400,KCE
2025-07-31,23.338754653930664,24.799999237060547,25.75,24.799999237060547,25.5,20236300,KCE
2025-08-01,22.774106979370117,24.200000762939453,26.25,24.200000762939453,26.0,26450700,KCE
2025-08-04,22.20945930480957,23.600000381469727,24.299999237060547,23.299999237060547,23.899999618530273,17065600,KCE
2025-08-05,23.05643081665039,24.5,24.700000762939453,23.600000381469727,23.899999618530273,16606200,KCE
2025-08-06,23.244646072387695,24.700000762939453,25.25,24.200000762939453,24.799999237060547,18630300,KCE
2025-08-07,22.585891723632812,24.0,24.700000762939453,23.899999618530273,24.600000381469727,16426400,KCE
2025-08-08,22.774106979370117,24.200000762939453,24.600000381469727,24.100000381469727,24.100000381469727,8272500,KCE
2025-08-13,24.232778549194336,25.75,26.0,24.600000381469727,24.600000381469727,20747400,KCE
2025-08-14,24.703317642211914,26.25,27.0,24.399999618530273,25.0,32156000,KCE
2025-08-15,24.468050003051758,26.0,26.5,25.25,26.0,8475000,KCE
2025-08-18,23.762239456176758,25.25,26.5,25.25,26.5,6595700,KCE
2025-08-19,24.703317642211914,26.25,26.75,25.25,25.25,6359500,KCE
2025-08-20,24.703317642211914,26.25,26.75,25.5,26.25,9597500,KCE
2025-08-21,25.173860549926758,26.75,27.25,25.75,26.0,10192600,KCE
2025-08-22,25.409128189086914,27.0,28.25,26.25,28.0,20567100,KCE
2025-08-25,24.938589096069336,26.5,27.5,26.25,27.5,6738200,KCE
2025-08-26,25.51631736755371,26.5,27.0,25.75,25.75,7984000,KCE
2025-08-27,24.794157028198242,25.75,26.5,25.5,26.5,7888100,KCE
2025-08-28,24.794157028198242,25.75,26.0,25.25,26.0,5740200,KCE
2025-08-29,24.553438186645508,25.5,26.0,25.25,25.5,5831900,KCE
2025-09-01,24.794157028198242,25.75,26.0,25.25,26.0,4591200,KCE
2025-09-02,25.275596618652344,26.25,26.25,25.5,26.0,3551400,KCE
2025-09-03,25.03487777709961,26.0,26.5,25.75,26.25,4822100,KCE
2025-09-04,25.03487777709961,26.0,26.5,25.5,26.25,5005500,KCE
2025-09-05,25.51631736755371,26.5,26.75,25.75,26.25,8389500,KCE
2025-09-08,24.553438186645508,25.5,26.5,25.25,26.5,12537000,KCE
2025-09-09,24.794157028198242,25.75,26.5,25.25,25.5,9230100,KCE
2025-09-10,24.553438186645508,25.5,26.25,25.25,26.0,5817700,KCE
2025-09-11,24.553438186645508,25.5,26.25,25.5,25.5,6888400,KCE
2025-09-12,25.03487777709961,26.0,26.5,25.5,25.5,7821000,KCE
2025-09-15,25.03487777709961,26.0,26.25,25.75,26.0,3335100,KCE
2025-09-16,24.794157028198242,25.75,26.5,25.5,26.25,5728000,KCE
2025-09-17,24.553438186645508,25.5,26.25,25.5,25.75,5039900,KCE
2025-09-18,24.31271743774414,25.25,26.25,25.25,25.75,9026900,KCE
2025-09-19,24.071996688842773,25.0,25.75,25.0,25.25,8430100,KCE
2025-09-22,23.686845779418945,24.600000381469727,25.25,24.5,25.0,15466700,KCE
2025-09-23,23.49427032470703,24.399999618530273,25.5,24.299999237060547,24.799999237060547,15072300,KCE
2025-09-24,23.49427032470703,24.399999618530273,24.700000762939453,24.100000381469727,24.399999618530273,10242600,KCE
2025-09-25,23.301692962646484,24.200000762939453,24.5,24.100000381469727,24.5,14636900,KCE
2025-09-26,22.435102462768555,23.299999237060547,24.200000762939453,23.200000762939453,24.200000762939453,20453700,KCE
2025-09-29,22.33881378173828,23.200000762939453,23.600000381469727,22.700000762939453,23.5,15767100,KCE
2025-09-30,21.95366096496582,22.799999237060547,23.5,22.700000762939453,23.299999237060547,10737100,KCE
2025-10-01,21.85737419128418,22.700000762939453,23.299999237060547,22.5,23.0,11914400,KCE
2025-10-02,22.435102462768555,23.299999237060547,23.799999237060547,23.299999237060547,23.299999237060547,18740800,KCE
2025-10-03,22.146238327026367,23.0,23.700000762939453,22.899999618530273,23.399999618530273,17540500,KCE
2025-10-06,22.146238327026367,23.0,23.100000381469727,22.200000762939453,23.0,12742800,KCE
2025-10-07,22.146238327026367,23.0,23.0,23.0,23.0,0,KCE
2025-10-08,24.071996688842773,25.0,25.5,24.799999237060547,25.0,11875000,KCE
2025-10-09,25.03487777709961,26.0,26.5,25.25,25.25,25381200,KCE
2025-10-10,24.31271743774414,25.25,25.75,25.25,25.25,11048000,KCE
2025-10-14,23.301692962646484,24.200000762939453,25.5,24.200000762939453,25.5,12774500,KCE
2025-10-15,25.03487777709961,26.0,26.0,24.399999618530273,24.700000762939453,16729200,KCE
2025-10-16,25.03487777709961,26.0,27.0,25.75,26.25,17010500,KCE
2025-10-17,24.553438186645508,25.5,27.25,25.25,26.25,20047700,KCE
2025-10-20,24.31271743774414,25.25,26.0,25.25,26.0,5201700,KCE
2025-10-21,24.794157028198242,25.75,26.0,25.5,25.75,6515000,KCE
2025-10-22,24.794157028198242,25.75,26.25,25.0,25.5,9536200,KCE
2025-10-24,24.794157028198242,25.75,26.5,25.5,26.0,8690200,KCE
2025-10-27,25.275596618652344,26.25,27.25,26.0,26.25,20620600,KCE
2025-10-28,24.794157028198242,25.75,26.75,25.75,26.75,8851500,KCE
2025-10-29,24.553438186645508,25.5,26.0,25.5,25.75,6032700,KCE
2025-10-30,25.03487777709961,26.0,27.0,25.25,25.5,16356800,KCE
2025-10-31,24.553438186645508,25.5,26.0,25.25,26.0,9470700,KCE
2025-11-03,25.03487777709961,26.0,26.25,25.75,26.0,6053900,KCE
2025-11-04,24.553438186645508,25.5,26.5,25.25,25.75,12482900,KCE
2025-11-05,24.31271743774414,25.25,25.75,24.5,24.799999237060547,11869000,KCE
2025-11-06,25.03487777709961,26.0,26.0,25.5,25.75,8493400,KCE
2025-11-07,23.686845779418945,24.600000381469727,25.75,24.5,25.5,16116200,KCE
2025-11-10,23.10911750793457,24.0,25.0,24.0,25.0,16677500,KCE
2025-11-11,22.72396469116211,23.600000381469727,24.899999618530273,23.5,24.299999237060547,13916100,KCE
2025-11-12,22.820253372192383,23.700000762939453,24.799999237060547,23.399999618530273,24.299999237060547,32952700,KCE
2025-11-13,21.47222137451172,22.299999237060547,23.5,22.100000381469727,23.299999237060547,25966600,KCE
2025-11-14,21.18335723876953,22.0,22.5,21.700000762939453,21.799999237060547,9051900,KCE
2025-11-17,21.18335723876953,22.0,22.100000381469727,21.399999618530273,21.899999618530273,7067000,KCE
2025-11-18,20.798206329345703,21.600000381469727,22.0,21.5,21.700000762939453,7537400,KCE
2025-11-19,20.605628967285156,21.399999618530273,21.700000762939453,21.0,21.600000381469727,8688200,KCE
2025-11-20,21.08707046508789,21.899999618530273,22.299999237060547,21.799999237060547,22.0,13535000,KCE
2025-11-21,20.413053512573242,21.200000762939453,21.700000762939453,21.100000381469727,21.600000381469727,8726200,KCE
2025-11-24,20.70191764831543,21.5,21.600000381469727,21.100000381469727,21.399999618530273,6538100,KCE
2025-11-25,20.509342193603516,21.299999237060547,21.799999237060547,21.200000762939453,21.799999237060547,7156500,KCE
2025-11-26,20.413053512573242,21.200000762939453,21.600000381469727,21.100000381469727,21.5,7216100,KCE
2025-11-27,20.220478057861328,21.0,21.5,21.0,21.299999237060547,5644500,KCE
2025-11-28,20.027902603149414,20.799999237060547,21.299999237060547,20.799999237060547,21.100000381469727,4167000,KCE
2025-12-01,21.08707046508789,21.899999618530273,22.100000381469727,20.899999618530273,21.0,9880100,KCE
2025-12-02,20.798206329345703,21.600000381469727,21.899999618530273,21.200000762939453,21.700000762939453,5918800,KCE
2025-12-03,20.894493103027344,21.700000762939453,21.700000762939453,21.399999618530273,21.600000381469727,2282800,KCE
2025-12-04,20.509342193603516,21.299999237060547,21.700000762939453,21.200000762939453,21.700000762939453,3624400,KCE
2025-12-08,20.124189376831055,20.899999618530273,21.700000762939453,20.799999237060547,21.299999237060547,4538300,KCE
2025-12-09,20.220478057861328,21.0,21.399999618530273,20.799999237060547,21.100000381469727,5303300,KCE
2025-12-11,20.124189376831055,20.899999618530273,21.299999237060547,20.700000762939453,21.299999237060547,4202500,KCE
2025-12-12,19.739038467407227,20.5,21.200000762939453,20.399999618530273,20.899999618530273,8954700,KCE
2025-12-15,20.124189376831055,20.899999618530273,20.899999618530273,20.100000381469727,20.5,6033800,KCE
2025-12-16,19.642749786376953,20.399999618530273,20.799999237060547,20.399999618530273,20.700000762939453,2674100,KCE
2025-12-17,19.835325241088867,20.600000381469727,20.700000762939453,20.399999618530273,20.5,3537800,KCE
2025-12-18,19.739038467407227,20.5,20.700000762939453,20.100000381469727,20.5,7634800,KCE
2025-12-19,20.220478057861328,21.0,21.100000381469727,20.600000381469727,20.700000762939453,8070500,KCE
2025-12-22,20.605628967285156,21.399999618530273,21.799999237060547,21.200000762939453,21.200000762939453,8592000,KCE
2025-12-23,20.124189376831055,20.899999618530273,21.399999618530273,20.799999237060547,21.299999237060547,8695900,KCE
2025-12-24,20.027902603149414,20.799999237060547,20.899999618530273,20.399999618530273,20.899999618530273,10708400,KCE
2025-12-25,17.716989517211914,18.399999618530273,20.899999618530273,18.200000762939453,20.899999618530273,50133600,KCE
2025-12-26,17.90956687927246,18.600000381469727,18.899999618530273,18.399999618530273,18.700000762939453,12085900,KCE
2025-12-29,18.0058536529541,18.700000762939453,19.0,18.600000381469727,18.799999237060547,9931200,KCE
2025-12-30,17.5244140625,18.200000762939453,18.700000762939453,18.100000381469727,18.700000762939453,12726400,KCE
2023-01-03,14.047688484191895,14.699999809265137,14.800000190734863,14.0,14.5,16336300,THCOM
2023-01-04,14.429938316345215,15.100000381469727,15.100000381469727,14.399999618530273,14.699999809265137,20765800,THCOM
2023-01-05,14.429938316345215,15.100000381469727,16.0,14.699999809265137,15.199999809265137,45135600,THCOM
2023-01-06,15.385562896728516,16.100000381469727,16.299999237060547,15.0,15.0,34751500,THCOM
2023-01-09,15.767813682556152,16.5,16.700000762939453,16.0,16.200000762939453,16442400,THCOM
2023-01-10,16.150062561035156,16.899999618530273,17.399999618530273,16.299999237060547,16.5,36890800,THCOM
2023-01-11,15.863374710083008,16.600000381469727,17.100000381469727,16.5,17.0,10759100,THCOM
2023-01-12,14.907751083374023,15.600000381469727,16.799999237060547,15.199999809265137,16.700000762939453,32227200,THCOM
2023-01-13,15.57668685913086,16.299999237060547,16.399999618530273,15.199999809265137,15.5,30375400,THCOM
2023-01-16,14.907751083374023,15.600000381469727,16.299999237060547,15.5,15.800000190734863,29319000,THCOM
2023-01-17,15.194437980651855,15.899999618530273,16.0,15.5,15.5,12124300,THCOM
2023-01-18,15.098875999450684,15.800000190734863,15.899999618530273,15.600000381469727,15.899999618530273,7798600,THCOM
2023-01-19,14.812187194824219,15.5,15.899999618530273,15.300000190734863,15.699999809265137,12688300,THCOM
2023-01-20,14.907751083374023,15.600000381469727,15.899999618530273,15.5,15.600000381469727,6896200,THCOM
2023-01-23,16.150062561035156,16.899999618530273,17.100000381469727,15.800000190734863,15.800000190734863,37727600,THCOM
2023-01-24,16.05449867248535,16.799999237060547,17.5,16.600000381469727,17.100000381469727,29187500,THCOM
2023-01-25,15.958938598632812,16.700000762939453,17.100000381469727,16.700000762939453,16.799999237060547,5119400,THCOM
2023-01-26,15.57668685913086,16.299999237060547,16.799999237060547,16.200000762939453,16.799999237060547,11228800,THCOM
2023-01-27,15.57668685913086,16.299999237060547,16.5,16.200000762939453,16.399999618530273,4616200,THCOM
2023-01-30,15.194437980651855,15.899999618530273,16.5,15.899999618530273,16.5,9127200,THCOM
2023-01-31,15.57668685913086,16.299999237060547,16.399999618530273,15.899999618530273,16.0,8854300,THCOM
2023-02-01,15.57668685913086,16.299999237060547,16.399999618530273,16.200000762939453,16.299999237060547,3835200,THCOM
2023-02-02,15.385562896728516,16.100000381469727,16.399999618530273,15.5,16.399999618530273,23531200,THCOM
2023-02-03,15.385562896728516,16.100000381469727,16.299999237060547,16.0,16.200000762939453,3939000,THCOM
2023-02-06,15.385562896728516,16.100000381469727,16.100000381469727,15.899999618530273,16.0,4822400,THCOM
2023-02-07,15.385562896728516,16.100000381469727,16.200000762939453,15.899999618530273,16.100000381469727,5819000,THCOM
2023-02-08,15.481125831604004,16.200000762939453,16.600000381469727,16.0,16.100000381469727,11447700,THCOM
2023-02-09,15.385562896728516,16.100000381469727,16.399999618530273,15.899999618530273,16.299999237060547,4234000,THCOM
2023-02-10,15.57668685913086,16.299999237060547,16.700000762939453,16.0,16.100000381469727,14213700,THCOM
2023-02-13,16.436752319335938,17.200000762939453,17.399999618530273,15.699999809265137,15.899999618530273,36536100,THCOM
2023-02-14,15.57668685913086,16.299999237060547,17.299999237060547,16.0,17.100000381469727,25652400,THCOM
2023-02-15,15.098875999450684,15.800000190734863,16.5,15.600000381469727,16.399999618530273,16368100,THCOM
2023-02-16,15.289999961853027,16.0,16.100000381469727,15.600000381469727,15.800000190734863,6511800,THCOM
2023-02-17,14.907751083374023,15.600000381469727,16.100000381469727,15.300000190734863,16.0,8908800,THCOM
2023-02-20,15.098875999450684,15.800000190734863,16.0,15.5,15.5,3561800,THCOM
2023-02-21,15.672249794006348,16.399999618530273,16.5,15.800000190734863,15.899999618530273,10148500,THCOM
2023-02-22,15.289999961853027,16.0,16.399999618530273,15.800000190734863,16.399999618530273,8186700,THCOM
2023-02-23,15.289999961853027,16.0,16.100000381469727,15.899999618530273,16.100000381469727,2497300,THCOM
2023-02-24,15.003313064575195,15.699999809265137,16.0,15.699999809265137,15.899999618530273,4292200,THCOM
2023-02-27,15.098875999450684,15.800000190734863,15.899999618530273,15.600000381469727,15.699999809265137,3827800,THCOM
2023-02-28,15.003313064575195,15.699999809265137,15.899999618530273,15.5,15.899999618530273,15896600,THCOM
2023-03-01,14.907751083374023,15.600000381469727,15.899999618530273,15.5,15.699999809265137,2949200,THCOM
2023-03-02,13.56987476348877,14.199999809265137,15.600000381469727,14.199999809265137,15.600000381469727,22809900,THCOM
2023-03-03,13.665437698364258,14.300000190734863,14.600000381469727,13.699999809265137,14.300000190734863,18964300,THCOM
2023-03-07,14.334375381469727,15.0,15.199999809265137,14.300000190734863,14.300000190734863,14316400,THCOM
2023-03-08,14.525500297546387,15.199999809265137,15.300000190734863,14.699999809265137,14.699999809265137,5897500,THCOM
2023-03-09,14.238812446594238,14.899999618530273,15.199999809265137,14.600000381469727,15.199999809265137,8023300,THCOM
2023-03-10,14.143250465393066,14.800000190734863,15.0,14.699999809265137,14.699999809265137,2096700,THCOM
2023-03-13,12.805375099182129,13.399999618530273,14.699999809265137,13.300000190734863,14.600000381469727,22876500,THCOM
2023-03-14,12.805375099182129,13.399999618530273,13.699999809265137,13.300000190734863,13.399999618530273,12068400,THCOM
2023-03-15,13.092061996459961,13.699999809265137,14.0,13.600000381469727,13.699999809265137,6583000,THCOM
2023-03-16,12.709813117980957,13.300000190734863,13.600000381469727,12.899999618530273,13.600000381469727,13130100,THCOM
2023-03-17,13.378750801086426,14.0,14.300000190734863,13.300000190734863,13.5,14068300,THCOM
2023-03-20,13.187625885009766,13.800000190734863,14.199999809265137,13.600000381469727,13.899999618530273,9157800,THCOM
2023-03-21,13.474313735961914,14.100000381469727,14.199999809265137,13.600000381469727,13.800000190734863,8419500,THCOM
2023-03-22,13.283187866210938,13.899999618530273,14.199999809265137,13.800000190734863,14.199999809265137,3444800,THCOM
2023-03-23,13.56987476348877,14.199999809265137,14.300000190734863,13.899999618530273,13.899999618530273,3715600,THCOM
2023-03-24,13.283187866210938,13.899999618530273,14.199999809265137,13.899999618530273,14.199999809265137,3477600,THCOM
2023-03-27,13.856562614440918,14.5,14.600000381469727,13.800000190734863,13.899999618530273,8742000,THCOM
2023-03-28,14.047688484191895,14.699999809265137,15.0,14.399999618530273,14.600000381469727,15609900,THCOM
2023-03-29,14.047688484191895,14.699999809265137,14.800000190734863,14.399999618530273,14.699999809265137,7192200,THCOM
2023-03-30,13.56987476348877,14.199999809265137,14.699999809265137,14.100000381469727,14.699999809265137,7033400,THCOM
2023-03-31,13.76099967956543,14.399999618530273,14.399999618530273,13.899999618530273,14.300000190734863,8757400,THCOM
2023-04-03,13.860000610351562,14.0,14.100000381469727,13.800000190734863,14.0,4442600,THCOM
2023-04-04,13.860000610351562,14.0,14.100000381469727,13.800000190734863,14.0,2303900,THCOM
2023-04-05,13.364999771118164,13.5,13.899999618530273,13.300000190734863,13.899999618530273,8217100,THCOM
2023-04-07,13.364999771118164,13.5,13.600000381469727,13.199999809265137,13.5,2925700,THCOM
2023-04-10,13.66200065612793,13.800000190734863,14.0,13.5,13.600000381469727,4392700,THCOM
2023-04-11,14.057999610900879,14.199999809265137,14.199999809265137,13.699999809265137,13.699999809265137,3697800,THCOM
2023-04-12,14.057999610900879,14.199999809265137,14.399999618530273,13.899999618530273,14.199999809265137,4817100,THCOM
2023-04-17,13.860000610351562,14.0,14.300000190734863,13.800000190734863,14.100000381469727,5597000,THCOM
2023-04-18,13.76099967956543,13.899999618530273,14.0,13.800000190734863,14.0,2305400,THCOM
2023-04-19,13.364999771118164,13.5,13.899999618530273,13.399999618530273,13.899999618530273,6597600,THCOM
2023-04-20,12.276000022888184,12.399999618530273,13.600000381469727,11.899999618530273,13.5,44006300,THCOM
2023-04-21,12.572999954223633,12.699999809265137,12.699999809265137,12.100000381469727,12.100000381469727,12005500,THCOM
2023-04-24,12.07800006866455,12.199999809265137,12.699999809265137,12.199999809265137,12.699999809265137,4103100,THCOM
2023-04-25,11.880000114440918,12.0,12.300000190734863,11.800000190734863,12.300000190734863,10977800,THCOM
2023-04-26,11.979000091552734,12.100000381469727,12.199999809265137,11.899999618530273,12.0,4136300,THCOM
2023-04-27,11.880000114440918,12.0,12.100000381469727,11.699999809265137,12.100000381469727,4163000,THCOM
2023-04-28,11.880000114440918,12.0,12.199999809265137,12.0,12.199999809265137,3923900,THCOM
2023-05-02,12.07800006866455,12.199999809265137,12.199999809265137,11.800000190734863,12.100000381469727,4103600,THCOM
2023-05-03,12.572999954223633,12.699999809265137,12.699999809265137,11.800000190734863,12.100000381469727,6378600,THCOM
2023-05-08,13.167000770568848,13.300000190734863,13.199999809265137,12.300000190734863,12.600000381469727,10339700,THCOM
2023-05-09,13.167000770568848,13.300000190734863,13.800000190734863,13.0,13.199999809265137,10530900,THCOM
2023-05-10,12.969000816345215,13.100000381469727,13.699999809265137,12.899999618530273,13.5,13797900,THCOM
2023-05-11,12.67199993133545,12.800000190734863,13.100000381469727,12.699999809265137,13.100000381469727,8140900,THCOM
2023-05-12,13.562999725341797,13.699999809265137,13.699999809265137,12.600000381469727,12.800000190734863,13377300,THCOM
2023-05-15,11.979000091552734,12.100000381469727,13.399999618530273,11.800000190734863,13.300000190734863,36089700,THCOM
2023-05-16,12.07800006866455,12.199999809265137,12.399999618530273,11.899999618530273,12.100000381469727,8975300,THCOM
2023-05-17,11.979000091552734,12.100000381469727,12.399999618530273,11.899999618530273,12.199999809265137,7434700,THCOM
2023-05-18,11.583000183105469,11.699999809265137,12.300000190734863,11.5,12.199999809265137,8067000,THCOM
2023-05-19,10.890000343322754,11.0,11.800000190734863,10.899999618530273,11.699999809265137,15988000,THCOM
2023-05-22,11.285999298095703,11.399999618530273,11.600000381469727,10.600000381469727,10.899999618530273,12133700,THCOM
2023-05-23,11.484000205993652,11.600000381469727,11.600000381469727,11.100000381469727,11.300000190734863,4651500,THCOM
2023-05-24,11.285999298095703,11.399999618530273,11.600000381469727,11.300000190734863,11.5,3157900,THCOM
2023-05-25,11.187000274658203,11.300000190734863,11.399999618530273,11.100000381469727,11.399999618530273,2404400,THCOM
2023-05-26,10.98900032043457,11.100000381469727,11.399999618530273,10.899999618530273,11.300000190734863,6947000,THCOM
2023-05-29,11.187000274658203,11.300000190734863,11.600000381469727,11.199999809265137,11.300000190734863,4792000,THCOM
2023-05-30,11.285999298095703,11.399999618530273,11.399999618530273,11.199999809265137,11.300000190734863,2882600,THCOM
2023-05-31,11.484000205993652,11.600000381469727,11.800000190734863,11.199999809265137,11.300000190734863,7252000,THCOM
2023-06-01,11.088000297546387,11.199999809265137,11.699999809265137,11.199999809265137,11.600000381469727,2438900,THCOM
2023-06-02,11.583000183105469,11.699999809265137,11.800000190734863,11.199999809265137,11.300000190734863,4962500,THCOM
2023-06-06,10.890000343322754,11.0,11.800000190734863,11.0,11.699999809265137,8163200,THCOM
2023-06-07,11.285999298095703,11.399999618530273,11.600000381469727,11.0,11.100000381469727,6240000,THCOM
2023-06-08,11.880000114440918,12.0,12.0,11.399999618530273,11.5,9980500,THCOM
2023-06-09,11.979000091552734,12.100000381469727,12.300000190734863,11.800000190734863,12.0,9875100,THCOM
2023-06-12,11.583000183105469,11.699999809265137,11.899999618530273,11.5,11.699999809265137,5536800,THCOM
2023-06-13,11.781000137329102,11.899999618530273,12.0,11.600000381469727,11.699999809265137,5695500,THCOM
2023-06-14,11.484000205993652,11.600000381469727,12.0,11.5,11.899999618530273,8579500,THCOM
2023-06-15,11.088000297546387,11.199999809265137,11.600000381469727,11.199999809265137,11.600000381469727,7795800,THCOM
2023-06-16,11.088000297546387,11.199999809265137,11.399999618530273,11.0,11.300000190734863,6479000,THCOM
2023-06-19,11.187000274658203,11.300000190734863,11.5,11.100000381469727,11.100000381469727,2435200,THCOM
2023-06-20,11.285999298095703,11.399999618530273,11.5,11.199999809265137,11.300000190734863,3825300,THCOM
2023-06-21,11.088000297546387,11.199999809265137,11.5,11.100000381469727,11.399999618530273,5848600,THCOM
2023-06-22,11.088000297546387,11.199999809265137,11.5,11.0,11.100000381469727,7165400,THCOM
2023-06-23,11.187000274658203,11.300000190734863,11.300000190734863,11.100000381469727,11.199999809265137,2607500,THCOM
2023-06-26,9.899999618530273,10.0,11.199999809265137,9.949999809265137,11.199999809265137,21575700,THCOM
2023-06-27,9.899999618530273,10.0,10.300000190734863,9.899999618530273,10.0,7327300,THCOM
2023-06-28,10.197000503540039,10.300000190734863,10.600000381469727,10.0,10.399999618530273,12613300,THCOM
2023-06-29,10.494000434875488,10.600000381469727,10.800000190734863,10.199999809265137,10.300000190734863,7563100,THCOM
2023-06-30,10.890000343322754,11.0,11.199999809265137,10.800000190734863,11.0,10551800,THCOM
2023-07-03,11.088000297546387,11.199999809265137,11.300000190734863,10.899999618530273,11.199999809265137,7003800,THCOM
2023-07-04,11.187000274658203,11.300000190734863,11.600000381469727,11.199999809265137,11.199999809265137,8632600,THCOM
2023-07-05,10.98900032043457,11.100000381469727,11.5,11.0,11.300000190734863,4692300,THCOM
2023-07-06,10.790999412536621,10.899999618530273,11.199999809265137,10.800000190734863,11.100000381469727,4408500,THCOM
2023-07-07,10.890000343322754,11.0,11.199999809265137,10.699999809265137,10.899999618530273,5079300,THCOM
2023-07-10,10.692000389099121,10.800000190734863,11.100000381469727,10.600000381469727,11.0,6415700,THCOM
2023-07-11,10.790999412536621,10.899999618530273,11.100000381469727,10.800000190734863,10.899999618530273,3372500,THCOM
2023-07-12,10.98900032043457,11.100000381469727,11.399999618530273,10.699999809265137,10.800000190734863,13840200,THCOM
2023-07-13,11.484000205993652,11.600000381469727,11.699999809265137,11.0,11.199999809265137,8170400,THCOM
2023-07-14,11.781000137329102,11.899999618530273,12.0,11.5,11.600000381469727,13603200,THCOM
2023-07-17,12.375,12.5,12.699999809265137,11.800000190734863,12.0,20485900,THCOM
2023-07-18,12.474000930786133,12.600000381469727,12.800000190734863,12.300000190734863,12.399999618530273,11335700,THCOM
2023-07-19,12.276000022888184,12.399999618530273,12.800000190734863,12.199999809265137,12.600000381469727,10239600,THCOM
2023-07-20,11.880000114440918,12.0,12.600000381469727,11.899999618530273,12.399999618530273,7252400,THCOM
2023-07-21,12.375,12.5,12.600000381469727,11.699999809265137,11.800000190734863,18008700,THCOM
2023-07-24,12.07800006866455,12.199999809265137,12.5,12.100000381469727,12.5,7898200,THCOM
2023-07-25,12.177000045776367,12.300000190734863,12.399999618530273,12.100000381469727,12.300000190734863,2606400,THCOM
2023-07-26,12.869999885559082,13.0,13.0,12.199999809265137,12.300000190734863,17865200,THCOM
2023-07-27,12.969000816345215,13.100000381469727,13.199999809265137,12.600000381469727,12.899999618530273,18420400,THCOM
2023-07-31,13.067999839782715,13.199999809265137,13.199999809265137,12.899999618530273,13.0,3953600,THCOM
2023-08-02,12.177000045776367,12.300000190734863,13.199999809265137,12.199999809265137,12.899999618530273,27866000,THCOM
2023-08-03,11.583000183105469,11.699999809265137,12.399999618530273,11.399999618530273,12.100000381469727,24756800,THCOM
2023-08-04,11.880000114440918,12.0,12.100000381469727,11.600000381469727,11.699999809265137,9462600,THCOM
2023-08-07,12.67199993133545,12.800000190734863,13.0,12.100000381469727,12.300000190734863,33454300,THCOM
2023-08-08,12.869999885559082,13.0,13.199999809265137,12.5,12.699999809265137,24689500,THCOM
2023-08-09,13.265999794006348,13.399999618530273,13.399999618530273,12.600000381469727,12.800000190734863,23698600,THCOM
2023-08-10,13.464000701904297,13.600000381469727,13.699999809265137,13.199999809265137,13.300000190734863,14749600,THCOM
2023-08-11,12.869999885559082,13.0,13.5,12.899999618530273,13.5,14416000,THCOM
2023-08-15,12.969000816345215,13.100000381469727,13.199999809265137,12.899999618530273,12.899999618530273,5450100,THCOM
2023-08-16,13.364999771118164,13.5,13.5,12.899999618530273,13.100000381469727,14911900,THCOM
2023-08-17,13.562999725341797,13.699999809265137,14.0,13.399999618530273,13.600000381469727,17415700,THCOM
2023-08-18,13.364999771118164,13.5,13.899999618530273,13.5,13.699999809265137,9056000,THCOM
2023-08-21,13.562999725341797,13.699999809265137,14.0,13.399999618530273,13.600000381469727,9846800,THCOM
2023-08-22,13.860000610351562,14.0,14.399999618530273,13.5,14.0,23888800,THCOM
2023-08-23,14.057999610900879,14.199999809265137,14.5,13.899999618530273,14.100000381469727,11379200,THCOM
2023-08-24,14.157000541687012,14.300000190734863,14.600000381469727,14.199999809265137,14.199999809265137,15442700,THCOM
2023-08-25,14.255999565124512,14.399999618530273,14.5,14.199999809265137,14.300000190734863,4766400,THCOM
2023-08-28,14.454000473022461,14.600000381469727,14.800000190734863,14.300000190734863,14.399999618530273,8477800,THCOM
2023-08-29,14.057999610900879,14.199999809265137,14.600000381469727,14.0,14.600000381469727,12868400,THCOM
2023-08-30,14.255999565124512,14.399999618530273,14.600000381469727,14.199999809265137,14.300000190734863,8109500,THCOM
2023-08-31,14.255999565124512,14.399999618530273,14.600000381469727,14.199999809265137,14.600000381469727,6601700,THCOM
2023-09-01,14.157000541687012,14.300000190734863,14.699999809265137,14.300000190734863,14.300000190734863,7076300,THCOM
2023-09-04,13.66200065612793,13.800000190734863,14.399999618530273,13.699999809265137,14.399999618530273,11146600,THCOM
2023-09-05,14.552999496459961,14.699999809265137,14.899999618530273,13.800000190734863,13.899999618530273,21069800,THCOM
2023-09-06,14.552999496459961,14.699999809265137,15.0,14.300000190734863,14.800000190734863,16233200,THCOM
2023-09-07,14.850000381469727,15.0,15.100000381469727,14.5,14.5,10549400,THCOM
2023-09-08,15.04800033569336,15.199999809265137,15.5,15.100000381469727,15.100000381469727,16037300,THCOM
2023-09-11,14.850000381469727,15.0,15.300000190734863,14.899999618530273,15.300000190734863,9799700,THCOM
2023-09-12,14.850000381469727,15.0,15.300000190734863,15.0,15.199999809265137,3059500,THCOM
2023-09-13,14.552999496459961,14.699999809265137,15.0,14.600000381469727,15.0,6882400,THCOM
2023-09-14,15.04800033569336,15.199999809265137,15.300000190734863,14.5,14.800000190734863,11700400,THCOM
2023-09-15,14.949000358581543,15.100000381469727,15.399999618530273,14.899999618530273,15.300000190734863,4378400,THCOM
2023-09-18,14.750999450683594,14.899999618530273,15.100000381469727,14.899999618530273,15.100000381469727,2764700,THCOM
2023-09-19,15.147000312805176,15.300000190734863,15.5,14.899999618530273,15.0,8507800,THCOM
2023-09-20,14.750999450683594,14.899999618530273,15.300000190734863,14.699999809265137,15.300000190734863,9462500,THCOM
2023-09-21,14.750999450683594,14.899999618530273,15.100000381469727,14.800000190734863,14.899999618530273,3290400,THCOM
2023-09-22,14.850000381469727,15.0,15.199999809265137,14.800000190734863,14.800000190734863,3486000,THCOM
2023-09-25,14.255999565124512,14.399999618530273,15.0,14.300000190734863,15.0,16742000,THCOM
2023-09-26,13.76099967956543,13.899999618530273,14.5,13.899999618530273,14.300000190734863,12100000,THCOM
2023-09-27,14.057999610900879,14.199999809265137,14.399999618530273,13.899999618530273,14.0,4917500,THCOM
2023-09-28,13.860000610351562,14.0,14.399999618530273,14.0,14.100000381469727,6737200,THCOM
2023-09-29,13.959000587463379,14.100000381469727,14.199999809265137,13.899999618530273,14.100000381469727,3921800,THCOM
2023-10-02,13.959000587463379,14.100000381469727,14.300000190734863,13.899999618530273,14.199999809265137,5051100,THCOM
2023-10-03,13.562999725341797,13.699999809265137,14.199999809265137,13.600000381469727,14.0,6324400,THCOM
2023-10-04,13.76099967956543,13.899999618530273,13.800000190734863,12.899999618530273,13.5,23598300,THCOM
2023-10-05,13.562999725341797,13.699999809265137,13.899999618530273,13.600000381469727,13.899999618530273,4889500,THCOM
2023-10-06,13.167000770568848,13.300000190734863,14.0,13.300000190734863,13.800000190734863,7510300,THCOM
2023-10-09,13.464000701904297,13.600000381469727,13.600000381469727,13.100000381469727,13.300000190734863,4957600,THCOM
2023-10-10,13.364999771118164,13.5,13.800000190734863,13.399999618530273,13.699999809265137,3558800,THCOM
2023-10-11,14.454000473022461,14.600000381469727,14.600000381469727,13.399999618530273,13.600000381469727,10198400,THCOM
2023-10-12,14.255999565124512,14.399999618530273,14.5,14.199999809265137,14.399999618530273,3995700,THCOM
2023-10-16,13.464000701904297,13.600000381469727,14.300000190734863,13.300000190734863,14.199999809265137,18137600,THCOM
2023-10-17,13.265999794006348,13.399999618530273,13.899999618530273,13.300000190734863,13.699999809265137,8165000,THCOM
2023-10-18,13.364999771118164,13.5,13.600000381469727,13.199999809265137,13.300000190734863,4783600,THCOM
2023-10-19,13.265999794006348,13.399999618530273,13.600000381469727,13.199999809265137,13.300000190734863,3838400,THCOM
2023-10-20,12.276000022888184,12.399999618530273,13.399999618530273,12.399999618530273,13.399999618530273,14695900,THCOM
2023-10-24,12.474000930786133,12.600000381469727,12.800000190734863,12.300000190734863,12.300000190734863,7308300,THCOM
2023-10-25,12.869999885559082,13.0,13.300000190734863,12.800000190734863,12.800000190734863,8059800,THCOM
2023-10-26,12.177000045776367,12.300000190734863,12.800000190734863,12.199999809265137,12.800000190734863,10314900,THCOM
2023-10-27,12.572999954223633,12.699999809265137,12.800000190734863,12.199999809265137,12.5,6715400,THCOM
2023-10-30,12.474000930786133,12.600000381469727,12.699999809265137,12.300000190734863,12.600000381469727,3809900,THCOM
2023-10-31,12.375,12.5,12.699999809265137,12.300000190734863,12.699999809265137,2870600,THCOM
2023-11-01,12.474000930786133,12.600000381469727,12.899999618530273,12.5,12.5,4466300,THCOM
2023-11-02,12.770999908447266,12.899999618530273,13.100000381469727,12.800000190734863,12.899999618530273,6849000,THCOM
2023-11-03,12.67199993133545,12.800000190734863,13.100000381469727,12.800000190734863,13.0,6000300,THCOM
2023-11-06,12.474000930786133,12.600000381469727,13.0,12.600000381469727,13.0,7277500,THCOM
2023-11-07,12.276000022888184,12.399999618530273,12.699999809265137,12.399999618530273,12.5,3362400,THCOM
2023-11-08,12.375,12.5,12.699999809265137,12.399999618530273,12.5,3461800,THCOM
2023-11-09,11.979000091552734,12.100000381469727,12.5,12.0,12.5,14723500,THCOM
2023-11-10,11.583000183105469,11.699999809265137,12.199999809265137,11.600000381469727,12.0,7856900,THCOM
2023-11-13,11.682000160217285,11.800000190734863,11.899999618530273,11.5,11.600000381469727,4565400,THCOM
2023-11-14,11.583000183105469,11.699999809265137,11.899999618530273,11.600000381469727,11.899999618530273,2372000,THCOM
2023-11-15,12.276000022888184,12.399999618530273,12.5,12.0,12.0,9757600,THCOM
2023-11-16,12.177000045776367,12.300000190734863,12.399999618530273,12.100000381469727,12.199999809265137,3660800,THCOM
2023-11-17,12.770999908447266,12.899999618530273,13.0,12.100000381469727,12.199999809265137,12609500,THCOM
2023-11-20,12.474000930786133,12.600000381469727,12.899999618530273,12.399999618530273,12.800000190734863,5831100,THCOM
2023-11-21,12.474000930786133,12.600000381469727,12.800000190734863,12.5,12.800000190734863,3921000,THCOM
2023-11-22,12.375,12.5,12.699999809265137,12.399999618530273,12.600000381469727,3557200,THCOM
2023-11-23,12.276000022888184,12.399999618530273,12.699999809265137,12.300000190734863,12.600000381469727,3499100,THCOM
2023-11-24,12.177000045776367,12.300000190734863,12.699999809265137,12.199999809265137,12.5,3545900,THCOM
2023-11-27,11.979000091552734,12.100000381469727,12.199999809265137,11.899999618530273,12.100000381469727,4830300,THCOM
2023-11-28,12.474000930786133,12.600000381469727,12.600000381469727,12.199999809265137,12.199999809265137,4622300,THCOM
2023-11-29,12.375,12.5,12.899999618530273,12.5,12.699999809265137,5684800,THCOM
2023-11-30,12.177000045776367,12.300000190734863,12.5,12.199999809265137,12.5,4164600,THCOM
2023-12-01,11.979000091552734,12.100000381469727,12.399999618530273,12.0,12.300000190734863,4099300,THCOM
2023-12-04,12.07800006866455,12.199999809265137,12.5,12.0,12.399999618530273,3812200,THCOM
2023-12-06,12.375,12.5,12.699999809265137,12.300000190734863,12.300000190734863,9370800,THCOM
2023-12-07,12.177000045776367,12.300000190734863,12.5,12.199999809265137,12.399999618530273,5655800,THCOM
2023-12-08,12.07800006866455,12.199999809265137,12.399999618530273,12.0,12.300000190734863,7487200,THCOM
2023-12-12,11.979000091552734,12.100000381469727,12.300000190734863,12.0,12.199999809265137,4120700,THCOM
2023-12-13,11.682000160217285,11.800000190734863,12.100000381469727,11.699999809265137,12.0,3859400,THCOM
2023-12-14,12.07800006866455,12.199999809265137,12.300000190734863,12.0,12.0,4707900,THCOM
2023-12-15,12.07800006866455,12.199999809265137,12.600000381469727,12.100000381469727,12.300000190734863,9111900,THCOM
2023-12-18,12.276000022888184,12.399999618530273,12.600000381469727,12.100000381469727,12.199999809265137,5793500,THCOM
2023-12-19,12.276000022888184,12.399999618530273,12.399999618530273,12.300000190734863,12.300000190734863,1212000,THCOM
2023-12-20,12.375,12.5,12.5,12.300000190734863,12.399999618530273,3454200,THCOM
2023-12-21,12.67199993133545,12.800000190734863,12.899999618530273,12.5,12.5,7667100,THCOM
2023-12-22,13.067999839782715,13.199999809265137,13.199999809265137,12.699999809265137,13.0,17111600,THCOM
2023-12-25,12.969000816345215,13.100000381469727,13.300000190734863,13.0,13.199999809265137,6101500,THCOM
2023-12-26,12.67199993133545,12.800000190734863,13.199999809265137,12.800000190734863,13.100000381469727,7391700,THCOM
2023-12-27,13.167000770568848,13.300000190734863,13.5,12.699999809265137,12.899999618530273,17548000,THCOM
2023-12-28,13.067999839782715,13.199999809265137,13.399999618530273,13.199999809265137,13.300000190734863,4012300,THCOM
2024-01-03,13.364999771118164,13.5,13.600000381469727,13.300000190734863,13.399999618530273,4470700,THCOM
2024-01-04,13.067999839782715,13.199999809265137,13.5,13.0,13.399999618530273,8090300,THCOM
2024-01-05,12.572999954223633,12.699999809265137,13.199999809265137,12.699999809265137,13.199999809265137,12745600,THCOM
2024-01-08,12.572999954223633,12.699999809265137,12.800000190734863,12.5,12.699999809265137,5372100,THCOM
2024-01-09,12.375,12.5,12.899999618530273,12.5,12.899999618530273,6851600,THCOM
2024-01-10,12.474000930786133,12.600000381469727,12.800000190734863,12.399999618530273,12.5,3710300,THCOM
2024-01-11,12.375,12.5,12.699999809265137,12.399999618530273,12.699999809265137,3689600,THCOM
2024-01-12,12.67199993133545,12.800000190734863,12.899999618530273,12.399999618530273,12.5,3340300,THCOM
2024-01-15,12.474000930786133,12.600000381469727,12.899999618530273,12.600000381469727,12.800000190734863,2133000,THCOM
2024-01-16,12.375,12.5,12.600000381469727,12.399999618530273,12.600000381469727,3619300,THCOM
2024-01-17,11.979000091552734,12.100000381469727,12.5,12.100000381469727,12.5,6350700,THCOM
2024-01-18,11.979000091552734,12.100000381469727,12.300000190734863,12.0,12.199999809265137,3774200,THCOM
2024-01-19,12.07800006866455,12.199999809265137,12.300000190734863,12.100000381469727,12.199999809265137,2459600,THCOM
2024-01-22,12.07800006866455,12.199999809265137,12.300000190734863,12.0,12.300000190734863,1744400,THCOM
2024-01-23,11.781000137329102,11.899999618530273,12.199999809265137,11.899999618530273,12.199999809265137,6127600,THCOM
2024-01-24,12.177000045776367,12.300000190734863,12.5,11.800000190734863,11.899999618530273,17721500,THCOM
2024-01-25,12.07800006866455,12.199999809265137,12.300000190734863,12.100000381469727,12.199999809265137,4248500,THCOM
2024-01-26,11.979000091552734,12.100000381469727,12.199999809265137,11.899999618530273,12.199999809265137,3048100,THCOM
2024-01-29,11.880000114440918,12.0,12.100000381469727,11.800000190734863,12.100000381469727,4104200,THCOM
2024-01-30,11.880000114440918,12.0,12.100000381469727,11.800000190734863,12.0,5046500,THCOM
2024-01-31,11.682000160217285,11.800000190734863,12.100000381469727,11.800000190734863,12.0,4452700,THCOM
2024-02-01,11.682000160217285,11.800000190734863,12.0,11.699999809265137,11.800000190734863,2060700,THCOM
2024-02-02,11.880000114440918,12.0,12.199999809265137,11.800000190734863,12.0,6173100,THCOM
2024-02-05,11.781000137329102,11.899999618530273,12.0,11.800000190734863,11.899999618530273,3360700,THCOM
2024-02-06,12.07800006866455,12.199999809265137,12.300000190734863,11.899999618530273,12.0,9600600,THCOM
2024-02-07,12.07800006866455,12.199999809265137,12.399999618530273,12.100000381469727,12.399999618530273,6293500,THCOM
2024-02-08,11.682000160217285,11.800000190734863,12.199999809265137,11.699999809265137,12.199999809265137,9029700,THCOM
2024-02-09,12.07800006866455,12.199999809265137,12.199999809265137,11.899999618530273,12.0,9177100,THCOM
2024-02-12,12.474000930786133,12.600000381469727,12.800000190734863,12.199999809265137,12.300000190734863,13310300,THCOM
2024-02-13,12.572999954223633,12.699999809265137,13.0,12.600000381469727,12.699999809265137,10179800,THCOM
2024-02-14,12.474000930786133,12.600000381469727,12.699999809265137,12.300000190734863,12.5,7387900,THCOM
2024-02-15,12.375,12.5,12.800000190734863,12.5,12.600000381469727,6758600,THCOM
2024-02-16,12.276000022888184,12.399999618530273,12.699999809265137,12.300000190734863,12.600000381469727,6690100,THCOM
2024-02-19,12.474000930786133,12.600000381469727,12.800000190734863,12.399999618530273,12.5,6853700,THCOM
2024-02-20,12.869999885559082,13.0,13.100000381469727,12.5,12.600000381469727,16841400,THCOM
2024-02-21,13.0,13.0,13.0,12.699999809265137,12.899999618530273,9501100,THCOM
2024-02-22,12.899999618530273,12.899999618530273,13.199999809265137,12.600000381469727,13.100000381469727,9734500,THCOM
2024-02-23,12.800000190734863,12.800000190734863,13.100000381469727,12.800000190734863,12.899999618530273,4452300,THCOM
2024-02-27,12.600000381469727,12.600000381469727,12.899999618530273,12.600000381469727,12.899999618530273,6107500,THCOM
2024-02-28,11.800000190734863,11.800000190734863,12.600000381469727,11.699999809265137,12.600000381469727,24869800,THCOM
2024-02-29,11.800000190734863,11.800000190734863,12.0,11.5,11.899999618530273,15554600,THCOM
2024-03-01,12.100000381469727,12.100000381469727,12.300000190734863,11.699999809265137,11.899999618530273,15666100,THCOM
2024-03-04,12.300000190734863,12.300000190734863,12.600000381469727,12.199999809265137,12.399999618530273,26189100,THCOM
2024-03-05,12.199999809265137,12.199999809265137,12.5,12.199999809265137,12.399999618530273,6773100,THCOM
2024-03-06,12.399999618530273,12.399999618530273,12.600000381469727,12.199999809265137,12.199999809265137,8388300,THCOM
2024-03-07,12.5,12.5,12.600000381469727,12.399999618530273,12.5,3414700,THCOM
2024-03-08,12.899999618530273,12.899999618530273,13.100000381469727,12.399999618530273,12.600000381469727,16185700,THCOM
2024-03-11,12.899999618530273,12.899999618530273,13.100000381469727,12.800000190734863,12.899999618530273,6836900,THCOM
2024-03-12,12.899999618530273,12.899999618530273,12.899999618530273,12.899999618530273,12.899999618530273,0,THCOM
2024-03-13,13.800000190734863,13.800000190734863,14.0,13.600000381469727,13.699999809265137,12552500,THCOM
2024-03-14,13.699999809265137,13.699999809265137,13.899999618530273,13.5,13.699999809265137,13204300,THCOM
2024-03-15,13.699999809265137,13.699999809265137,13.699999809265137,13.699999809265137,13.699999809265137,0,THCOM
2024-03-18,13.5,13.5,13.800000190734863,13.5,13.800000190734863,7408200,THCOM
2024-03-19,13.600000381469727,13.600000381469727,13.699999809265137,13.5,13.600000381469727,4337200,THCOM
2024-03-20,13.600000381469727,13.600000381469727,13.600000381469727,13.600000381469727,13.600000381469727,0,THCOM
2024-03-21,13.5,13.5,13.800000190734863,13.199999809265137,13.300000190734863,11685600,THCOM
2024-03-22,13.5,13.5,13.5,13.5,13.5,0,THCOM
2024-03-25,13.399999618530273,13.399999618530273,13.699999809265137,13.300000190734863,13.5,7362700,THCOM
2024-03-26,13.399999618530273,13.399999618530273,13.399999618530273,13.399999618530273,13.399999618530273,0,THCOM
2024-03-27,14.300000190734863,14.300000190734863,14.5,14.100000381469727,14.199999809265137,8018000,THCOM
2024-03-28,14.300000190734863,14.300000190734863,14.300000190734863,14.300000190734863,14.300000190734863,0,THCOM
2024-03-29,14.0,14.0,14.199999809265137,13.899999618530273,14.0,2553100,THCOM
2024-04-01,14.0,14.0,14.199999809265137,13.800000190734863,14.0,6746000,THCOM
2024-04-02,14.199999809265137,14.199999809265137,14.800000190734863,13.899999618530273,14.0,20972100,THCOM
2024-04-03,13.800000190734863,13.800000190734863,14.399999618530273,13.600000381469727,14.100000381469727,19589300,THCOM
2024-04-04,13.800000190734863,13.800000190734863,13.800000190734863,13.800000190734863,13.800000190734863,0,THCOM
2024-04-05,14.0,14.0,14.100000381469727,13.899999618530273,13.899999618530273,3889600,THCOM
2024-04-09,14.0,14.0,14.0,14.0,14.0,0,THCOM
2024-04-10,14.5,14.5,14.699999809265137,14.300000190734863,14.300000190734863,11382200,THCOM
2024-04-11,14.300000190734863,14.300000190734863,14.600000381469727,14.100000381469727,14.600000381469727,6137300,THCOM
2024-04-17,14.300000190734863,14.300000190734863,14.300000190734863,14.300000190734863,14.300000190734863,0,THCOM
2024-04-18,14.300000190734863,14.300000190734863,14.300000190734863,14.300000190734863,14.300000190734863,0,THCOM
2024-04-19,14.300000190734863,14.300000190734863,14.300000190734863,14.300000190734863,14.300000190734863,0,THCOM
2024-04-22,12.5,12.5,12.800000190734863,12.399999618530273,12.800000190734863,22168900,THCOM
2024-04-23,13.0,13.0,13.100000381469727,12.5,12.699999809265137,12115000,THCOM
2024-04-24,13.0,13.0,13.0,13.0,13.0,0,THCOM
2024-04-25,13.0,13.0,13.100000381469727,12.699999809265137,12.800000190734863,9148800,THCOM
2024-04-26,12.699999809265137,12.699999809265137,13.0,12.5,12.899999618530273,11209500,THCOM
2024-04-29,12.800000190734863,12.800000190734863,12.899999618530273,12.600000381469727,12.699999809265137,3663100,THCOM
2024-04-30,12.800000190734863,12.800000190734863,13.100000381469727,12.800000190734863,12.800000190734863,8333400,THCOM
2024-05-02,13.100000381469727,13.100000381469727,13.300000190734863,12.899999618530273,12.899999618530273,13762200,THCOM
2024-05-03,13.100000381469727,13.100000381469727,13.100000381469727,12.800000190734863,13.100000381469727,8516000,THCOM
2024-05-07,13.100000381469727,13.100000381469727,13.100000381469727,13.100000381469727,13.100000381469727,0,THCOM
2024-05-08,13.0,13.0,13.199999809265137,12.899999618530273,13.100000381469727,6058100,THCOM
2024-05-09,12.699999809265137,12.699999809265137,13.100000381469727,12.600000381469727,12.800000190734863,11802500,THCOM
2024-05-10,12.699999809265137,12.699999809265137,12.899999618530273,12.600000381469727,12.699999809265137,5744000,THCOM
2024-05-13,13.0,13.0,13.0,12.699999809265137,12.800000190734863,3349300,THCOM
2024-05-14,12.800000190734863,12.800000190734863,13.0,12.699999809265137,13.0,3691200,THCOM
2024-05-15,12.699999809265137,12.699999809265137,12.899999618530273,12.600000381469727,12.899999618530273,4964800,THCOM
2024-05-16,12.699999809265137,12.699999809265137,12.699999809265137,12.699999809265137,12.699999809265137,0,THCOM
2024-05-17,12.800000190734863,12.800000190734863,12.899999618530273,12.800000190734863,12.800000190734863,1882500,THCOM
2024-05-20,12.800000190734863,12.800000190734863,12.800000190734863,12.800000190734863,12.800000190734863,0,THCOM
2024-05-21,12.800000190734863,12.800000190734863,13.0,12.699999809265137,12.800000190734863,2915700,THCOM
2024-05-23,12.699999809265137,12.699999809265137,12.800000190734863,12.600000381469727,12.699999809265137,3351900,THCOM
2024-05-24,12.699999809265137,12.699999809265137,12.800000190734863,12.699999809265137,12.699999809265137,942300,THCOM
2024-05-27,12.800000190734863,12.800000190734863,12.800000190734863,12.600000381469727,12.699999809265137,2016200,THCOM
2024-05-28,12.5,12.5,12.600000381469727,12.300000190734863,12.600000381469727,11763200,THCOM
2024-05-29,12.5,12.5,12.699999809265137,12.399999618530273,12.5,6166300,THCOM
2024-05-30,12.399999618530273,12.399999618530273,12.5,12.300000190734863,12.399999618530273,4536000,THCOM
2024-05-31,12.399999618530273,12.399999618530273,12.399999618530273,12.399999618530273,12.399999618530273,0,THCOM
2024-06-04,12.199999809265137,12.199999809265137,12.5,12.100000381469727,12.300000190734863,3344400,THCOM
2024-06-05,12.199999809265137,12.199999809265137,12.199999809265137,12.0,12.100000381469727,5659900,THCOM
2024-06-06,11.800000190734863,11.800000190734863,12.199999809265137,11.800000190734863,12.199999809265137,4758100,THCOM
2024-06-07,11.800000190734863,11.800000190734863,11.800000190734863,11.800000190734863,11.800000190734863,0,THCOM
2024-06-10,11.899999618530273,11.899999618530273,12.0,11.699999809265137,12.0,3312200,THCOM
2024-06-11,12.0,12.0,12.300000190734863,11.899999618530273,11.899999618530273,3770900,THCOM
2024-06-12,11.800000190734863,11.800000190734863,12.199999809265137,11.800000190734863,12.100000381469727,3247000,THCOM
2024-06-13,11.800000190734863,11.800000190734863,12.100000381469727,11.800000190734863,11.899999618530273,4139500,THCOM
2024-06-14,11.699999809265137,11.699999809265137,12.0,11.699999809265137,11.899999618530273,2744800,THCOM
2024-06-17,11.699999809265137,11.699999809265137,11.699999809265137,11.699999809265137,11.699999809265137,0,THCOM
2024-06-18,11.699999809265137,11.699999809265137,11.699999809265137,11.699999809265137,11.699999809265137,0,THCOM
2024-06-19,11.699999809265137,11.699999809265137,11.699999809265137,11.699999809265137,11.699999809265137,0,THCOM
2024-06-20,10.899999618530273,10.899999618530273,11.199999809265137,10.800000190734863,11.0,4746500,THCOM
2024-06-21,11.300000190734863,11.300000190734863,11.399999618530273,10.899999618530273,10.899999618530273,6312200,THCOM
2024-06-24,11.300000190734863,11.300000190734863,11.300000190734863,11.300000190734863,11.300000190734863,0,THCOM
2024-06-25,11.300000190734863,11.300000190734863,11.300000190734863,11.300000190734863,11.300000190734863,0,THCOM
2024-06-26,11.300000190734863,11.300000190734863,11.300000190734863,11.300000190734863,11.300000190734863,0,THCOM
2024-06-27,11.0,11.0,11.300000190734863,11.0,11.199999809265137,2774900,THCOM
2024-06-28,10.699999809265137,10.699999809265137,11.100000381469727,10.699999809265137,11.100000381469727,4936000,THCOM
2024-07-01,10.800000190734863,10.800000190734863,11.100000381469727,10.699999809265137,10.899999618530273,3855900,THCOM
2024-07-02,10.600000381469727,10.600000381469727,11.0,10.600000381469727,10.899999618530273,4386800,THCOM
2024-07-03,10.5,10.5,10.699999809265137,10.399999618530273,10.600000381469727,6960000,THCOM
2024-07-04,10.600000381469727,10.600000381469727,10.800000190734863,10.5,10.600000381469727,3749900,THCOM
2024-07-05,10.600000381469727,10.600000381469727,10.800000190734863,10.399999618530273,10.600000381469727,4287800,THCOM
2024-07-08,11.0,11.0,11.100000381469727,10.600000381469727,10.600000381469727,4959700,THCOM
2024-07-09,11.0,11.0,11.0,11.0,11.0,0,THCOM
2024-07-10,11.0,11.0,11.300000190734863,11.0,11.199999809265137,5936100,THCOM
2024-07-11,11.199999809265137,11.199999809265137,11.300000190734863,11.0,11.100000381469727,6734300,THCOM
2024-07-12,11.199999809265137,11.199999809265137,11.199999809265137,11.199999809265137,11.199999809265137,0,THCOM
2024-07-15,11.199999809265137,11.199999809265137,11.199999809265137,11.199999809265137,11.199999809265137,0,THCOM
2024-07-16,11.100000381469727,11.100000381469727,11.300000190734863,11.100000381469727,11.199999809265137,2228100,THCOM
2024-07-17,11.100000381469727,11.100000381469727,11.100000381469727,11.100000381469727,11.100000381469727,0,THCOM
2024-07-18,11.699999809265137,11.699999809265137,11.699999809265137,11.300000190734863,11.399999618530273,12458400,THCOM
2024-07-19,11.5,11.5,11.699999809265137,11.5,11.600000381469727,7897300,THCOM
2024-07-23,11.899999618530273,11.899999618530273,12.199999809265137,11.600000381469727,11.600000381469727,20350600,THCOM
2024-07-24,12.300000190734863,12.300000190734863,12.5,11.699999809265137,11.800000190734863,19987600,THCOM
2024-07-25,12.100000381469727,12.100000381469727,12.300000190734863,12.100000381469727,12.100000381469727,9978000,THCOM
2024-07-26,12.300000190734863,12.300000190734863,12.5,12.0,12.199999809265137,17336300,THCOM
2024-07-30,12.300000190734863,12.300000190734863,12.300000190734863,12.300000190734863,12.300000190734863,0,THCOM
2024-07-31,12.600000381469727,12.600000381469727,12.600000381469727,12.399999618530273,12.5,6721600,THCOM
2024-08-01,12.5,12.5,12.800000190734863,12.5,12.600000381469727,7432100,THCOM
2024-08-02,12.5,12.5,12.5,12.5,12.5,0,THCOM
2024-08-05,12.100000381469727,12.100000381469727,12.800000190734863,12.0,12.5,19197800,THCOM
2024-08-06,12.5,12.5,12.5,12.100000381469727,12.300000190734863,11283300,THCOM
2024-08-07,12.600000381469727,12.600000381469727,12.699999809265137,12.300000190734863,12.600000381469727,11858500,THCOM
2024-08-08,12.600000381469727,12.600000381469727,12.600000381469727,12.600000381469727,12.600000381469727,0,THCOM
2024-08-09,11.600000381469727,11.600000381469727,12.399999618530273,11.399999618530273,12.199999809265137,19836400,THCOM
2024-08-13,11.699999809265137,11.699999809265137,11.699999809265137,11.300000190734863,11.600000381469727,5225300,THCOM
2024-08-14,11.800000190734863,11.800000190734863,11.899999618530273,11.399999618530273,11.600000381469727,7042700,THCOM
2024-08-15,11.699999809265137,11.699999809265137,11.800000190734863,11.5,11.600000381469727,2514400,THCOM
2024-08-16,11.600000381469727,11.600000381469727,11.800000190734863,11.600000381469727,11.800000190734863,3107100,THCOM
2024-08-19,11.600000381469727,11.600000381469727,11.600000381469727,11.600000381469727,11.600000381469727,0,THCOM
2024-08-20,11.800000190734863,11.800000190734863,12.199999809265137,11.600000381469727,12.0,7696300,THCOM
2024-08-21,12.100000381469727,12.100000381469727,12.100000381469727,11.699999809265137,11.800000190734863,8023900,THCOM
2024-08-22,12.100000381469727,12.100000381469727,12.100000381469727,12.100000381469727,12.100000381469727,0,THCOM
2024-08-23,12.300000190734863,12.300000190734863,12.5,11.899999618530273,12.0,18598800,THCOM
2024-08-26,12.800000190734863,12.800000190734863,12.800000190734863,12.100000381469727,12.199999809265137,14518100,THCOM
2024-08-27,12.699999809265137,12.699999809265137,12.899999618530273,12.600000381469727,12.800000190734863,10032600,THCOM
2024-08-28,12.699999809265137,12.699999809265137,13.100000381469727,12.600000381469727,12.699999809265137,16096700,THCOM
2024-08-29,12.399999618530273,12.399999618530273,12.800000190734863,12.399999618530273,12.699999809265137,8074800,THCOM
2024-08-30,12.300000190734863,12.300000190734863,12.5,12.100000381469727,12.399999618530273,15248600,THCOM
2024-09-02,12.300000190734863,12.300000190734863,12.300000190734863,12.300000190734863,12.300000190734863,0,THCOM
2024-09-03,12.300000190734863,12.300000190734863,12.300000190734863,12.300000190734863,12.300000190734863,0,THCOM
2024-09-04,12.300000190734863,12.300000190734863,12.300000190734863,12.300000190734863,12.300000190734863,0,THCOM
2024-09-05,13.0,13.0,13.199999809265137,12.5,12.600000381469727,26498400,THCOM
2024-09-06,13.300000190734863,13.300000190734863,13.300000190734863,13.0,13.100000381469727,20825500,THCOM
2024-09-09,13.300000190734863,13.300000190734863,13.300000190734863,13.300000190734863,13.300000190734863,0,THCOM
2024-09-10,13.0,13.0,13.300000190734863,12.899999618530273,13.100000381469727,9607800,THCOM
2024-09-11,12.699999809265137,12.699999809265137,13.100000381469727,12.600000381469727,13.100000381469727,10238600,THCOM
2024-09-12,12.800000190734863,12.800000190734863,13.0,12.699999809265137,12.800000190734863,5563700,THCOM
2024-09-13,12.699999809265137,12.699999809265137,13.0,12.600000381469727,12.899999618530273,8455500,THCOM
2024-09-16,12.699999809265137,12.699999809265137,12.699999809265137,12.699999809265137,12.699999809265137,0,THCOM
2024-09-17,12.899999618530273,12.899999618530273,13.100000381469727,12.800000190734863,13.0,3642200,THCOM
2024-09-18,12.899999618530273,12.899999618530273,12.899999618530273,12.899999618530273,12.899999618530273,0,THCOM
2024-09-19,12.899999618530273,12.899999618530273,12.899999618530273,12.899999618530273,12.899999618530273,0,THCOM
2024-09-20,12.899999618530273,12.899999618530273,12.899999618530273,12.899999618530273,12.899999618530273,0,THCOM
2024-09-23,13.199999809265137,13.199999809265137,13.699999809265137,13.199999809265137,13.699999809265137,12203600,THCOM
2024-09-24,13.300000190734863,13.300000190734863,13.399999618530273,13.199999809265137,13.300000190734863,9746500,THCOM
2024-09-25,13.800000190734863,13.800000190734863,14.100000381469727,13.300000190734863,13.300000190734863,38449900,THCOM
2024-09-26,13.800000190734863,13.800000190734863,13.899999618530273,13.600000381469727,13.899999618530273,8140300,THCOM
2024-09-27,13.800000190734863,13.800000190734863,13.800000190734863,13.800000190734863,13.800000190734863,0,THCOM
2024-09-30,13.699999809265137,13.699999809265137,13.800000190734863,13.300000190734863,13.399999618530273,11050800,THCOM
2024-10-01,13.899999618530273,13.899999618530273,14.100000381469727,13.600000381469727,13.699999809265137,21337600,THCOM
2024-10-02,13.5,13.5,13.899999618530273,13.399999618530273,13.800000190734863,9959400,THCOM
2024-10-03,13.0,13.0,13.399999618530273,13.0,13.399999618530273,24791300,THCOM
2024-10-04,13.300000190734863,13.300000190734863,13.300000190734863,12.699999809265137,13.0,13685200,THCOM
2024-10-07,13.5,13.5,13.600000381469727,13.199999809265137,13.300000190734863,10095000,THCOM
2024-10-08,13.199999809265137,13.199999809265137,13.5,13.100000381469727,13.399999618530273,7928900,THCOM
2024-10-09,13.300000190734863,13.300000190734863,13.300000190734863,13.0,13.100000381469727,8088500,THCOM
2024-10-10,14.600000381469727,14.600000381469727,14.800000190734863,13.300000190734863,13.5,98038400,THCOM
2024-10-11,15.0,15.0,15.300000190734863,14.5,14.699999809265137,65854100,THCOM
2024-10-15,16.5,16.5,16.5,14.800000190734863,15.100000381469727,58665000,THCOM
2024-10-16,16.5,16.5,16.5,16.5,16.5,0,THCOM
2024-10-17,16.899999618530273,16.899999618530273,17.0,16.299999237060547,16.299999237060547,20213300,THCOM
2024-10-18,15.300000190734863,15.300000190734863,17.0,15.100000381469727,16.899999618530273,73959700,THCOM
2024-10-21,15.5,15.5,15.800000190734863,15.0,15.300000190734863,43457700,THCOM
2024-10-22,15.5,15.5,15.5,15.5,15.5,0,THCOM
2024-10-24,14.800000190734863,14.800000190734863,15.199999809265137,14.600000381469727,15.0,18985700,THCOM
2024-10-25,15.0,15.0,15.100000381469727,14.699999809265137,14.899999618530273,15155200,THCOM
2024-10-28,14.800000190734863,14.800000190734863,15.100000381469727,14.600000381469727,15.0,14586500,THCOM
2024-10-29,14.800000190734863,14.800000190734863,14.800000190734863,14.800000190734863,14.800000190734863,0,THCOM
2024-10-30,14.199999809265137,14.199999809265137,14.600000381469727,14.100000381469727,14.399999618530273,15941800,THCOM
2024-10-31,14.600000381469727,14.600000381469727,14.699999809265137,14.199999809265137,14.199999809265137,17091000,THCOM
2024-11-01,14.399999618530273,14.399999618530273,14.600000381469727,14.300000190734863,14.5,8551500,THCOM
2024-11-04,14.600000381469727,14.600000381469727,14.699999809265137,14.399999618530273,14.399999618530273,5829600,THCOM
2024-11-05,15.100000381469727,15.100000381469727,15.100000381469727,14.600000381469727,14.600000381469727,12719100,THCOM
2024-11-06,14.199999809265137,14.199999809265137,15.100000381469727,14.100000381469727,15.0,23097600,THCOM
2024-11-07,14.5,14.5,14.600000381469727,14.199999809265137,14.300000190734863,15250700,THCOM
2024-11-08,14.199999809265137,14.199999809265137,14.5,14.100000381469727,14.5,9001700,THCOM
2024-11-11,13.699999809265137,13.699999809265137,14.100000381469727,13.5,14.100000381469727,18387300,THCOM
2024-11-12,13.300000190734863,13.300000190734863,13.600000381469727,13.199999809265137,13.600000381469727,9763700,THCOM
2024-11-13,13.399999618530273,13.399999618530273,13.699999809265137,13.300000190734863,13.300000190734863,10817300,THCOM
2024-11-14,13.600000381469727,13.600000381469727,13.699999809265137,13.100000381469727,13.300000190734863,12387500,THCOM
2024-11-15,12.600000381469727,12.600000381469727,13.699999809265137,12.600000381469727,13.699999809265137,23492800,THCOM
2024-11-18,12.899999618530273,12.899999618530273,13.0,12.600000381469727,12.800000190734863,8172000,THCOM
2024-11-19,13.199999809265137,13.199999809265137,13.399999618530273,13.0,13.0,9808700,THCOM
2024-11-20,12.899999618530273,12.899999618530273,13.100000381469727,12.800000190734863,13.100000381469727,7384100,THCOM
2024-11-21,13.100000381469727,13.100000381469727,13.199999809265137,12.800000190734863,12.800000190734863,9602500,THCOM
2024-11-22,13.199999809265137,13.199999809265137,13.5,13.0,13.199999809265137,13777900,THCOM
2024-11-25,13.399999618530273,13.399999618530273,13.399999618530273,13.199999809265137,13.300000190734863,3245400,THCOM
2024-11-26,12.899999618530273,12.899999618530273,13.399999618530273,12.899999618530273,13.399999618530273,4323600,THCOM
2024-11-27,13.0,13.0,13.0,12.699999809265137,12.800000190734863,6950300,THCOM
2024-11-28,13.100000381469727,13.100000381469727,13.100000381469727,12.899999618530273,13.0,3557000,THCOM
2024-11-29,12.899999618530273,12.899999618530273,13.100000381469727,12.800000190734863,13.100000381469727,4503100,THCOM
2024-12-02,13.300000190734863,13.300000190734863,13.300000190734863,12.899999618530273,12.899999618530273,4466400,THCOM
2024-12-03,13.699999809265137,13.699999809265137,13.699999809265137,13.300000190734863,13.300000190734863,13436800,THCOM
2024-12-04,13.699999809265137,13.699999809265137,13.800000190734863,13.5,13.800000190734863,6231700,THCOM
2024-12-06,14.600000381469727,14.600000381469727,14.800000190734863,13.699999809265137,13.699999809265137,29550100,THCOM
2024-12-09,14.399999618530273,14.399999618530273,14.600000381469727,14.300000190734863,14.600000381469727,10258100,THCOM
2024-12-11,13.899999618530273,13.899999618530273,14.600000381469727,13.699999809265137,14.399999618530273,16041000,THCOM
2024-12-12,13.800000190734863,13.800000190734863,14.100000381469727,13.600000381469727,14.0,8504300,THCOM
2024-12-13,13.899999618530273,13.899999618530273,14.0,13.600000381469727,13.699999809265137,7592100,THCOM
2024-12-16,13.800000190734863,13.800000190734863,13.899999618530273,13.600000381469727,13.800000190734863,5869000,THCOM
2024-12-17,13.199999809265137,13.199999809265137,14.0,13.199999809265137,13.800000190734863,11491200,THCOM
2024-12-18,13.300000190734863,13.300000190734863,13.399999618530273,13.0,13.300000190734863,9175200,THCOM
2024-12-19,12.899999618530273,12.899999618530273,13.399999618530273,12.800000190734863,13.100000381469727,5755300,THCOM
2024-12-20,12.600000381469727,12.600000381469727,13.0,12.600000381469727,12.899999618530273,9175300,THCOM
2024-12-23,12.800000190734863,12.800000190734863,12.899999618530273,12.199999809265137,12.699999809265137,11069000,THCOM
2024-12-24,13.300000190734863,13.300000190734863,13.300000190734863,12.800000190734863,12.800000190734863,5572300,THCOM
2024-12-25,13.300000190734863,13.300000190734863,13.399999618530273,13.199999809265137,13.300000190734863,3187800,THCOM
2024-12-26,12.899999618530273,12.899999618530273,13.300000190734863,12.800000190734863,13.300000190734863,4052400,THCOM
2024-12-27,13.100000381469727,13.100000381469727,13.300000190734863,12.899999618530273,13.0,4498800,THCOM
2024-12-30,12.699999809265137,12.699999809265137,13.199999809265137,12.699999809265137,13.100000381469727,3186500,THCOM
2025-01-02,12.600000381469727,12.600000381469727,12.899999618530273,12.600000381469727,12.699999809265137,4275900,THCOM
2025-01-03,13.0,13.0,13.0,12.600000381469727,12.600000381469727,4598700,THCOM
2025-01-06,12.699999809265137,12.699999809265137,13.0,12.600000381469727,13.0,3305500,THCOM
2025-01-07,13.0,13.0,13.100000381469727,12.699999809265137,12.699999809265137,3564000,THCOM
2025-01-08,12.800000190734863,12.800000190734863,13.100000381469727,12.600000381469727,12.899999618530273,5729000,THCOM
2025-01-09,12.300000190734863,12.300000190734863,12.800000190734863,12.300000190734863,12.800000190734863,7620400,THCOM
2025-01-10,12.399999618530273,12.399999618530273,12.600000381469727,12.100000381469727,12.300000190734863,9140800,THCOM
2025-01-13,12.699999809265137,12.699999809265137,12.699999809265137,12.199999809265137,12.300000190734863,4218200,THCOM
2025-01-14,12.300000190734863,12.300000190734863,12.800000190734863,12.300000190734863,12.800000190734863,6002900,THCOM
2025-01-15,12.300000190734863,12.300000190734863,12.399999618530273,12.100000381469727,12.300000190734863,6640900,THCOM
2025-01-16,12.300000190734863,12.300000190734863,12.5,12.199999809265137,12.399999618530273,5082900,THCOM
2025-01-17,11.699999809265137,11.699999809265137,12.300000190734863,11.699999809265137,12.199999809265137,10252800,THCOM
2025-01-20,11.800000190734863,11.800000190734863,12.100000381469727,11.699999809265137,11.800000190734863,6270500,THCOM
2025-01-21,11.899999618530273,11.899999618530273,12.100000381469727,11.800000190734863,11.899999618530273,4709600,THCOM
2025-01-22,11.899999618530273,11.899999618530273,12.199999809265137,11.899999618530273,11.899999618530273,4585100,THCOM
2025-01-23,11.899999618530273,11.899999618530273,12.199999809265137,11.899999618530273,11.899999618530273,4951000,THCOM
2025-01-24,12.0,12.0,12.100000381469727,11.899999618530273,12.0,2463400,THCOM
2025-01-27,11.699999809265137,11.699999809265137,12.0,11.699999809265137,12.0,3013600,THCOM
2025-01-28,11.699999809265137,11.699999809265137,11.800000190734863,11.699999809265137,11.699999809265137,2762500,THCOM
2025-01-29,11.699999809265137,11.699999809265137,11.899999618530273,11.699999809265137,11.699999809265137,1657600,THCOM
2025-01-30,11.699999809265137,11.699999809265137,11.899999618530273,11.699999809265137,11.800000190734863,1126700,THCOM
2025-01-31,11.399999618530273,11.399999618530273,11.800000190734863,11.399999618530273,11.699999809265137,5365200,THCOM
2025-02-03,11.399999618530273,11.399999618530273,11.5,11.100000381469727,11.300000190734863,5635500,THCOM
2025-02-04,11.300000190734863,11.300000190734863,11.600000381469727,11.300000190734863,11.5,2809500,THCOM
2025-02-05,11.100000381469727,11.100000381469727,11.5,11.0,11.300000190734863,6756900,THCOM
2025-02-06,10.600000381469727,10.600000381469727,11.100000381469727,10.5,11.100000381469727,8239600,THCOM
2025-02-07,11.0,11.0,11.0,10.5,10.699999809265137,6977600,THCOM
2025-02-10,10.699999809265137,10.699999809265137,10.899999618530273,10.699999809265137,10.800000190734863,3807000,THCOM
2025-02-11,10.899999618530273,10.899999618530273,11.0,10.699999809265137,10.699999809265137,3913500,THCOM
2025-02-13,11.199999809265137,11.199999809265137,11.399999618530273,10.899999618530273,11.0,6583100,THCOM
2025-02-14,11.300000190734863,11.300000190734863,11.399999618530273,11.199999809265137,11.199999809265137,4381400,THCOM
2025-02-17,11.100000381469727,11.100000381469727,11.300000190734863,11.100000381469727,11.199999809265137,2407600,THCOM
2025-02-18,11.199999809265137,11.199999809265137,11.5,11.100000381469727,11.199999809265137,3775200,THCOM
2025-02-19,11.600000381469727,11.600000381469727,11.600000381469727,11.199999809265137,11.199999809265137,3332100,THCOM
2025-02-20,11.800000190734863,11.800000190734863,12.0,11.600000381469727,11.699999809265137,5952900,THCOM
2025-02-21,11.699999809265137,11.699999809265137,11.899999618530273,11.600000381469727,11.699999809265137,2245700,THCOM
2025-02-24,11.5,11.5,11.699999809265137,11.399999618530273,11.699999809265137,3411600,THCOM
2025-02-25,11.100000381469727,11.100000381469727,11.5,11.100000381469727,11.5,3838200,THCOM
2025-02-26,11.300000190734863,11.300000190734863,11.399999618530273,11.100000381469727,11.199999809265137,2097700,THCOM
2025-02-27,10.899999618530273,10.899999618530273,11.399999618530273,10.899999618530273,11.300000190734863,3348300,THCOM
2025-02-28,10.899999618530273,10.899999618530273,11.100000381469727,10.600000381469727,10.800000190734863,4597600,THCOM
2025-03-03,10.899999618530273,10.899999618530273,11.100000381469727,10.800000190734863,11.0,2206300,THCOM
2025-03-04,10.800000190734863,10.800000190734863,11.100000381469727,10.699999809265137,10.800000190734863,2094300,THCOM
2025-03-05,11.199999809265137,11.199999809265137,11.199999809265137,10.800000190734863,10.899999618530273,2660100,THCOM
2025-03-06,10.899999618530273,10.899999618530273,11.199999809265137,10.699999809265137,11.199999809265137,2755900,THCOM
2025-03-07,10.899999618530273,10.899999618530273,11.0,10.800000190734863,10.899999618530273,2850200,THCOM
2025-03-10,10.699999809265137,10.699999809265137,10.899999618530273,10.699999809265137,10.800000190734863,1788200,THCOM
2025-03-11,11.0,11.0,11.100000381469727,10.600000381469727,10.699999809265137,3363000,THCOM
2025-03-12,10.699999809265137,10.699999809265137,11.0,10.699999809265137,10.899999618530273,2650200,THCOM
2025-03-13,10.699999809265137,10.699999809265137,10.899999618530273,10.600000381469727,10.699999809265137,1055800,THCOM
2025-03-14,10.800000190734863,10.800000190734863,10.800000190734863,10.600000381469727,10.699999809265137,1307000,THCOM
2025-03-17,11.100000381469727,11.100000381469727,11.199999809265137,10.800000190734863,10.800000190734863,6019100,THCOM
2025-03-18,11.0,11.0,11.199999809265137,10.899999618530273,11.100000381469727,2396500,THCOM
2025-03-19,11.100000381469727,11.100000381469727,11.300000190734863,10.899999618530273,10.899999618530273,3911300,THCOM
2025-03-20,10.800000190734863,10.800000190734863,11.199999809265137,10.800000190734863,11.100000381469727,3818200,THCOM
2025-03-21,10.899999618530273,10.899999618530273,10.899999618530273,10.600000381469727,10.899999618530273,4344200,THCOM
2025-03-24,10.800000190734863,10.800000190734863,11.0,10.800000190734863,10.800000190734863,2710100,THCOM
2025-03-25,10.699999809265137,10.699999809265137,10.899999618530273,10.699999809265137,10.800000190734863,1992100,THCOM
2025-03-26,10.699999809265137,10.699999809265137,10.899999618530273,10.699999809265137,10.800000190734863,1114700,THCOM
2025-03-27,10.699999809265137,10.699999809265137,10.899999618530273,10.600000381469727,10.699999809265137,1715800,THCOM
2025-03-28,10.399999618530273,10.399999618530273,10.699999809265137,10.399999618530273,10.699999809265137,2211100,THCOM
2025-03-31,10.100000381469727,10.100000381469727,10.399999618530273,10.0,10.0,3525200,THCOM
2025-04-01,10.100000381469727,10.100000381469727,10.300000190734863,10.0,10.199999809265137,2225900,THCOM
2025-04-02,10.0,10.0,10.199999809265137,10.0,10.100000381469727,1441300,THCOM
2025-04-03,9.800000190734863,9.800000190734863,10.0,9.75,10.0,3886200,THCOM
2025-04-04,8.649999618530273,8.649999618530273,9.850000381469727,8.5,9.850000381469727,15922100,THCOM
2025-04-08,7.349999904632568,7.349999904632568,8.100000381469727,7.349999904632568,8.0,11542800,THCOM
2025-04-09,7.300000190734863,7.300000190734863,7.349999904632568,6.300000190734863,7.199999809265137,22899800,THCOM
2025-04-10,8.050000190734863,8.050000190734863,8.350000381469727,7.599999904632568,7.800000190734863,17011900,THCOM
2025-04-11,7.5,7.5,8.0,7.449999809265137,7.75,9494600,THCOM
2025-04-16,8.100000381469727,8.100000381469727,8.149999618530273,7.449999809265137,7.5,12127300,THCOM
2025-04-17,8.300000190734863,8.300000190734863,8.600000381469727,8.25,8.25,16774800,THCOM
2025-04-18,8.5,8.5,8.5,8.25,8.300000190734863,6835600,THCOM
2025-04-21,8.600000381469727,8.600000381469727,9.199999809265137,8.399999618530273,8.449999809265137,32597400,THCOM
2025-04-22,8.800000190734863,8.800000190734863,8.800000190734863,8.449999809265137,8.5,9993800,THCOM
2025-04-23,8.5,8.5,9.050000190734863,8.5,8.899999618530273,13237200,THCOM
2025-04-24,9.0,9.0,9.0,8.449999809265137,8.550000190734863,18562700,THCOM
2025-04-25,9.199999809265137,9.199999809265137,9.25,8.800000190734863,8.949999809265137,15443800,THCOM
2025-04-28,8.949999809265137,8.949999809265137,9.300000190734863,8.949999809265137,9.199999809265137,7662800,THCOM
2025-04-29,9.199999809265137,9.199999809265137,9.25,8.949999809265137,9.0,7796200,THCOM
2025-04-30,9.100000381469727,9.100000381469727,9.199999809265137,9.0,9.149999618530273,9622100,THCOM
2025-05-02,9.050000190734863,9.050000190734863,9.350000381469727,9.050000190734863,9.149999618530273,11118200,THCOM
2025-05-06,8.75,8.75,9.0,8.699999809265137,8.949999809265137,7777400,THCOM
2025-05-07,9.25,9.25,9.350000381469727,8.850000381469727,8.850000381469727,15664800,THCOM
2025-05-08,9.149999618530273,9.149999618530273,9.350000381469727,9.100000381469727,9.300000190734863,6510700,THCOM
2025-05-09,9.100000381469727,9.100000381469727,9.25,9.0,9.25,4620300,THCOM
2025-05-13,9.149999618530273,9.149999618530273,9.25,9.100000381469727,9.25,5278700,THCOM
2025-05-14,9.0,9.0,9.199999809265137,9.0,9.199999809265137,3131500,THCOM
2025-05-15,8.699999809265137,8.699999809265137,9.0,8.699999809265137,9.0,4075100,THCOM
2025-05-16,8.949999809265137,8.949999809265137,9.0,8.75,8.850000381469727,2592600,THCOM
2025-05-19,8.800000190734863,8.800000190734863,8.949999809265137,8.800000190734863,8.949999809265137,2062600,THCOM
2025-05-20,8.899999618530273,8.899999618530273,9.050000190734863,8.800000190734863,8.850000381469727,4039800,THCOM
2025-05-21,8.75,8.75,9.0,8.75,8.850000381469727,2512800,THCOM
2025-05-22,8.300000190734863,8.300000190734863,8.75,8.199999809265137,8.699999809265137,5109800,THCOM
2025-05-23,8.5,8.5,8.5,8.350000381469727,8.399999618530273,2007100,THCOM
2025-05-26,8.350000381469727,8.350000381469727,8.5,8.300000190734863,8.449999809265137,1053900,THCOM
2025-05-27,8.350000381469727,8.350000381469727,8.449999809265137,8.300000190734863,8.449999809265137,815400,THCOM
2025-05-28,8.350000381469727,8.350000381469727,8.550000190734863,8.350000381469727,8.350000381469727,804200,THCOM
2025-05-29,8.350000381469727,8.350000381469727,8.5,8.350000381469727,8.449999809265137,748200,THCOM
2025-05-30,8.5,8.5,8.5,8.199999809265137,8.350000381469727,2316600,THCOM
2025-06-04,8.5,8.5,8.5,8.300000190734863,8.300000190734863,1406900,THCOM
2025-06-05,8.449999809265137,8.449999809265137,8.5,8.350000381469727,8.5,932900,THCOM
2025-06-06,8.300000190734863,8.300000190734863,8.449999809265137,8.25,8.350000381469727,809300,THCOM
2025-06-09,8.350000381469727,8.350000381469727,8.5,8.300000190734863,8.350000381469727,1828900,THCOM
2025-06-10,8.300000190734863,8.300000190734863,8.399999618530273,8.25,8.300000190734863,1668800,THCOM
2025-06-11,8.449999809265137,8.449999809265137,8.550000190734863,8.300000190734863,8.350000381469727,3201100,THCOM
2025-06-12,8.350000381469727,8.350000381469727,8.5,8.350000381469727,8.5,1496000,THCOM
2025-06-13,7.699999809265137,7.699999809265137,8.25,7.5,8.199999809265137,10392700,THCOM
2025-06-16,7.800000190734863,7.800000190734863,7.849999904632568,7.400000095367432,7.650000095367432,5255600,THCOM
2025-06-17,7.849999904632568,7.849999904632568,8.100000381469727,7.699999809265137,7.800000190734863,3551600,THCOM
2025-06-18,7.599999904632568,7.599999904632568,7.949999809265137,7.5,7.849999904632568,1761400,THCOM
2025-06-19,7.199999809265137,7.199999809265137,7.550000190734863,7.199999809265137,7.550000190734863,3234400,THCOM
2025-06-20,7.050000190734863,7.050000190734863,7.449999809265137,7.050000190734863,7.300000190734863,6679500,THCOM
2025-06-23,6.849999904632568,6.849999904632568,7.150000095367432,6.699999809265137,6.949999809265137,4924000,THCOM
2025-06-24,7.400000095367432,7.400000095367432,7.5,6.949999809265137,6.949999809265137,4340800,THCOM
2025-06-25,7.650000095367432,7.650000095367432,7.75,7.300000190734863,7.349999904632568,2675100,THCOM
2025-06-26,7.650000095367432,7.650000095367432,7.849999904632568,7.550000190734863,7.650000095367432,1689500,THCOM
2025-06-27,7.400000095367432,7.400000095367432,7.650000095367432,7.349999904632568,7.650000095367432,1604200,THCOM
2025-06-30,7.400000095367432,7.400000095367432,7.599999904632568,7.349999904632568,7.400000095367432,1581600,THCOM
2025-07-01,7.449999809265137,7.449999809265137,7.550000190734863,7.199999809265137,7.5,2897100,THCOM
2025-07-02,7.349999904632568,7.349999904632568,7.550000190734863,7.300000190734863,7.449999809265137,1979400,THCOM
2025-07-03,7.5,7.5,7.599999904632568,7.349999904632568,7.349999904632568,2905000,THCOM
2025-07-04,7.349999904632568,7.349999904632568,7.550000190734863,7.349999904632568,7.550000190734863,2631600,THCOM
2025-07-07,7.25,7.25,7.349999904632568,7.150000095367432,7.300000190734863,2208300,THCOM
2025-07-08,7.5,7.5,7.650000095367432,7.199999809265137,7.199999809265137,4753400,THCOM
2025-07-09,7.199999809265137,7.199999809265137,7.599999904632568,7.150000095367432,7.599999904632568,4609900,THCOM
2025-07-11,7.25,7.25,7.349999904632568,7.199999809265137,7.25,2931200,THCOM
2025-07-14,7.449999809265137,7.449999809265137,7.5,7.199999809265137,7.25,3020200,THCOM
2025-07-15,8.0,8.0,8.050000190734863,7.449999809265137,7.449999809265137,7283700,THCOM
2025-07-16,8.0,8.0,8.149999618530273,7.900000095367432,7.949999809265137,4900800,THCOM
2025-07-17,8.149999618530273,8.149999618530273,8.25,8.0,8.0,3302900,THCOM
2025-07-18,8.050000190734863,8.050000190734863,8.199999809265137,8.050000190734863,8.149999618530273,1273600,THCOM
2025-07-21,8.5,8.5,8.550000190734863,8.050000190734863,8.149999618530273,6266600,THCOM
2025-07-22,8.100000381469727,8.100000381469727,8.550000190734863,8.050000190734863,8.550000190734863,4829000,THCOM
2025-07-23,8.350000381469727,8.350000381469727,8.550000190734863,8.149999618530273,8.149999618530273,3955500,THCOM
2025-07-24,8.399999618530273,8.399999618530273,8.600000381469727,8.350000381469727,8.350000381469727,5357300,THCOM
2025-07-25,8.399999618530273,8.399999618530273,8.550000190734863,8.300000190734863,8.300000190734863,1580100,THCOM
2025-07-29,8.5,8.5,8.600000381469727,8.25,8.449999809265137,4138500,THCOM
2025-07-30,8.899999618530273,8.899999618530273,8.949999809265137,8.449999809265137,8.5,7847400,THCOM
2025-07-31,8.649999618530273,8.649999618530273,8.899999618530273,8.649999618530273,8.899999618530273,5805400,THCOM
2025-08-01,8.399999618530273,8.399999618530273,8.800000190734863,8.399999618530273,8.75,4685200,THCOM
2025-08-04,8.350000381469727,8.350000381469727,8.550000190734863,8.300000190734863,8.5,1921400,THCOM
2025-08-05,8.649999618530273,8.649999618530273,8.800000190734863,8.399999618530273,8.399999618530273,4088800,THCOM
2025-08-06,9.75,9.75,9.850000381469727,8.699999809265137,8.75,15960200,THCOM
2025-08-07,10.199999809265137,10.199999809265137,10.300000190734863,9.699999809265137,9.949999809265137,13292000,THCOM
2025-08-08,10.0,10.0,10.300000190734863,9.850000381469727,10.199999809265137,6746200,THCOM
2025-08-13,9.949999809265137,9.949999809265137,10.199999809265137,9.899999618530273,10.100000381469727,4573600,THCOM
2025-08-14,9.600000381469727,9.600000381469727,10.100000381469727,9.550000190734863,10.100000381469727,5944700,THCOM
2025-08-15,9.600000381469727,9.600000381469727,9.899999618530273,9.550000190734863,9.600000381469727,2776100,THCOM
2025-08-18,9.399999618530273,9.399999618530273,9.75,9.399999618530273,9.600000381469727,4492000,THCOM
2025-08-19,9.5,9.5,9.699999809265137,9.399999618530273,9.399999618530273,2034500,THCOM
2025-08-20,9.699999809265137,9.699999809265137,9.75,9.5,9.5,2460300,THCOM
2025-08-21,9.300000190734863,9.300000190734863,9.75,9.300000190734863,9.75,4498600,THCOM
2025-08-22,9.449999809265137,9.449999809265137,9.550000190734863,9.199999809265137,9.350000381469727,3540700,THCOM
2025-08-25,9.550000190734863,9.550000190734863,9.699999809265137,9.5,9.5,2680300,THCOM
2025-08-26,9.800000190734863,9.800000190734863,10.100000381469727,9.5,9.550000190734863,8204400,THCOM
2025-08-27,9.5,9.5,9.850000381469727,9.5,9.800000190734863,3909700,THCOM
2025-08-28,9.550000190734863,9.550000190734863,9.649999618530273,9.5,9.550000190734863,2010300,THCOM
2025-08-29,9.350000381469727,9.350000381469727,9.75,9.300000190734863,9.550000190734863,3128700,THCOM
2025-09-01,9.5,9.5,9.75,9.350000381469727,9.399999618530273,2716300,THCOM
2025-09-02,9.550000190734863,9.550000190734863,9.649999618530273,9.449999809265137,9.5,1701300,THCOM
2025-09-03,9.699999809265137,9.699999809265137,9.899999618530273,9.550000190734863,9.550000190734863,2908000,THCOM
2025-09-04,9.550000190734863,9.550000190734863,9.75,9.5,9.699999809265137,2282800,THCOM
2025-09-05,9.600000381469727,9.600000381469727,9.699999809265137,9.550000190734863,9.649999618530273,1564300,THCOM
2025-09-08,10.100000381469727,10.100000381469727,10.399999618530273,9.550000190734863,9.649999618530273,11767000,THCOM
2025-09-09,10.699999809265137,10.699999809265137,10.699999809265137,10.0,10.199999809265137,11223700,THCOM
2025-09-10,10.600000381469727,10.600000381469727,10.699999809265137,10.5,10.699999809265137,4563400,THCOM
2025-09-11,10.600000381469727,10.600000381469727,10.899999618530273,10.399999618530273,10.600000381469727,6271900,THCOM
2025-09-12,10.5,10.5,10.699999809265137,10.300000190734863,10.600000381469727,3490100,THCOM
2025-09-15,10.399999618530273,10.399999618530273,10.600000381469727,10.199999809265137,10.5,4585300,THCOM
2025-09-16,10.699999809265137,10.699999809265137,10.800000190734863,10.399999618530273,10.399999618530273,5068900,THCOM
2025-09-17,10.5,10.5,10.699999809265137,10.5,10.699999809265137,2561900,THCOM
2025-09-18,10.899999618530273,10.899999618530273,11.100000381469727,10.600000381469727,10.800000190734863,13026100,THCOM
2025-09-19,10.699999809265137,10.699999809265137,10.899999618530273,10.600000381469727,10.800000190734863,4318900,THCOM
2025-09-22,10.100000381469727,10.100000381469727,10.699999809265137,10.100000381469727,10.699999809265137,4427200,THCOM
2025-09-23,9.75,9.75,10.300000190734863,9.75,10.100000381469727,5547700,THCOM
2025-09-24,9.850000381469727,9.850000381469727,9.949999809265137,9.649999618530273,9.75,3319800,THCOM
2025-09-25,10.0,10.0,10.199999809265137,9.850000381469727,9.850000381469727,3779500,THCOM
2025-09-26,9.850000381469727,9.850000381469727,10.0,9.850000381469727,10.0,1757500,THCOM
2025-09-29,9.699999809265137,9.699999809265137,10.100000381469727,9.600000381469727,9.899999618530273,5268500,THCOM
2025-09-30,9.399999618530273,9.399999618530273,9.699999809265137,9.399999618530273,9.699999809265137,4042700,THCOM
2025-10-01,9.199999809265137,9.199999809265137,9.550000190734863,9.100000381469727,9.399999618530273,4878400,THCOM
2025-10-02,9.449999809265137,9.449999809265137,9.550000190734863,9.199999809265137,9.199999809265137,3813600,THCOM
2025-10-03,9.25,9.25,9.449999809265137,9.199999809265137,9.399999618530273,3506100,THCOM
2025-10-06,9.25,9.25,9.399999618530273,9.25,9.300000190734863,2134000,THCOM
2025-10-07,9.25,9.25,9.25,9.25,9.25,0,THCOM
2025-10-08,9.399999618530273,9.399999618530273,9.600000381469727,9.350000381469727,9.600000381469727,2103000,THCOM
2025-10-09,9.649999618530273,9.649999618530273,9.75,9.399999618530273,9.399999618530273,4557700,THCOM
2025-10-10,9.5,9.5,9.600000381469727,9.5,9.5,2185800,THCOM
2025-10-14,9.199999809265137,9.199999809265137,9.699999809265137,9.199999809265137,9.5,3747600,THCOM
2025-10-15,9.399999618530273,9.399999618530273,9.449999809265137,9.25,9.25,1665000,THCOM
2025-10-16,9.600000381469727,9.600000381469727,9.800000190734863,9.350000381469727,9.399999618530273,5888400,THCOM
2025-10-17,9.350000381469727,9.350000381469727,9.550000190734863,9.300000190734863,9.5,2591800,THCOM
2025-10-20,9.300000190734863,9.300000190734863,9.5,9.300000190734863,9.449999809265137,2077300,THCOM
2025-10-21,9.5,9.5,9.550000190734863,9.300000190734863,9.300000190734863,3581500,THCOM
2025-10-22,9.649999618530273,9.649999618530273,9.75,9.350000381469727,9.550000190734863,4231400,THCOM
2025-10-24,9.699999809265137,9.699999809265137,9.899999618530273,9.5,9.699999809265137,4675300,THCOM
2025-10-27,9.850000381469727,9.850000381469727,10.199999809265137,9.75,9.800000190734863,13507500,THCOM
2025-10-28,9.699999809265137,9.699999809265137,9.850000381469727,9.649999618530273,9.800000190734863,4310300,THCOM
2025-10-29,9.550000190734863,9.550000190734863,9.75,9.5,9.649999618530273,2313000,THCOM
2025-10-30,9.75,9.75,9.800000190734863,9.5,9.600000381469727,1586800,THCOM
2025-10-31,9.550000190734863,9.550000190734863,9.75,9.5,9.75,1771000,THCOM
2025-11-03,9.449999809265137,9.449999809265137,9.699999809265137,9.449999809265137,9.600000381469727,1299700,THCOM
2025-11-04,9.300000190734863,9.300000190734863,9.449999809265137,9.25,9.449999809265137,2165400,THCOM
2025-11-05,9.199999809265137,9.199999809265137,9.300000190734863,9.149999618530273,9.199999809265137,2206600,THCOM
2025-11-06,9.449999809265137,9.449999809265137,9.550000190734863,9.300000190734863,9.300000190734863,1323200,THCOM
2025-11-07,9.199999809265137,9.199999809265137,9.399999618530273,9.199999809265137,9.300000190734863,989900,THCOM
2025-11-10,9.300000190734863,9.300000190734863,9.350000381469727,9.25,9.350000381469727,312800,THCOM
2025-11-11,9.25,9.25,9.350000381469727,9.25,9.350000381469727,375000,THCOM
2025-11-12,9.149999618530273,9.149999618530273,9.300000190734863,9.149999618530273,9.25,1237200,THCOM
2025-11-13,9.149999618530273,9.149999618530273,9.25,9.100000381469727,9.199999809265137,1154100,THCOM
2025-11-14,9.0,9.0,9.199999809265137,8.949999809265137,9.149999618530273,2307300,THCOM
2025-11-17,9.149999618530273,9.149999618530273,9.199999809265137,8.949999809265137,9.0,699000,THCOM
2025-11-18,9.100000381469727,9.100000381469727,9.25,9.100000381469727,9.100000381469727,617200,THCOM
2025-11-19,9.199999809265137,9.199999809265137,9.199999809265137,9.100000381469727,9.100000381469727,392200,THCOM
2025-11-20,9.149999618530273,9.149999618530273,9.350000381469727,9.149999618530273,9.25,952300,THCOM
2025-11-21,8.699999809265137,8.699999809265137,9.149999618530273,8.699999809265137,9.149999618530273,3825400,THCOM
2025-11-24,8.699999809265137,8.699999809265137,8.850000381469727,8.699999809265137,8.699999809265137,628300,THCOM
2025-11-25,8.850000381469727,8.850000381469727,8.899999618530273,8.75,8.75,827000,THCOM
2025-11-26,8.850000381469727,8.850000381469727,8.899999618530273,8.75,8.75,436900,THCOM
2025-11-27,8.649999618530273,8.649999618530273,8.949999809265137,8.600000381469727,8.850000381469727,651900,THCOM
2025-11-28,8.699999809265137,8.699999809265137,8.75,8.699999809265137,8.699999809265137,334500,THCOM
2025-12-01,8.899999618530273,8.899999618530273,8.949999809265137,8.649999618530273,8.800000190734863,589700,THCOM
2025-12-02,8.699999809265137,8.699999809265137,8.899999618530273,8.699999809265137,8.899999618530273,613600,THCOM
2025-12-03,8.550000190734863,8.550000190734863,8.75,8.550000190734863,8.75,783100,THCOM
2025-12-04,8.149999618530273,8.149999618530273,8.649999618530273,8.149999618530273,8.600000381469727,1719600,THCOM
2025-12-08,7.699999809265137,7.699999809265137,8.25,7.699999809265137,8.149999618530273,3738000,THCOM
2025-12-09,7.849999904632568,7.849999904632568,7.949999809265137,7.599999904632568,7.699999809265137,862800,THCOM
2025-12-11,8.0,8.0,8.0,7.599999904632568,7.900000095367432,967400,THCOM
2025-12-12,7.849999904632568,7.849999904632568,8.0,7.800000190734863,8.0,1587400,THCOM
2025-12-15,8.550000190734863,8.550000190734863,8.550000190734863,7.75,7.849999904632568,3177200,THCOM
2025-12-16,8.350000381469727,8.350000381469727,8.5,8.300000190734863,8.399999618530273,741600,THCOM
2025-12-17,8.5,8.5,8.600000381469727,8.350000381469727,8.399999618530273,1175700,THCOM
2025-12-18,8.300000190734863,8.300000190734863,8.550000190734863,8.149999618530273,8.5,1222900,THCOM
2025-12-19,8.399999618530273,8.399999618530273,8.600000381469727,8.300000190734863,8.300000190734863,1865900,THCOM
2025-12-22,8.699999809265137,8.699999809265137,8.75,8.399999618530273,8.449999809265137,3089500,THCOM
2025-12-23,8.75,8.75,8.850000381469727,8.699999809265137,8.75,1077600,THCOM
2025-12-24,8.75,8.75,8.800000190734863,8.649999618530273,8.800000190734863,422300,THCOM
2025-12-25,8.649999618530273,8.649999618530273,8.800000190734863,8.600000381469727,8.800000190734863,734100,THCOM
2025-12-26,8.550000190734863,8.550000190734863,8.699999809265137,8.399999618530273,8.699999809265137,982500,THCOM
2025-12-29,8.449999809265137,8.449999809265137,8.550000190734863,8.449999809265137,8.449999809265137,321400,THCOM
2025-12-30,8.649999618530273,8.649999618530273,8.75,8.5,8.550000190734863,1028100,THCOM
2023-01-03,4.6433186531066895,4.860000133514404,4.880000114440918,4.800000190734863,4.860000133514404,44135700,TRUE
2023-01-04,4.624210357666016,4.840000152587891,4.860000133514404,4.820000171661377,4.840000152587891,35911900,TRUE
2023-01-05,4.624210357666016,4.840000152587891,4.880000114440918,4.820000171661377,4.840000152587891,38864500,TRUE
2023-01-06,4.681535243988037,4.900000095367432,4.900000095367432,4.860000133514404,4.880000114440918,25900900,TRUE
2023-01-09,4.662426471710205,4.880000114440918,4.920000076293945,4.860000133514404,4.900000095367432,24804200,TRUE
2023-01-10,4.662426471710205,4.880000114440918,4.900000095367432,4.860000133514404,4.880000114440918,20207000,TRUE
2023-01-11,4.6433186531066895,4.860000133514404,4.880000114440918,4.820000171661377,4.860000133514404,32124900,TRUE
2023-01-12,4.624210357666016,4.840000152587891,4.860000133514404,4.78000020980835,4.860000133514404,55352900,TRUE
2023-01-13,4.566885471343994,4.78000020980835,4.960000038146973,4.78000020980835,4.900000095367432,341853900,TRUE
2023-01-16,4.662426471710205,4.880000114440918,4.920000076293945,4.78000020980835,4.78000020980835,102585100,TRUE
2023-01-17,4.662426471710205,4.880000114440918,4.900000095367432,4.840000152587891,4.860000133514404,53808900,TRUE
2023-01-18,4.662426471710205,4.880000114440918,4.920000076293945,4.840000152587891,4.880000114440918,83968800,TRUE
2023-01-19,4.6433186531066895,4.860000133514404,4.900000095367432,4.820000171661377,4.880000114440918,40664100,TRUE
2023-01-20,4.6433186531066895,4.860000133514404,4.880000114440918,4.840000152587891,4.840000152587891,33624500,TRUE
2023-01-23,4.700643539428711,4.920000076293945,4.920000076293945,4.860000133514404,4.880000114440918,58448100,TRUE
2023-01-24,4.662426471710205,4.880000114440918,4.920000076293945,4.880000114440918,4.920000076293945,12882000,TRUE
2023-01-25,4.681535243988037,4.900000095367432,4.940000057220459,4.880000114440918,4.920000076293945,43051300,TRUE
2023-01-26,4.662426471710205,4.880000114440918,4.920000076293945,4.880000114440918,4.920000076293945,28315500,TRUE
2023-01-27,4.681535243988037,4.900000095367432,4.920000076293945,4.880000114440918,4.900000095367432,33702000,TRUE
2023-01-30,4.662426471710205,4.880000114440918,4.920000076293945,4.860000133514404,4.900000095367432,45738400,TRUE
2023-01-31,4.6433186531066895,4.860000133514404,4.900000095367432,4.860000133514404,4.860000133514404,37066000,TRUE
2023-02-01,4.681535243988037,4.900000095367432,4.900000095367432,4.860000133514404,4.880000114440918,15629800,TRUE
2023-02-02,4.681535243988037,4.900000095367432,4.900000095367432,4.860000133514404,4.900000095367432,9853600,TRUE
2023-02-03,4.662426471710205,4.880000114440918,4.900000095367432,4.860000133514404,4.880000114440918,15572700,TRUE
2023-02-06,4.6433186531066895,4.860000133514404,4.900000095367432,4.840000152587891,4.900000095367432,23797200,TRUE
2023-02-07,4.624210357666016,4.840000152587891,4.880000114440918,4.820000171661377,4.840000152587891,24357900,TRUE
2023-02-08,4.624210357666016,4.840000152587891,4.860000133514404,4.760000228881836,4.800000190734863,36134100,TRUE
2023-02-09,4.719751358032227,4.940000057220459,4.960000038146973,4.800000190734863,4.800000190734863,59225300,TRUE
2023-02-10,4.700643539428711,4.920000076293945,4.940000057220459,4.860000133514404,4.900000095367432,24072500,TRUE
2023-02-13,4.7770771980285645,5.0,5.0,4.880000114440918,4.880000114440918,45483400,TRUE
2023-02-14,4.7770771980285645,5.0,5.050000190734863,4.960000038146973,5.0,84667100,TRUE
2023-02-15,4.7770771980285645,5.0,5.050000190734863,4.940000057220459,5.0,49405600,TRUE
2023-02-16,4.872617721557617,5.099999904632568,5.099999904632568,4.980000019073486,5.0,68941500,TRUE
2023-02-17,4.872617721557617,5.099999904632568,5.150000095367432,5.050000190734863,5.099999904632568,117155300,TRUE
2023-02-20,4.872617721557617,5.099999904632568,5.099999904632568,5.099999904632568,5.099999904632568,0,TRUE
2023-02-21,4.872617721557617,5.099999904632568,5.099999904632568,5.099999904632568,5.099999904632568,0,TRUE
2023-02-22,4.872617721557617,5.099999904632568,5.099999904632568,5.099999904632568,5.099999904632568,0,TRUE
2023-02-23,4.872617721557617,5.099999904632568,5.099999904632568,5.099999904632568,5.099999904632568,0,TRUE
2023-02-24,4.872617721557617,5.099999904632568,5.099999904632568,5.099999904632568,5.099999904632568,0,TRUE
2023-02-27,4.872617721557617,5.099999904632568,5.099999904632568,5.099999904632568,5.099999904632568,0,TRUE
2023-02-28,4.872617721557617,5.099999904632568,5.099999904632568,5.099999904632568,5.099999904632568,0,TRUE
2023-03-01,4.872617721557617,5.099999904632568,5.099999904632568,5.099999904632568,5.099999904632568,0,TRUE
2023-03-02,4.872617721557617,5.099999904632568,5.099999904632568,5.099999904632568,5.099999904632568,0,TRUE
2023-03-03,8.216571807861328,8.600000381469727,8.800000190734863,8.050000190734863,8.350000381469727,784877200,TRUE
2023-03-07,8.025487899780273,8.399999618530273,9.0,8.199999809265137,8.699999809265137,827033400,TRUE
2023-03-08,8.073259353637695,8.449999809265137,8.550000190734863,8.25,8.350000381469727,157405500,TRUE
2023-03-09,7.977717876434326,8.350000381469727,8.5,8.199999809265137,8.5,104054300,TRUE
2023-03-10,7.7866339683532715,8.149999618530273,8.350000381469727,8.050000190734863,8.25,91504300,TRUE
2023-03-13,7.404468536376953,7.75,8.199999809265137,7.75,8.050000190734863,115672800,TRUE
2023-03-14,7.022302627563477,7.349999904632568,7.849999904632568,7.199999809265137,7.699999809265137,211635600,TRUE
2023-03-15,7.3566975593566895,7.699999809265137,7.699999809265137,7.300000190734863,7.449999809265137,122199600,TRUE
2023-03-16,7.643322467803955,8.0,8.0,7.400000095367432,7.550000190734863,109909900,TRUE
2023-03-17,7.834405422210693,8.199999809265137,8.199999809265137,7.849999904632568,8.0,114437700,TRUE
2023-03-20,7.643322467803955,8.0,8.0,8.0,8.0,10326500,TRUE
2023-03-21,7.977717876434326,8.350000381469727,8.350000381469727,8.100000381469727,8.100000381469727,99447900,TRUE
2023-03-22,7.834405422210693,8.199999809265137,8.350000381469727,8.0,8.350000381469727,123073000,TRUE
2023-03-23,8.073259353637695,8.449999809265137,8.449999809265137,8.100000381469727,8.199999809265137,93878400,TRUE
2023-03-24,8.168801307678223,8.550000190734863,8.550000190734863,8.399999618530273,8.5,73870400,TRUE
2023-03-27,8.1210298538208,8.5,8.600000381469727,8.399999618530273,8.550000190734863,44212000,TRUE
2023-03-28,8.216571807861328,8.600000381469727,8.600000381469727,8.449999809265137,8.5,53756100,TRUE
2023-03-29,8.1210298538208,8.5,8.600000381469727,8.300000190734863,8.600000381469727,65817500,TRUE
2023-03-30,7.882175445556641,8.25,8.5,8.199999809265137,8.449999809265137,85415100,TRUE
2023-03-31,8.025487899780273,8.399999618530273,8.399999618530273,8.25,8.300000190734863,42881100,TRUE
2023-04-03,7.977717876434326,8.350000381469727,8.399999618530273,8.300000190734863,8.399999618530273,14308100,TRUE
2023-04-04,7.7866339683532715,8.149999618530273,8.399999618530273,8.100000381469727,8.399999618530273,49743900,TRUE
2023-04-05,7.7866339683532715,8.149999618530273,8.25,8.050000190734863,8.149999618530273,37773600,TRUE
2023-04-07,7.882175445556641,8.25,8.25,8.100000381469727,8.149999618530273,10761500,TRUE
2023-04-10,7.7866339683532715,8.149999618530273,8.300000190734863,8.100000381469727,8.199999809265137,32555400,TRUE
2023-04-11,7.834405422210693,8.199999809265137,8.199999809265137,8.149999618530273,8.149999618530273,12780300,TRUE
2023-04-12,7.834405422210693,8.199999809265137,8.199999809265137,8.050000190734863,8.149999618530273,35610500,TRUE
2023-04-17,7.834405422210693,8.199999809265137,8.300000190734863,8.100000381469727,8.149999618530273,30569900,TRUE
2023-04-18,7.738863945007324,8.100000381469727,8.25,8.0,8.149999618530273,51209100,TRUE
2023-04-19,7.595551490783691,7.949999809265137,8.050000190734863,7.849999904632568,8.0,75762600,TRUE
2023-04-20,7.643322467803955,8.0,8.050000190734863,7.900000095367432,7.900000095367432,29573300,TRUE
2023-04-21,7.738863945007324,8.100000381469727,8.100000381469727,7.949999809265137,8.050000190734863,33234600,TRUE
2023-04-24,7.595551490783691,7.949999809265137,8.050000190734863,7.900000095367432,8.0,22393800,TRUE
2023-04-25,7.3566975593566895,7.699999809265137,7.900000095367432,7.650000095367432,7.900000095367432,56761200,TRUE
2023-04-26,7.5000104904174805,7.849999904632568,7.949999809265137,7.650000095367432,7.699999809265137,32055400,TRUE
2023-04-27,7.691093444824219,8.050000190734863,8.050000190734863,7.800000190734863,7.849999904632568,51598700,TRUE
2023-04-28,7.595551490783691,7.949999809265137,8.100000381469727,7.849999904632568,8.100000381469727,39585700,TRUE
2023-05-02,7.738863945007324,8.100000381469727,8.100000381469727,7.849999904632568,7.849999904632568,30951200,TRUE
2023-05-03,7.643322467803955,8.0,8.100000381469727,7.900000095367432,8.050000190734863,40369000,TRUE
2023-05-08,7.929947376251221,8.300000190734863,8.350000381469727,8.0,8.0,78055600,TRUE
2023-05-09,7.7866339683532715,8.149999618530273,8.350000381469727,8.100000381469727,8.25,37292500,TRUE
2023-05-10,7.7866339683532715,8.149999618530273,8.25,8.050000190734863,8.100000381469727,34223000,TRUE
2023-05-11,7.3566975593566895,7.699999809265137,8.050000190734863,7.650000095367432,8.0,148924400,TRUE
2023-05-12,7.308927536010742,7.650000095367432,7.75,7.400000095367432,7.599999904632568,108007200,TRUE
2023-05-15,6.735678195953369,7.050000190734863,7.650000095367432,6.949999809265137,7.650000095367432,179586600,TRUE
2023-05-16,6.878990173339844,7.199999809265137,7.300000190734863,7.0,7.050000190734863,92777000,TRUE
2023-05-17,6.640136241912842,6.949999809265137,7.25,6.900000095367432,7.199999809265137,109777300,TRUE
2023-05-18,6.353511810302734,6.650000095367432,7.099999904632568,6.599999904632568,7.050000190734863,123439500,TRUE
2023-05-19,6.066887378692627,6.349999904632568,6.650000095367432,6.300000190734863,6.650000095367432,168241400,TRUE
2023-05-22,6.640136241912842,6.949999809265137,6.949999809265137,6.25,6.300000190734863,139302600,TRUE
2023-05-23,6.544594764709473,6.849999904632568,7.0,6.75,6.900000095367432,80208600,TRUE
2023-05-24,6.4490532875061035,6.75,6.900000095367432,6.699999809265137,6.800000190734863,49605066,TRUE
2023-05-25,6.353511810302734,6.650000095367432,6.75,6.550000190734863,6.75,67552700,TRUE
2023-05-26,6.305741310119629,6.599999904632568,6.699999809265137,6.449999809265137,6.699999809265137,94004500,TRUE
2023-05-29,6.544594764709473,6.849999904632568,6.900000095367432,6.599999904632568,6.699999809265137,70203600,TRUE
2023-05-30,6.4490532875061035,6.75,6.900000095367432,6.650000095367432,6.849999904632568,81722700,TRUE
2023-05-31,6.544594764709473,6.849999904632568,6.949999809265137,6.550000190734863,6.650000095367432,67577600,TRUE
2023-06-01,6.305741310119629,6.599999904632568,6.849999904632568,6.550000190734863,6.849999904632568,78309700,TRUE
2023-06-02,6.305741310119629,6.599999904632568,6.699999809265137,6.5,6.650000095367432,44545300,TRUE
2023-06-06,6.257970809936523,6.550000190734863,6.650000095367432,6.5,6.650000095367432,25754900,TRUE
2023-06-07,6.544594764709473,6.849999904632568,6.849999904632568,6.550000190734863,6.599999904632568,74611000,TRUE
2023-06-08,6.640136241912842,6.949999809265137,6.949999809265137,6.699999809265137,6.800000190734863,60682900,TRUE
2023-06-09,6.735678195953369,7.050000190734863,7.050000190734863,6.849999904632568,6.949999809265137,71584800,TRUE
2023-06-12,6.544594764709473,6.849999904632568,7.0,6.75,7.0,58143100,TRUE
2023-06-13,6.544594764709473,6.849999904632568,7.0,6.849999904632568,6.900000095367432,31684400,TRUE
2023-06-14,6.544594764709473,6.849999904632568,6.900000095367432,6.75,6.849999904632568,55389100,TRUE
2023-06-15,6.40128231048584,6.699999809265137,6.849999904632568,6.650000095367432,6.800000190734863,35105200,TRUE
2023-06-16,6.305741310119629,6.599999904632568,6.849999904632568,6.650000095367432,6.75,51632000,TRUE
2023-06-19,6.353511810302734,6.650000095367432,6.75,6.550000190734863,6.599999904632568,35999400,TRUE
2023-06-20,6.40128231048584,6.699999809265137,6.849999904632568,6.650000095367432,6.699999809265137,28171400,TRUE
2023-06-21,6.257970809936523,6.550000190734863,6.75,6.550000190734863,6.699999809265137,42923600,TRUE
2023-06-22,5.732491493225098,6.0,6.599999904632568,5.949999809265137,6.599999904632568,220021300,TRUE
2023-06-23,5.875804424285889,6.150000095367432,6.199999809265137,5.949999809265137,6.050000190734863,88574700,TRUE
2023-06-26,5.875804424285889,6.150000095367432,6.300000190734863,6.099999904632568,6.150000095367432,39873700,TRUE
2023-06-27,5.828033447265625,6.099999904632568,6.25,6.0,6.150000095367432,49227600,TRUE
2023-06-28,5.923574924468994,6.199999809265137,6.25,6.050000190734863,6.050000190734863,62034000,TRUE
2023-06-29,6.0191168785095215,6.300000190734863,6.5,6.199999809265137,6.25,83541300,TRUE
2023-06-30,6.257970809936523,6.550000190734863,6.849999904632568,6.449999809265137,6.449999809265137,149325300,TRUE
2023-07-03,6.210198879241943,6.5,6.599999904632568,6.400000095367432,6.550000190734863,41149100,TRUE
2023-07-04,6.353511810302734,6.650000095367432,6.800000190734863,6.449999809265137,6.5,56840600,TRUE
2023-07-05,6.353511810302734,6.650000095367432,6.75,6.550000190734863,6.599999904632568,44232600,TRUE
2023-07-06,6.210198879241943,6.5,6.599999904632568,6.449999809265137,6.550000190734863,45529000,TRUE
2023-07-07,6.16242790222168,6.449999809265137,6.5,6.349999904632568,6.400000095367432,42639800,TRUE
2023-07-10,6.210198879241943,6.5,6.550000190734863,6.349999904632568,6.400000095367432,24308600,TRUE
2023-07-11,6.257970809936523,6.550000190734863,6.650000095367432,6.5,6.5,28371900,TRUE
2023-07-12,6.210198879241943,6.5,6.650000095367432,6.400000095367432,6.599999904632568,45408100,TRUE
2023-07-13,6.353511810302734,6.650000095367432,6.699999809265137,6.5,6.550000190734863,40137900,TRUE
2023-07-14,6.544594764709473,6.849999904632568,6.949999809265137,6.699999809265137,6.699999809265137,79909800,TRUE
2023-07-17,6.592365741729736,6.900000095367432,6.949999809265137,6.800000190734863,6.900000095367432,56134100,TRUE
2023-07-18,6.640136241912842,6.949999809265137,7.050000190734863,6.800000190734863,6.849999904632568,134517100,TRUE
2023-07-19,6.735678195953369,7.050000190734863,7.099999904632568,6.900000095367432,7.0,60946600,TRUE
2023-07-20,6.592365741729736,6.900000095367432,7.050000190734863,6.849999904632568,7.0,40100100,TRUE
2023-07-21,6.6879072189331055,7.0,7.099999904632568,6.800000190734863,6.900000095367432,26883900,TRUE
2023-07-24,6.592365741729736,6.900000095367432,7.050000190734863,6.849999904632568,7.0,40858400,TRUE
2023-07-25,6.496824264526367,6.800000190734863,6.900000095367432,6.75,6.849999904632568,50013800,TRUE
2023-07-26,6.640136241912842,6.949999809265137,6.949999809265137,6.800000190734863,6.849999904632568,15980600,TRUE
2023-07-27,6.878990173339844,7.199999809265137,7.300000190734863,6.900000095367432,7.0,99777600,TRUE
2023-07-31,6.926761150360107,7.25,7.300000190734863,7.150000095367432,7.199999809265137,13658500,TRUE
2023-08-02,6.831219673156738,7.150000095367432,7.25,7.099999904632568,7.150000095367432,31529400,TRUE
2023-08-03,6.592365741729736,6.900000095367432,7.150000095367432,6.849999904632568,7.150000095367432,84710300,TRUE
2023-08-04,6.544594764709473,6.849999904632568,6.949999809265137,6.75,6.900000095367432,60533600,TRUE
2023-08-07,6.592365741729736,6.900000095367432,7.050000190734863,6.800000190734863,6.849999904632568,31912400,TRUE
2023-08-08,6.353511810302734,6.650000095367432,6.900000095367432,6.599999904632568,6.900000095367432,76430500,TRUE
2023-08-09,6.496824264526367,6.800000190734863,6.800000190734863,6.599999904632568,6.650000095367432,34407100,TRUE
2023-08-10,6.496824264526367,6.800000190734863,6.849999904632568,6.650000095367432,6.75,46704000,TRUE
2023-08-11,6.353511810302734,6.650000095367432,6.800000190734863,6.599999904632568,6.800000190734863,74356400,TRUE
2023-08-15,6.353511810302734,6.650000095367432,6.75,6.599999904632568,6.650000095367432,28725900,TRUE
2023-08-16,6.353511810302734,6.650000095367432,6.699999809265137,6.550000190734863,6.599999904632568,41086200,TRUE
2023-08-17,6.4490532875061035,6.75,6.849999904632568,6.599999904632568,6.650000095367432,65085500,TRUE
2023-08-18,6.496824264526367,6.800000190734863,6.849999904632568,6.699999809265137,6.75,37672500,TRUE
2023-08-21,6.592365741729736,6.900000095367432,6.900000095367432,6.699999809265137,6.849999904632568,39065100,TRUE
2023-08-22,6.735678195953369,7.050000190734863,7.050000190734863,6.800000190734863,6.949999809265137,90342600,TRUE
2023-08-23,6.592365741729736,6.900000095367432,7.050000190734863,6.849999904632568,7.0,87169800,TRUE
2023-08-24,6.640136241912842,6.949999809265137,7.0,6.849999904632568,6.900000095367432,51422500,TRUE
2023-08-25,6.6879072189331055,7.0,7.0,6.949999809265137,6.949999809265137,30208900,TRUE
2023-08-28,6.640136241912842,6.949999809265137,7.050000190734863,6.900000095367432,7.0,39496100,TRUE
2023-08-29,6.592365741729736,6.900000095367432,7.0,6.849999904632568,6.949999809265137,32565900,TRUE
2023-08-30,6.6879072189331055,7.0,7.050000190734863,6.900000095367432,6.949999809265137,30517500,TRUE
2023-08-31,6.592365741729736,6.900000095367432,7.0,6.900000095367432,7.0,28421300,TRUE
2023-09-01,6.544594764709473,6.849999904632568,6.949999809265137,6.849999904632568,6.900000095367432,22977700,TRUE
2023-09-04,6.4490532875061035,6.75,6.900000095367432,6.699999809265137,6.900000095367432,27318400,TRUE
2023-09-05,6.40128231048584,6.699999809265137,6.800000190734863,6.650000095367432,6.699999809265137,20848700,TRUE
2023-09-06,6.40128231048584,6.699999809265137,6.849999904632568,6.650000095367432,6.800000190734863,36982300,TRUE
2023-09-07,6.496824264526367,6.800000190734863,6.849999904632568,6.699999809265137,6.75,28395700,TRUE
2023-09-08,6.735678195953369,7.050000190734863,7.050000190734863,6.849999904632568,6.900000095367432,63231200,TRUE
2023-09-11,6.6879072189331055,7.0,7.099999904632568,7.0,7.050000190734863,39218900,TRUE
2023-09-12,6.783448696136475,7.099999904632568,7.099999904632568,7.0,7.050000190734863,46973200,TRUE
2023-09-13,6.735678195953369,7.050000190734863,7.099999904632568,6.949999809265137,7.099999904632568,46027200,TRUE
2023-09-14,6.926761150360107,7.25,7.300000190734863,7.0,7.050000190734863,103605400,TRUE
2023-09-15,7.022302627563477,7.349999904632568,7.449999809265137,7.25,7.349999904632568,154622500,TRUE
2023-09-18,7.213385581970215,7.550000190734863,7.599999904632568,7.25,7.300000190734863,126018900,TRUE
2023-09-19,7.308927536010742,7.650000095367432,7.699999809265137,7.449999809265137,7.550000190734863,100254100,TRUE
2023-09-20,7.213385581970215,7.550000190734863,7.650000095367432,7.449999809265137,7.599999904632568,77935300,TRUE
2023-09-21,7.308927536010742,7.650000095367432,7.75,7.5,7.5,131721500,TRUE
2023-09-22,7.2611565589904785,7.599999904632568,7.699999809265137,7.550000190734863,7.599999904632568,61507400,TRUE
2023-09-25,7.165614604949951,7.5,7.699999809265137,7.5,7.650000095367432,44988700,TRUE
2023-09-26,6.974531650543213,7.300000190734863,7.650000095367432,7.050000190734863,7.449999809265137,224155600,TRUE
2023-09-27,6.974531650543213,7.300000190734863,7.400000095367432,7.199999809265137,7.349999904632568,52007100,TRUE
2023-09-28,6.6879072189331055,7.0,7.300000190734863,7.0,7.25,131195100,TRUE
2023-09-29,6.783448696136475,7.099999904632568,7.150000095367432,7.050000190734863,7.050000190734863,48149500,TRUE
2023-10-02,6.6879072189331055,7.0,7.150000095367432,7.0,7.150000095367432,29909800,TRUE
2023-10-03,6.544594764709473,6.849999904632568,6.949999809265137,6.800000190734863,6.900000095367432,69088700,TRUE
2023-10-04,6.592365741729736,6.900000095367432,7.0,6.650000095367432,6.75,80243600,TRUE
2023-10-05,6.640136241912842,6.949999809265137,7.0,6.849999904632568,7.0,30344400,TRUE
2023-10-06,6.544594764709473,6.849999904632568,7.0,6.800000190734863,7.0,28902700,TRUE
2023-10-09,6.496824264526367,6.800000190734863,6.900000095367432,6.75,6.800000190734863,39069600,TRUE
2023-10-10,6.544594764709473,6.849999904632568,6.949999809265137,6.800000190734863,6.849999904632568,23873000,TRUE
2023-10-11,6.783448696136475,7.099999904632568,7.050000190734863,6.900000095367432,6.900000095367432,71486800,TRUE
2023-10-12,6.783448696136475,7.099999904632568,7.099999904632568,7.0,7.099999904632568,25408700,TRUE
2023-10-16,6.592365741729736,6.900000095367432,7.099999904632568,6.800000190734863,7.0,37458500,TRUE
2023-10-17,6.544594764709473,6.849999904632568,7.0,6.849999904632568,6.900000095367432,9776400,TRUE
2023-10-18,6.544594764709473,6.849999904632568,6.949999809265137,6.75,6.849999904632568,21160400,TRUE
2023-10-19,6.496824264526367,6.800000190734863,6.849999904632568,6.699999809265137,6.75,21783900,TRUE
2023-10-20,6.257970809936523,6.550000190734863,6.75,6.449999809265137,6.699999809265137,72547500,TRUE
2023-10-24,6.257970809936523,6.550000190734863,6.599999904632568,6.400000095367432,6.550000190734863,29261300,TRUE
2023-10-25,6.305741310119629,6.599999904632568,6.699999809265137,6.550000190734863,6.599999904632568,29503300,TRUE
2023-10-26,6.066887378692627,6.349999904632568,6.599999904632568,6.25,6.550000190734863,51198600,TRUE
2023-10-27,6.210198879241943,6.5,6.5,6.300000190734863,6.400000095367432,20532900,TRUE
2023-10-30,6.257970809936523,6.550000190734863,6.550000190734863,6.349999904632568,6.400000095367432,29773000,TRUE
2023-10-31,5.780262470245361,6.050000190734863,6.050000190734863,5.75,6.0,192915100,TRUE
2023-11-01,5.780262470245361,6.050000190734863,6.25,6.050000190734863,6.050000190734863,63584900,TRUE
2023-11-02,5.875804424285889,6.150000095367432,6.199999809265137,6.099999904632568,6.150000095367432,16053800,TRUE
2023-11-03,5.875804424285889,6.150000095367432,6.25,6.150000095367432,6.199999809265137,17881500,TRUE
2023-11-06,5.923574924468994,6.199999809265137,6.349999904632568,6.150000095367432,6.25,31382700,TRUE
2023-11-07,5.780262470245361,6.050000190734863,6.25,6.0,6.150000095367432,28455000,TRUE
2023-11-08,5.541409492492676,5.800000190734863,6.050000190734863,5.550000190734863,6.0,234970800,TRUE
2023-11-09,5.541409492492676,5.800000190734863,5.849999904632568,5.699999809265137,5.849999904632568,39076700,TRUE
2023-11-10,5.493638515472412,5.75,5.849999904632568,5.650000095367432,5.650000095367432,22739000,TRUE
2023-11-13,5.589179515838623,5.849999904632568,5.900000095367432,5.699999809265137,5.75,195142900,TRUE
2023-11-14,5.541409492492676,5.800000190734863,5.900000095367432,5.699999809265137,5.900000095367432,220001200,TRUE
2023-11-15,5.684720993041992,5.949999809265137,6.0,5.800000190734863,5.900000095367432,41824600,TRUE
2023-11-16,5.732491493225098,6.0,6.0,5.849999904632568,5.900000095367432,231245000,TRUE
2023-11-17,5.828033447265625,6.099999904632568,6.099999904632568,5.900000095367432,5.949999809265137,29885900,TRUE
2023-11-20,5.732491493225098,6.0,6.150000095367432,5.949999809265137,6.099999904632568,42144100,TRUE
2023-11-21,5.732491493225098,6.0,6.050000190734863,5.900000095367432,6.050000190734863,24669200,TRUE
2023-11-22,5.732491493225098,6.0,6.050000190734863,5.900000095367432,5.949999809265137,14056100,TRUE
2023-11-23,5.684720993041992,5.949999809265137,6.050000190734863,5.949999809265137,6.050000190734863,6244500,TRUE
2023-11-24,5.636950492858887,5.900000095367432,6.0,5.849999904632568,6.0,19058200,TRUE
2023-11-27,5.732491493225098,6.0,6.0,5.849999904632568,5.849999904632568,17543400,TRUE
2023-11-28,5.780262470245361,6.050000190734863,6.050000190734863,5.900000095367432,6.0,22009300,TRUE
2023-11-29,5.684720993041992,5.949999809265137,6.050000190734863,5.900000095367432,6.050000190734863,27260400,TRUE
2023-11-30,5.350325584411621,5.599999904632568,5.900000095367432,5.550000190734863,5.900000095367432,104653000,TRUE
2023-12-01,5.302555084228516,5.550000190734863,5.699999809265137,5.449999809265137,5.650000095367432,55371400,TRUE
2023-12-04,5.350325584411621,5.599999904632568,5.699999809265137,5.5,5.650000095367432,38289700,TRUE
2023-12-06,5.302555084228516,5.550000190734863,5.599999904632568,5.449999809265137,5.5,54433500,TRUE
2023-12-07,5.063701629638672,5.300000190734863,5.550000190734863,5.300000190734863,5.5,104695000,TRUE
2023-12-08,4.920388698577881,5.150000095367432,5.349999904632568,5.0,5.349999904632568,209673100,TRUE
2023-12-12,4.872617721557617,5.099999904632568,5.199999809265137,5.050000190734863,5.150000095367432,59824900,TRUE
2023-12-13,4.824847221374512,5.050000190734863,5.150000095367432,5.0,5.099999904632568,69793300,TRUE
2023-12-14,5.01593017578125,5.25,5.25,5.050000190734863,5.099999904632568,98150700,TRUE
2023-12-15,4.9681596755981445,5.199999809265137,5.300000190734863,5.050000190734863,5.25,134021000,TRUE
2023-12-18,4.920388698577881,5.150000095367432,5.25,5.050000190734863,5.150000095367432,70389100,TRUE
2023-12-19,4.824847221374512,5.050000190734863,5.099999904632568,5.0,5.099999904632568,99622100,TRUE
2023-12-20,5.159243106842041,5.400000095367432,5.449999809265137,5.099999904632568,5.150000095367432,134942500,TRUE
2023-12-21,5.063701629638672,5.300000190734863,5.400000095367432,5.25,5.349999904632568,43070900,TRUE
2023-12-22,4.920388698577881,5.150000095367432,5.300000190734863,5.050000190734863,5.300000190734863,78002000,TRUE
2023-12-25,4.872617721557617,5.099999904632568,5.150000095367432,5.050000190734863,5.150000095367432,26455100,TRUE
2023-12-26,4.872617721557617,5.099999904632568,5.150000095367432,5.050000190734863,5.150000095367432,39776300,TRUE
2023-12-27,4.824847221374512,5.050000190734863,5.150000095367432,5.050000190734863,5.099999904632568,67692100,TRUE
2023-12-28,4.824847221374512,5.050000190734863,5.099999904632568,5.050000190734863,5.099999904632568,78133000,TRUE
2024-01-03,5.01593017578125,5.25,5.25,5.150000095367432,5.199999809265137,74494400,TRUE
2024-01-04,4.9681596755981445,5.199999809265137,5.25,5.150000095367432,5.199999809265137,65972700,TRUE
2024-01-05,4.9681596755981445,5.199999809265137,5.25,5.150000095367432,5.199999809265137,65902300,TRUE
2024-01-08,4.9681596755981445,5.199999809265137,5.25,5.150000095367432,5.199999809265137,40222800,TRUE
2024-01-09,4.920388698577881,5.150000095367432,5.25,5.150000095367432,5.25,30501100,TRUE
2024-01-10,4.920388698577881,5.150000095367432,5.199999809265137,5.099999904632568,5.150000095367432,65255700,TRUE
2024-01-11,4.920388698577881,5.150000095367432,5.150000095367432,5.099999904632568,5.150000095367432,13862300,TRUE
2024-01-12,4.872617721557617,5.099999904632568,5.150000095367432,5.099999904632568,5.150000095367432,12842600,TRUE
2024-01-15,4.872617721557617,5.099999904632568,5.150000095367432,5.099999904632568,5.150000095367432,27071900,TRUE
2024-01-16,5.01593017578125,5.25,5.300000190734863,5.099999904632568,5.150000095367432,88800700,TRUE
2024-01-17,5.01593017578125,5.25,5.300000190734863,5.150000095367432,5.300000190734863,113295800,TRUE
2024-01-18,5.063701629638672,5.300000190734863,5.400000095367432,5.199999809265137,5.25,75714300,TRUE
2024-01-19,5.207013130187988,5.449999809265137,5.449999809265137,5.300000190734863,5.349999904632568,59715900,TRUE
2024-01-22,5.111472129821777,5.349999904632568,5.5,5.300000190734863,5.5,45546400,TRUE
2024-01-23,5.254784107208252,5.5,5.650000095367432,5.349999904632568,5.400000095367432,123955300,TRUE
2024-01-24,5.589179515838623,5.849999904632568,5.849999904632568,5.5,5.5,86600700,TRUE
2024-01-25,5.684720993041992,5.949999809265137,5.949999809265137,5.699999809265137,5.800000190734863,119444300,TRUE
2024-01-26,5.684720993041992,5.949999809265137,6.0,5.800000190734863,5.900000095367432,93305400,TRUE
2024-01-29,5.684720993041992,5.949999809265137,6.0,5.849999904632568,5.949999809265137,118226200,TRUE
2024-01-30,5.636950492858887,5.900000095367432,5.949999809265137,5.550000190734863,5.949999809265137,233347100,TRUE
2024-01-31,5.780262470245361,6.050000190734863,6.050000190734863,5.849999904632568,5.949999809265137,50447000,TRUE
2024-02-01,5.828033447265625,6.099999904632568,6.300000190734863,5.949999809265137,6.0,169391000,TRUE
2024-02-02,5.923574924468994,6.199999809265137,6.25,6.099999904632568,6.099999904632568,58020400,TRUE
2024-02-05,5.875804424285889,6.150000095367432,6.199999809265137,6.099999904632568,6.199999809265137,49914800,TRUE
2024-02-06,6.114658355712891,6.400000095367432,6.5,6.150000095367432,6.150000095367432,155597000,TRUE
2024-02-07,6.257970809936523,6.550000190734863,6.599999904632568,6.400000095367432,6.400000095367432,90935100,TRUE
2024-02-08,6.16242790222168,6.449999809265137,6.599999904632568,6.349999904632568,6.550000190734863,96942900,TRUE
2024-02-09,6.114658355712891,6.400000095367432,6.5,6.349999904632568,6.449999809265137,18124200,TRUE
2024-02-12,6.066887378692627,6.349999904632568,6.400000095367432,6.199999809265137,6.300000190734863,27081800,TRUE
2024-02-13,6.066887378692627,6.349999904632568,6.449999809265137,6.349999904632568,6.349999904632568,27856700,TRUE
2024-02-14,6.114658355712891,6.400000095367432,6.5,6.25,6.300000190734863,48894100,TRUE
2024-02-15,6.066887378692627,6.349999904632568,6.400000095367432,6.300000190734863,6.400000095367432,20861000,TRUE
2024-02-16,6.16242790222168,6.449999809265137,6.550000190734863,6.400000095367432,6.400000095367432,39921200,TRUE
2024-02-19,6.353511810302734,6.650000095367432,6.75,6.449999809265137,6.5,76295800,TRUE
2024-02-20,6.257970809936523,6.550000190734863,6.699999809265137,6.5,6.650000095367432,76769600,TRUE
2024-02-21,6.257970809936523,6.550000190734863,6.599999904632568,6.449999809265137,6.599999904632568,72310200,TRUE
2024-02-22,6.257970809936523,6.550000190734863,6.650000095367432,6.550000190734863,6.599999904632568,62144200,TRUE
2024-02-23,6.926761150360107,7.25,7.349999904632568,6.650000095367432,6.75,320426400,TRUE
2024-02-27,6.878990173339844,7.199999809265137,7.400000095367432,7.099999904632568,7.199999809265137,108351100,TRUE
2024-02-28,6.783448696136475,7.099999904632568,7.25,7.0,7.199999809265137,53471300,TRUE
2024-02-29,6.735678195953369,7.050000190734863,7.25,7.050000190734863,7.099999904632568,56747800,TRUE
2024-03-01,6.640136241912842,6.949999809265137,7.099999904632568,6.900000095367432,7.099999904632568,127785700,TRUE
2024-03-04,6.6879072189331055,7.0,7.050000190734863,6.900000095367432,6.900000095367432,31564400,TRUE
2024-03-05,6.926761150360107,7.25,7.5,6.949999809265137,7.0,133911100,TRUE
2024-03-06,7.022302627563477,7.349999904632568,7.400000095367432,7.25,7.300000190734863,69046500,TRUE
2024-03-07,7.117844104766846,7.449999809265137,7.650000095367432,7.25,7.400000095367432,126381000,TRUE
2024-03-08,7.165614604949951,7.5,7.5,7.349999904632568,7.5,30851500,TRUE
2024-03-11,7.213385581970215,7.550000190734863,7.650000095367432,7.449999809265137,7.5,60823400,TRUE
2024-03-12,7.213385581970215,7.550000190734863,7.550000190734863,7.550000190734863,7.550000190734863,0,TRUE
2024-03-13,7.5000104904174805,7.849999904632568,7.900000095367432,7.699999809265137,7.849999904632568,114958500,TRUE
2024-03-14,7.5000104904174805,7.849999904632568,7.849999904632568,7.849999904632568,7.849999904632568,0,TRUE
2024-03-15,7.5000104904174805,7.849999904632568,7.849999904632568,7.849999904632568,7.849999904632568,0,TRUE
2024-03-18,7.643322467803955,8.0,8.100000381469727,7.900000095367432,7.949999809265137,47706200,TRUE
2024-03-19,7.595551490783691,7.949999809265137,8.0,7.849999904632568,8.0,56785100,TRUE
2024-03-20,7.595551490783691,7.949999809265137,7.949999809265137,7.949999809265137,7.949999809265137,0,TRUE
2024-03-21,7.691093444824219,8.050000190734863,8.050000190734863,7.849999904632568,7.949999809265137,49398300,TRUE
2024-03-22,7.691093444824219,8.050000190734863,8.050000190734863,8.050000190734863,8.050000190734863,0,TRUE
2024-03-25,7.452239990234375,7.800000190734863,7.900000095367432,7.650000095367432,7.650000095367432,90438500,TRUE
2024-03-26,7.452239990234375,7.800000190734863,7.800000190734863,7.800000190734863,7.800000190734863,0,TRUE
2024-03-27,7.643322467803955,8.0,8.199999809265137,7.900000095367432,7.949999809265137,109849400,TRUE
2024-03-28,7.643322467803955,8.0,8.0,8.0,8.0,0,TRUE
2024-03-29,7.2611565589904785,7.599999904632568,7.800000190734863,7.550000190734863,7.75,51062900,TRUE
2024-04-01,7.452239990234375,7.800000190734863,7.849999904632568,7.550000190734863,7.550000190734863,62874600,TRUE
2024-04-02,7.452239990234375,7.800000190734863,7.849999904632568,7.699999809265137,7.75,51632600,TRUE
2024-04-03,7.452239990234375,7.800000190734863,7.849999904632568,7.699999809265137,7.75,30856700,TRUE
2024-04-04,7.452239990234375,7.800000190734863,7.800000190734863,7.800000190734863,7.800000190734863,0,TRUE
2024-04-05,7.643322467803955,8.0,8.0,7.800000190734863,7.800000190734863,42401100,TRUE
2024-04-09,7.643322467803955,8.0,8.0,8.0,8.0,0,TRUE
2024-04-10,7.691093444824219,8.050000190734863,8.25,8.050000190734863,8.199999809265137,45543900,TRUE
2024-04-11,7.643322467803955,8.0,8.100000381469727,8.0,8.0,17085100,TRUE
2024-04-17,7.643322467803955,8.0,8.0,8.0,8.0,0,TRUE
2024-04-18,7.643322467803955,8.0,8.0,8.0,8.0,0,TRUE
2024-04-19,7.643322467803955,8.0,8.0,8.0,8.0,0,TRUE
2024-04-22,7.308927536010742,7.650000095367432,7.900000095367432,7.650000095367432,7.900000095367432,65619700,TRUE
2024-04-23,7.3566975593566895,7.699999809265137,7.800000190734863,7.650000095367432,7.699999809265137,105057700,TRUE
2024-04-24,7.3566975593566895,7.699999809265137,7.699999809265137,7.699999809265137,7.699999809265137,0,TRUE
2024-04-25,7.404468536376953,7.75,7.800000190734863,7.699999809265137,7.800000190734863,27812700,TRUE
2024-04-26,7.308927536010742,7.650000095367432,7.800000190734863,7.650000095367432,7.75,34295100,TRUE
2024-04-29,7.5000104904174805,7.849999904632568,7.849999904632568,7.599999904632568,7.75,52683100,TRUE
2024-04-30,7.5000104904174805,7.849999904632568,7.849999904632568,7.849999904632568,7.849999904632568,0,TRUE
2024-05-02,7.691093444824219,8.050000190734863,8.300000190734863,7.800000190734863,7.849999904632568,252867200,TRUE
2024-05-03,7.7866339683532715,8.149999618530273,8.149999618530273,8.0,8.050000190734863,69115100,TRUE
2024-05-07,7.7866339683532715,8.149999618530273,8.149999618530273,8.149999618530273,8.149999618530273,0,TRUE
2024-05-08,8.359884262084961,8.75,9.0,8.399999618530273,8.5,232121600,TRUE
2024-05-09,8.216571807861328,8.600000381469727,8.75,8.5,8.75,109970200,TRUE
2024-05-10,8.216571807861328,8.600000381469727,8.649999618530273,8.5,8.600000381469727,38038500,TRUE
2024-05-13,8.168801307678223,8.550000190734863,8.899999618530273,8.5,8.600000381469727,114939900,TRUE
2024-05-14,8.1210298538208,8.5,8.600000381469727,8.449999809265137,8.550000190734863,76346500,TRUE
2024-05-15,8.025487899780273,8.399999618530273,8.5,8.350000381469727,8.5,64589700,TRUE
2024-05-16,8.025487899780273,8.399999618530273,8.399999618530273,8.399999618530273,8.399999618530273,0,TRUE
2024-05-17,8.359884262084961,8.75,8.75,8.449999809265137,8.5,75007800,TRUE
2024-05-20,8.359884262084961,8.75,8.75,8.75,8.75,0,TRUE
2024-05-21,8.359884262084961,8.75,8.75,8.75,8.75,0,TRUE
2024-05-23,7.929947376251221,8.300000190734863,8.5,8.25,8.399999618530273,151009200,TRUE
2024-05-24,7.929947376251221,8.300000190734863,8.300000190734863,8.300000190734863,8.300000190734863,0,TRUE
2024-05-27,8.1210298538208,8.5,8.550000190734863,8.100000381469727,8.100000381469727,200924300,TRUE
2024-05-28,8.073259353637695,8.449999809265137,8.5,8.350000381469727,8.449999809265137,52708600,TRUE
2024-05-29,8.216571807861328,8.600000381469727,8.699999809265137,8.449999809265137,8.5,152411100,TRUE
2024-05-30,8.216571807861328,8.600000381469727,8.600000381469727,8.600000381469727,8.600000381469727,0,TRUE
2024-05-31,8.216571807861328,8.600000381469727,8.600000381469727,8.600000381469727,8.600000381469727,0,TRUE
2024-06-04,8.40765380859375,8.800000190734863,8.949999809265137,8.699999809265137,8.699999809265137,167128100,TRUE
2024-06-05,8.40765380859375,8.800000190734863,8.800000190734863,8.800000190734863,8.800000190734863,0,TRUE
2024-06-06,8.1210298538208,8.5,8.75,8.350000381469727,8.649999618530273,113222700,TRUE
2024-06-07,8.1210298538208,8.5,8.5,8.5,8.5,0,TRUE
2024-06-10,7.977717876434326,8.350000381469727,8.5,8.300000190734863,8.449999809265137,42639400,TRUE
2024-06-11,7.977717876434326,8.350000381469727,8.350000381469727,8.350000381469727,8.350000381469727,0,TRUE
2024-06-12,8.073259353637695,8.449999809265137,8.449999809265137,8.25,8.300000190734863,72701400,TRUE
2024-06-13,8.025487899780273,8.399999618530273,8.550000190734863,8.350000381469727,8.449999809265137,29930100,TRUE
2024-06-14,8.264342308044434,8.649999618530273,8.649999618530273,8.350000381469727,8.399999618530273,66274700,TRUE
2024-06-17,8.073259353637695,8.449999809265137,8.600000381469727,8.449999809265137,8.600000381469727,47361500,TRUE
2024-06-18,8.073259353637695,8.449999809265137,8.449999809265137,8.449999809265137,8.449999809265137,0,TRUE
2024-06-19,8.073259353637695,8.449999809265137,8.449999809265137,8.449999809265137,8.449999809265137,0,TRUE
2024-06-20,8.264342308044434,8.649999618530273,8.699999809265137,8.449999809265137,8.5,65881500,TRUE
2024-06-21,8.1210298538208,8.5,8.649999618530273,8.449999809265137,8.600000381469727,85252000,TRUE
2024-06-24,8.073259353637695,8.449999809265137,8.550000190734863,8.399999618530273,8.5,55718700,TRUE
2024-06-25,8.073259353637695,8.449999809265137,8.449999809265137,8.449999809265137,8.449999809265137,0,TRUE
2024-06-26,8.073259353637695,8.449999809265137,8.449999809265137,8.449999809265137,8.449999809265137,0,TRUE
2024-06-27,8.503196716308594,8.899999618530273,8.899999618530273,8.649999618530273,8.699999809265137,112398100,TRUE
2024-06-28,8.359884262084961,8.75,8.899999618530273,8.699999809265137,8.899999618530273,58672200,TRUE
2024-07-01,8.359884262084961,8.75,8.75,8.75,8.75,0,TRUE
2024-07-02,8.359884262084961,8.75,8.75,8.75,8.75,0,TRUE
2024-07-03,8.455426216125488,8.850000381469727,8.949999809265137,8.800000190734863,8.899999618530273,46167900,TRUE
2024-07-04,8.5509672164917,8.949999809265137,9.0,8.800000190734863,8.850000381469727,48179500,TRUE
2024-07-05,8.455426216125488,8.850000381469727,9.0,8.850000381469727,8.949999809265137,26391900,TRUE
2024-07-08,8.503196716308594,8.899999618530273,8.949999809265137,8.800000190734863,8.850000381469727,43276800,TRUE
2024-07-09,8.503196716308594,8.899999618530273,8.899999618530273,8.899999618530273,8.899999618530273,0,TRUE
2024-07-10,8.694279670715332,9.100000381469727,9.149999618530273,9.0,9.050000190734863,57172400,TRUE
2024-07-11,8.694279670715332,9.100000381469727,9.100000381469727,9.100000381469727,9.100000381469727,0,TRUE
2024-07-12,8.694279670715332,9.100000381469727,9.100000381469727,9.100000381469727,9.100000381469727,0,TRUE
2024-07-15,8.694279670715332,9.100000381469727,9.100000381469727,9.100000381469727,9.100000381469727,0,TRUE
2024-07-16,8.694279670715332,9.100000381469727,9.149999618530273,9.0,9.100000381469727,62970300,TRUE
2024-07-17,8.694279670715332,9.100000381469727,9.100000381469727,9.100000381469727,9.100000381469727,0,TRUE
2024-07-18,8.694279670715332,9.100000381469727,9.100000381469727,8.899999618530273,9.050000190734863,60198900,TRUE
2024-07-19,8.789820671081543,9.199999809265137,9.25,9.0,9.0,82188300,TRUE
2024-07-23,8.694279670715332,9.100000381469727,9.25,9.050000190734863,9.149999618530273,70092400,TRUE
2024-07-24,8.694279670715332,9.100000381469727,9.149999618530273,9.0,9.149999618530273,22405600,TRUE
2024-07-25,8.5509672164917,8.949999809265137,9.100000381469727,8.899999618530273,9.050000190734863,47864300,TRUE
2024-07-26,8.40765380859375,8.800000190734863,8.949999809265137,8.75,8.899999618530273,105222700,TRUE
2024-07-30,8.40765380859375,8.800000190734863,8.800000190734863,8.800000190734863,8.800000190734863,0,TRUE
2024-07-31,8.837591171264648,9.25,9.25,8.899999618530273,9.0,86284800,TRUE
2024-08-01,8.742049217224121,9.149999618530273,9.25,9.100000381469727,9.199999809265137,42615500,TRUE
2024-08-02,8.742049217224121,9.149999618530273,9.149999618530273,9.149999618530273,9.149999618530273,0,TRUE
2024-08-05,9.219757080078125,9.649999618530273,9.75,9.149999618530273,9.199999809265137,327913700,TRUE
2024-08-06,9.219757080078125,9.649999618530273,9.850000381469727,9.600000381469727,9.649999618530273,150096900,TRUE
2024-08-07,9.458612442016602,9.899999618530273,9.899999618530273,9.649999618530273,9.699999809265137,123261500,TRUE
2024-08-08,9.458612442016602,9.899999618530273,9.899999618530273,9.899999618530273,9.899999618530273,0,TRUE
2024-08-09,9.745235443115234,10.199999809265137,10.300000190734863,10.0,10.100000381469727,107577700,TRUE
2024-08-13,9.745235443115234,10.199999809265137,10.300000190734863,10.0,10.300000190734863,129568600,TRUE
2024-08-14,9.840777397155762,10.300000190734863,10.399999618530273,10.0,10.199999809265137,78380400,TRUE
2024-08-15,9.840777397155762,10.300000190734863,10.300000190734863,10.300000190734863,10.300000190734863,0,TRUE
2024-08-16,9.745235443115234,10.199999809265137,10.399999618530273,10.0,10.399999618530273,69497100,TRUE
2024-08-19,9.745235443115234,10.199999809265137,10.199999809265137,10.199999809265137,10.199999809265137,0,TRUE
2024-08-20,9.745235443115234,10.199999809265137,10.5,10.199999809265137,10.300000190734863,91311600,TRUE
2024-08-21,9.840777397155762,10.300000190734863,10.300000190734863,10.100000381469727,10.199999809265137,35147800,TRUE
2024-08-22,9.840777397155762,10.300000190734863,10.300000190734863,10.300000190734863,10.300000190734863,0,TRUE
2024-08-23,9.840777397155762,10.300000190734863,10.5,10.100000381469727,10.300000190734863,71206200,TRUE
2024-08-26,9.840777397155762,10.300000190734863,10.300000190734863,10.100000381469727,10.199999809265137,27392600,TRUE
2024-08-27,9.840777397155762,10.300000190734863,10.399999618530273,10.100000381469727,10.300000190734863,33794000,TRUE
2024-08-28,9.840777397155762,10.300000190734863,10.300000190734863,10.300000190734863,10.300000190734863,0,TRUE
2024-08-29,9.745235443115234,10.199999809265137,10.5,10.199999809265137,10.399999618530273,24975096,TRUE
2024-08-30,9.840777397155762,10.300000190734863,10.399999618530273,10.199999809265137,10.300000190734863,51247900,TRUE
2024-09-02,9.840777397155762,10.300000190734863,10.300000190734863,10.300000190734863,10.300000190734863,0,TRUE
2024-09-03,9.840777397155762,10.300000190734863,10.300000190734863,10.300000190734863,10.300000190734863,0,TRUE
2024-09-04,9.840777397155762,10.300000190734863,10.300000190734863,10.300000190734863,10.300000190734863,0,TRUE
2024-09-05,10.222944259643555,10.699999809265137,11.0,10.300000190734863,10.399999618530273,121921000,TRUE
2024-09-06,10.222944259643555,10.699999809265137,10.899999618530273,10.600000381469727,10.699999809265137,57239100,TRUE
2024-09-09,10.222944259643555,10.699999809265137,10.699999809265137,10.699999809265137,10.699999809265137,0,TRUE
2024-09-10,9.840777397155762,10.300000190734863,10.600000381469727,10.199999809265137,10.5,109429400,TRUE
2024-09-11,9.840777397155762,10.300000190734863,10.5,10.300000190734863,10.399999618530273,58559900,TRUE
2024-09-12,9.936319351196289,10.399999618530273,10.600000381469727,10.300000190734863,10.399999618530273,37155600,TRUE
2024-09-13,10.0318603515625,10.5,10.5,10.399999618530273,10.5,12239300,TRUE
2024-09-16,10.0318603515625,10.5,10.5,10.5,10.5,0,TRUE
2024-09-17,10.0318603515625,10.5,10.5,10.5,10.5,0,TRUE
2024-09-18,10.0318603515625,10.5,10.5,10.5,10.5,0,TRUE
2024-09-19,10.0318603515625,10.5,10.5,10.5,10.5,0,TRUE
2024-09-20,10.0318603515625,10.5,10.5,10.5,10.5,0,TRUE
2024-09-23,10.509568214416504,11.0,11.100000381469727,10.800000190734863,11.0,68098800,TRUE
2024-09-24,10.605110168457031,11.100000381469727,11.199999809265137,11.0,11.0,64409200,TRUE
2024-09-25,10.700651168823242,11.199999809265137,11.399999618530273,11.0,11.100000381469727,112991700,TRUE
2024-09-26,10.700651168823242,11.199999809265137,11.399999618530273,11.100000381469727,11.199999809265137,59082400,TRUE
2024-09-27,10.700651168823242,11.199999809265137,11.199999809265137,11.199999809265137,11.199999809265137,0,TRUE
2024-09-30,10.700651168823242,11.199999809265137,11.300000190734863,11.0,11.100000381469727,53377400,TRUE
2024-10-01,10.700651168823242,11.199999809265137,11.199999809265137,11.199999809265137,11.199999809265137,0,TRUE
2024-10-02,10.700651168823242,11.199999809265137,11.399999618530273,11.100000381469727,11.199999809265137,70706600,TRUE
2024-10-03,10.605110168457031,11.100000381469727,11.399999618530273,11.100000381469727,11.199999809265137,108235700,TRUE
2024-10-04,10.605110168457031,11.100000381469727,11.100000381469727,11.100000381469727,11.100000381469727,0,TRUE
2024-10-07,10.605110168457031,11.100000381469727,11.199999809265137,10.600000381469727,10.899999618530273,70430600,TRUE
2024-10-08,10.509568214416504,11.0,11.300000190734863,11.0,11.0,64131300,TRUE
2024-10-09,10.700651168823242,11.199999809265137,11.199999809265137,11.0,11.0,51613800,TRUE
2024-10-10,10.987277030944824,11.5,11.5,11.100000381469727,11.100000381469727,98521400,TRUE
2024-10-11,10.987277030944824,11.5,11.5,11.5,11.5,0,TRUE
2024-10-15,10.700651168823242,11.199999809265137,11.300000190734863,11.100000381469727,11.199999809265137,56768600,TRUE
2024-10-16,10.700651168823242,11.199999809265137,11.199999809265137,11.199999809265137,11.199999809265137,0,TRUE
2024-10-17,10.700651168823242,11.199999809265137,11.199999809265137,11.199999809265137,11.199999809265137,0,TRUE
2024-10-18,11.369441986083984,11.899999618530273,12.199999809265137,11.899999618530273,12.0,118020000,TRUE
2024-10-21,11.178359031677246,11.699999809265137,12.0,11.699999809265137,11.899999618530273,60202300,TRUE
2024-10-22,11.178359031677246,11.699999809265137,11.699999809265137,11.699999809265137,11.699999809265137,0,TRUE
2024-10-24,11.273900985717773,11.800000190734863,12.199999809265137,11.800000190734863,12.0,109067171,TRUE
2024-10-25,11.273900985717773,11.800000190734863,11.800000190734863,11.800000190734863,11.800000190734863,0,TRUE
2024-10-28,11.369441986083984,11.899999618530273,12.399999618530273,11.899999618530273,12.300000190734863,156018700,TRUE
2024-10-29,11.369441986083984,11.899999618530273,11.899999618530273,11.899999618530273,11.899999618530273,0,TRUE
2024-10-30,11.751608848571777,12.300000190734863,12.300000190734863,12.0,12.0,44307100,TRUE
2024-10-31,11.751608848571777,12.300000190734863,12.300000190734863,12.300000190734863,12.300000190734863,0,TRUE
2024-11-01,11.65606689453125,12.199999809265137,12.300000190734863,12.0,12.300000190734863,107692500,TRUE
2024-11-04,11.65606689453125,12.199999809265137,12.300000190734863,12.100000381469727,12.199999809265137,36489800,TRUE
2024-11-05,11.751608848571777,12.300000190734863,12.399999618530273,12.199999809265137,12.199999809265137,38834300,TRUE
2024-11-06,11.65606689453125,12.199999809265137,12.399999618530273,12.100000381469727,12.399999618530273,52791200,TRUE
2024-11-07,11.751608848571777,12.300000190734863,12.399999618530273,12.100000381469727,12.199999809265137,46045600,TRUE
2024-11-08,11.464982986450195,12.0,12.300000190734863,11.899999618530273,12.300000190734863,72656600,TRUE
2024-11-11,11.464982986450195,12.0,12.100000381469727,11.899999618530273,12.0,45494700,TRUE
2024-11-12,11.464982986450195,12.0,12.100000381469727,12.0,12.0,19100300,TRUE
2024-11-13,11.464982986450195,12.0,12.100000381469727,12.0,12.0,19053000,TRUE
2024-11-14,11.273900985717773,11.800000190734863,12.0,11.399999618530273,12.0,96656000,TRUE
2024-11-15,11.369441986083984,11.899999618530273,12.0,11.699999809265137,11.800000190734863,46813100,TRUE
2024-11-18,11.273900985717773,11.800000190734863,12.0,11.800000190734863,11.800000190734863,18164700,TRUE
2024-11-19,11.273900985717773,11.800000190734863,12.0,11.800000190734863,11.800000190734863,60326100,TRUE
2024-11-20,11.369441986083984,11.899999618530273,11.899999618530273,11.699999809265137,11.800000190734863,30681500,TRUE
2024-11-21,11.464982986450195,12.0,12.100000381469727,11.800000190734863,11.899999618530273,57825500,TRUE
2024-11-22,10.987277030944824,11.5,11.899999618530273,11.199999809265137,11.800000190734863,147463100,TRUE
2024-11-25,11.082818984985352,11.600000381469727,11.699999809265137,11.399999618530273,11.600000381469727,52485800,TRUE
2024-11-26,11.178359031677246,11.699999809265137,11.800000190734863,11.600000381469727,11.699999809265137,23231500,TRUE
2024-11-27,11.178359031677246,11.699999809265137,11.800000190734863,11.600000381469727,11.600000381469727,25955700,TRUE
2024-11-28,10.700651168823242,11.199999809265137,11.699999809265137,11.0,11.699999809265137,141585900,TRUE
2024-11-29,10.605110168457031,11.100000381469727,11.399999618530273,11.100000381469727,11.199999809265137,71743500,TRUE
2024-12-02,11.082818984985352,11.600000381469727,11.800000190734863,11.100000381469727,11.199999809265137,74011200,TRUE
2024-12-03,11.369441986083984,11.899999618530273,11.899999618530273,11.600000381469727,11.600000381469727,37514700,TRUE
2024-12-04,11.560524940490723,12.100000381469727,12.100000381469727,11.800000190734863,11.800000190734863,52679100,TRUE
2024-12-06,11.273900985717773,11.800000190734863,12.100000381469727,11.800000190734863,11.899999618530273,52769200,TRUE
2024-12-09,11.273900985717773,11.800000190734863,12.0,11.800000190734863,11.800000190734863,22723500,TRUE
2024-12-11,11.369441986083984,11.899999618530273,12.100000381469727,11.600000381469727,11.699999809265137,102588600,TRUE
2024-12-12,11.369441986083984,11.899999618530273,12.100000381469727,11.800000190734863,11.800000190734863,58119300,TRUE
2024-12-13,11.273900985717773,11.800000190734863,11.899999618530273,11.600000381469727,11.899999618530273,89550000,TRUE
2024-12-16,11.369441986083984,11.899999618530273,11.899999618530273,11.699999809265137,11.699999809265137,67245500,TRUE
2024-12-17,10.987277030944824,11.5,12.0,11.5,11.800000190734863,128790100,TRUE
2024-12-18,10.509568214416504,11.0,11.300000190734863,10.699999809265137,11.199999809265137,215097700,TRUE
2024-12-19,10.127403259277344,10.600000381469727,11.0,10.600000381469727,10.899999618530273,128495600,TRUE
2024-12-20,10.127403259277344,10.600000381469727,10.800000190734863,10.300000190734863,10.5,121747700,TRUE
2024-12-23,10.700651168823242,11.199999809265137,11.199999809265137,10.699999809265137,10.800000190734863,115140600,TRUE
2024-12-24,10.414026260375977,10.899999618530273,11.199999809265137,10.899999618530273,11.199999809265137,63658500,TRUE
2024-12-25,10.318486213684082,10.800000190734863,11.0,10.699999809265137,10.899999618530273,41584700,TRUE
2024-12-26,10.414026260375977,10.899999618530273,11.100000381469727,10.800000190734863,10.800000190734863,32574700,TRUE
2024-12-27,10.509568214416504,11.0,11.199999809265137,10.800000190734863,11.0,33992600,TRUE
2024-12-30,10.605110168457031,11.100000381469727,11.399999618530273,11.0,11.0,55030400,TRUE
2025-01-02,10.700651168823242,11.199999809265137,11.399999618530273,10.699999809265137,11.0,81216000,TRUE
2025-01-03,11.082818984985352,11.600000381469727,11.600000381469727,11.199999809265137,11.300000190734863,78790500,TRUE
2025-01-06,10.605110168457031,11.100000381469727,11.5,11.0,11.399999618530273,74968600,TRUE
2025-01-07,10.796192169189453,11.300000190734863,11.399999618530273,11.0,11.100000381469727,59447400,TRUE
2025-01-08,10.605110168457031,11.100000381469727,11.399999618530273,10.899999618530273,11.300000190734863,60150500,TRUE
2025-01-09,10.414026260375977,10.899999618530273,11.100000381469727,10.800000190734863,11.100000381469727,60616700,TRUE
2025-01-10,10.700651168823242,11.199999809265137,11.300000190734863,10.600000381469727,10.800000190734863,135346500,TRUE
2025-01-13,10.509568214416504,11.0,11.199999809265137,11.0,11.0,55872100,TRUE
2025-01-14,11.178359031677246,11.699999809265137,11.899999618530273,11.100000381469727,11.100000381469727,148590600,TRUE
2025-01-15,11.273900985717773,11.800000190734863,11.800000190734863,11.600000381469727,11.699999809265137,72727900,TRUE
2025-01-16,11.464982986450195,12.0,12.100000381469727,11.899999618530273,12.0,69250700,TRUE
2025-01-17,11.560524940490723,12.100000381469727,12.100000381469727,11.800000190734863,11.899999618530273,53742300,TRUE
2025-01-20,11.369441986083984,11.899999618530273,12.100000381469727,11.899999618530273,12.0,35323300,TRUE
2025-01-21,11.369441986083984,11.899999618530273,12.199999809265137,11.899999618530273,12.0,48066800,TRUE
2025-01-22,11.273900985717773,11.800000190734863,12.100000381469727,11.5,12.0,145537300,TRUE
2025-01-23,11.082818984985352,11.600000381469727,11.800000190734863,11.600000381469727,11.699999809265137,47515600,TRUE
2025-01-24,11.273900985717773,11.800000190734863,11.899999618530273,11.600000381469727,11.699999809265137,50102000,TRUE
2025-01-27,11.273900985717773,11.800000190734863,12.0,11.600000381469727,11.800000190734863,47544700,TRUE
2025-01-28,11.273900985717773,11.800000190734863,12.0,11.600000381469727,11.899999618530273,41181900,TRUE
2025-01-29,11.273900985717773,11.800000190734863,11.800000190734863,11.699999809265137,11.800000190734863,7112000,TRUE
2025-01-30,11.369441986083984,11.899999618530273,11.899999618530273,11.699999809265137,11.800000190734863,36987000,TRUE
2025-01-31,11.178359031677246,11.699999809265137,12.0,11.5,11.899999618530273,55850400,TRUE
2025-02-03,11.082818984985352,11.600000381469727,11.600000381469727,11.300000190734863,11.5,63718900,TRUE
2025-02-04,11.178359031677246,11.699999809265137,11.699999809265137,11.5,11.600000381469727,69429400,TRUE
2025-02-05,11.464982986450195,12.0,12.100000381469727,11.699999809265137,11.800000190734863,84002300,TRUE
2025-02-06,11.273900985717773,11.800000190734863,12.0,11.699999809265137,12.0,67955300,TRUE
2025-02-07,11.560524940490723,12.100000381469727,12.100000381469727,11.699999809265137,11.899999618530273,68095900,TRUE
2025-02-10,12.133774757385254,12.699999809265137,12.800000190734863,12.100000381469727,12.199999809265137,186600200,TRUE
2025-02-11,12.038233757019043,12.600000381469727,12.699999809265137,12.399999618530273,12.600000381469727,80865900,TRUE
2025-02-13,11.9426908493042,12.5,12.899999618530273,12.399999618530273,12.600000381469727,103196200,TRUE
2025-02-14,12.229316711425781,12.800000190734863,12.800000190734863,12.399999618530273,12.5,75830100,TRUE
2025-02-17,12.133774757385254,12.699999809265137,13.0,12.600000381469727,12.899999618530273,43844700,TRUE
2025-02-18,12.038233757019043,12.600000381469727,12.800000190734863,12.5,12.600000381469727,39344700,TRUE
2025-02-19,12.611482620239258,13.199999809265137,13.300000190734863,12.5,12.600000381469727,157638000,TRUE
2025-02-20,12.229316711425781,12.800000190734863,13.199999809265137,12.699999809265137,13.0,96582000,TRUE
2025-02-21,12.229316711425781,12.800000190734863,13.0,11.899999618530273,12.0,206123700,TRUE
2025-02-24,11.464982986450195,12.0,12.800000190734863,12.0,12.699999809265137,123448700,TRUE
2025-02-25,10.987277030944824,11.5,11.899999618530273,11.300000190734863,11.899999618530273,165703000,TRUE
2025-02-26,11.464982986450195,12.0,12.199999809265137,11.600000381469727,11.600000381469727,105301700,TRUE
2025-02-27,11.273900985717773,11.800000190734863,12.0,11.800000190734863,12.0,61452400,TRUE
2025-02-28,10.987277030944824,11.5,11.800000190734863,11.5,11.600000381469727,130729300,TRUE
2025-03-03,10.89173412322998,11.399999618530273,11.699999809265137,11.300000190734863,11.5,78073000,TRUE
2025-03-04,10.605110168457031,11.100000381469727,11.5,10.800000190734863,11.300000190734863,128076700,TRUE
2025-03-05,10.700651168823242,11.199999809265137,11.5,10.899999618530273,11.100000381469727,104708700,TRUE
2025-03-06,10.414026260375977,10.899999618530273,11.199999809265137,10.800000190734863,11.199999809265137,122305600,TRUE
2025-03-07,10.509568214416504,11.0,11.100000381469727,10.800000190734863,10.899999618530273,108222400,TRUE
2025-03-10,10.414026260375977,10.899999618530273,11.100000381469727,10.800000190734863,10.899999618530273,65401800,TRUE
2025-03-11,10.509568214416504,11.0,11.100000381469727,10.800000190734863,10.899999618530273,90577000,TRUE
2025-03-12,10.127403259277344,10.600000381469727,11.0,10.100000381469727,10.899999618530273,251676200,TRUE
2025-03-13,10.127403259277344,10.600000381469727,10.800000190734863,10.399999618530273,10.600000381469727,98494000,TRUE
2025-03-14,10.318486213684082,10.800000190734863,10.899999618530273,10.5,10.699999809265137,70413300,TRUE
2025-03-17,10.318486213684082,10.800000190734863,10.899999618530273,10.699999809265137,10.699999809265137,53845200,TRUE
2025-03-18,10.318486213684082,10.800000190734863,10.899999618530273,10.600000381469727,10.800000190734863,64447800,TRUE
2025-03-19,10.414026260375977,10.899999618530273,11.0,10.600000381469727,10.800000190734863,63786800,TRUE
2025-03-20,10.222944259643555,10.699999809265137,11.0,10.699999809265137,11.0,63705300,TRUE
2025-03-21,10.605110168457031,11.100000381469727,11.100000381469727,10.699999809265137,10.800000190734863,177598800,TRUE
2025-03-24,10.987277030944824,11.5,11.600000381469727,11.0,11.300000190734863,109115500,TRUE
2025-03-25,11.273900985717773,11.800000190734863,11.899999618530273,11.5,11.600000381469727,114883900,TRUE
2025-03-26,11.273900985717773,11.800000190734863,12.0,11.600000381469727,11.899999618530273,79993900,TRUE
2025-03-27,11.273900985717773,11.800000190734863,12.0,11.800000190734863,11.800000190734863,49737400,TRUE
2025-03-28,11.464982986450195,12.0,12.0,11.699999809265137,11.800000190734863,39406900,TRUE
2025-03-31,11.178359031677246,11.699999809265137,12.0,11.600000381469727,11.800000190734863,90993100,TRUE
2025-04-01,11.560524940490723,12.100000381469727,12.199999809265137,11.800000190734863,11.899999618530273,58676400,TRUE
2025-04-02,11.369441986083984,11.899999618530273,12.199999809265137,11.899999618530273,12.100000381469727,52227000,TRUE
2025-04-03,11.560524940490723,12.100000381469727,12.100000381469727,11.800000190734863,11.800000190734863,48980100,TRUE
2025-04-04,10.987277030944824,11.5,12.100000381469727,11.399999618530273,12.0,105504600,TRUE
2025-04-08,11.178359031677246,11.699999809265137,11.699999809265137,10.800000190734863,10.899999618530273,122376400,TRUE
2025-04-09,10.796192169189453,11.300000190734863,11.800000190734863,11.300000190734863,11.699999809265137,86214100,TRUE
2025-04-10,11.369441986083984,11.899999618530273,12.0,11.5,11.699999809265137,81368000,TRUE
2025-04-11,11.178359031677246,11.699999809265137,12.100000381469727,11.699999809265137,12.0,34159700,TRUE
2025-04-16,11.178359031677246,11.699999809265137,12.0,11.699999809265137,11.899999618530273,47435676,TRUE
2025-04-17,11.082818984985352,11.600000381469727,11.899999618530273,11.600000381469727,11.800000190734863,29888900,TRUE
2025-04-18,11.369441986083984,11.899999618530273,12.100000381469727,11.600000381469727,11.699999809265137,50559300,TRUE
2025-04-21,11.464982986450195,12.0,12.0,11.800000190734863,11.899999618530273,36302800,TRUE
2025-04-22,11.464982986450195,12.0,12.100000381469727,11.800000190734863,11.800000190734863,68253100,TRUE
2025-04-23,11.464982986450195,12.0,12.100000381469727,11.899999618530273,12.0,31535400,TRUE
2025-04-24,11.273900985717773,11.800000190734863,12.0,11.800000190734863,11.899999618530273,37164700,TRUE
2025-04-25,11.369441986083984,11.899999618530273,12.0,11.800000190734863,11.899999618530273,39101200,TRUE
2025-04-28,11.273900985717773,11.800000190734863,11.899999618530273,11.800000190734863,11.800000190734863,27313400,TRUE
2025-04-29,11.464982986450195,12.0,12.0,11.699999809265137,11.800000190734863,52163800,TRUE
2025-04-30,11.560524940490723,12.100000381469727,12.199999809265137,11.800000190734863,11.899999618530273,90916200,TRUE
2025-05-02,11.751608848571777,12.300000190734863,12.399999618530273,12.100000381469727,12.199999809265137,70720200,TRUE
2025-05-06,11.847149848937988,12.399999618530273,12.600000381469727,12.199999809265137,12.300000190734863,99337500,TRUE
2025-05-07,12.038233757019043,12.600000381469727,12.800000190734863,12.5,12.699999809265137,143581900,TRUE
2025-05-08,11.9426908493042,12.5,12.899999618530273,12.300000190734863,12.600000381469727,134373200,TRUE
2025-05-09,12.133774757385254,12.699999809265137,12.699999809265137,12.399999618530273,12.600000381469727,94391400,TRUE
2025-05-13,11.560524940490723,12.100000381469727,12.899999618530273,12.0,12.899999618530273,150455500,TRUE
2025-05-14,11.9426908493042,12.5,12.600000381469727,12.0,12.100000381469727,78010600,TRUE
2025-05-15,11.9426908493042,12.5,12.5,12.399999618530273,12.5,40291500,TRUE
2025-05-16,11.847149848937988,12.399999618530273,12.600000381469727,12.300000190734863,12.5,42859200,TRUE
2025-05-19,11.847149848937988,12.399999618530273,12.600000381469727,12.300000190734863,12.399999618530273,47361100,TRUE
2025-05-20,11.751608848571777,12.300000190734863,12.5,12.300000190734863,12.399999618530273,39954000,TRUE
2025-05-21,11.9426908493042,12.5,12.5,12.199999809265137,12.300000190734863,53055000,TRUE
2025-05-22,11.751608848571777,12.300000190734863,12.5,12.300000190734863,12.399999618530273,73684000,TRUE
2025-05-23,12.133774757385254,12.699999809265137,12.699999809265137,12.5,12.600000381469727,38238600,TRUE
2025-05-26,12.229316711425781,12.800000190734863,12.899999618530273,12.5,12.699999809265137,94487100,TRUE
2025-05-27,12.133774757385254,12.699999809265137,12.899999618530273,12.699999809265137,12.800000190734863,70166900,TRUE
2025-05-28,12.133774757385254,12.699999809265137,12.899999618530273,12.699999809265137,12.800000190734863,37920600,TRUE
2025-05-29,12.133774757385254,12.699999809265137,12.800000190734863,12.699999809265137,12.800000190734863,57182100,TRUE
2025-05-30,11.9426908493042,12.5,12.699999809265137,12.399999618530273,12.600000381469727,74066500,TRUE
2025-06-04,11.847149848937988,12.399999618530273,12.600000381469727,12.300000190734863,12.399999618530273,52745400,TRUE
2025-06-05,12.133774757385254,12.699999809265137,12.699999809265137,12.300000190734863,12.5,63137900,TRUE
2025-06-06,11.9426908493042,12.5,12.699999809265137,12.5,12.699999809265137,35310600,TRUE
2025-06-09,11.751608848571777,12.300000190734863,12.600000381469727,12.300000190734863,12.600000381469727,53139100,TRUE
2025-06-10,11.847149848937988,12.399999618530273,12.5,12.199999809265137,12.300000190734863,54654600,TRUE
2025-06-11,11.560524940490723,12.100000381469727,12.399999618530273,12.100000381469727,12.399999618530273,46700700,TRUE
2025-06-12,11.464982986450195,12.0,12.199999809265137,11.899999618530273,12.100000381469727,87272100,TRUE
2025-06-13,11.369441986083984,11.899999618530273,12.0,11.800000190734863,11.899999618530273,48943000,TRUE
2025-06-16,11.464982986450195,12.0,12.199999809265137,11.800000190734863,11.899999618530273,84305700,TRUE
2025-06-17,11.178359031677246,11.699999809265137,12.100000381469727,11.699999809265137,12.0,56260400,TRUE
2025-06-18,10.509568214416504,11.0,11.600000381469727,10.899999618530273,11.600000381469727,175965100,TRUE
2025-06-19,10.222944259643555,10.699999809265137,10.899999618530273,10.5,10.699999809265137,146254400,TRUE
2025-06-20,9.936319351196289,10.399999618530273,10.899999618530273,10.199999809265137,10.800000190734863,204613400,TRUE
2025-06-23,9.936319351196289,10.399999618530273,10.699999809265137,10.100000381469727,10.300000190734863,165489900,TRUE
2025-06-24,10.318486213684082,10.800000190734863,10.899999618530273,10.600000381469727,10.699999809265137,195191000,TRUE
2025-06-25,10.509568214416504,11.0,11.0,10.699999809265137,10.800000190734863,75059000,TRUE
2025-06-26,10.605110168457031,11.100000381469727,11.5,10.899999618530273,11.5,114567000,TRUE
2025-06-27,10.414026260375977,10.899999618530273,11.100000381469727,10.699999809265137,11.100000381469727,84283500,TRUE
2025-06-30,10.605110168457031,11.100000381469727,11.399999618530273,10.899999618530273,11.199999809265137,206316300,TRUE
2025-07-01,10.700651168823242,11.199999809265137,11.399999618530273,11.0,11.100000381469727,111601300,TRUE
2025-07-02,10.796192169189453,11.300000190734863,11.300000190734863,11.100000381469727,11.199999809265137,85312200,TRUE
2025-07-03,10.605110168457031,11.100000381469727,11.399999618530273,11.0,11.199999809265137,72908800,TRUE
2025-07-04,10.318486213684082,10.800000190734863,11.100000381469727,10.800000190734863,11.0,62762600,TRUE
2025-07-07,10.796192169189453,11.300000190734863,11.300000190734863,10.800000190734863,10.899999618530273,146823000,TRUE
2025-07-08,10.605110168457031,11.100000381469727,11.300000190734863,11.100000381469727,11.199999809265137,75648611,TRUE
2025-07-09,10.509568214416504,11.0,11.199999809265137,10.899999618530273,11.100000381469727,48615500,TRUE
2025-07-11,10.414026260375977,10.899999618530273,11.100000381469727,10.899999618530273,10.899999618530273,61738600,TRUE
2025-07-14,10.605110168457031,11.100000381469727,11.100000381469727,10.800000190734863,10.899999618530273,108377200,TRUE
2025-07-15,10.796192169189453,11.300000190734863,11.300000190734863,10.899999618530273,11.100000381469727,119382600,TRUE
2025-07-16,10.700651168823242,11.199999809265137,11.300000190734863,11.100000381469727,11.300000190734863,103674300,TRUE
2025-07-17,10.509568214416504,11.0,11.199999809265137,10.899999618530273,11.100000381469727,193401600,TRUE
2025-07-18,10.605110168457031,11.100000381469727,11.300000190734863,11.0,11.0,173973400,TRUE
2025-07-21,10.414026260375977,10.899999618530273,11.100000381469727,10.800000190734863,11.0,73644000,TRUE
2025-07-22,10.222944259643555,10.699999809265137,10.899999618530273,10.699999809265137,10.800000190734863,92530400,TRUE
2025-07-23,10.509568214416504,11.0,11.100000381469727,10.699999809265137,10.800000190734863,96532500,TRUE
2025-07-24,10.509568214416504,11.0,11.100000381469727,10.800000190734863,11.0,79797200,TRUE
2025-07-25,10.318486213684082,10.800000190734863,11.0,10.699999809265137,10.899999618530273,52812200,TRUE
2025-07-29,10.222944259643555,10.699999809265137,10.899999618530273,10.699999809265137,10.800000190734863,53594600,TRUE
2025-07-30,9.936319351196289,10.399999618530273,10.800000190734863,10.100000381469727,10.699999809265137,292427815,TRUE
2025-07-31,9.936319351196289,10.399999618530273,10.600000381469727,10.199999809265137,10.300000190734863,161727600,TRUE
2025-08-01,9.840777397155762,10.300000190734863,10.699999809265137,10.300000190734863,10.5,117406300,TRUE
2025-08-04,10.318486213684082,10.800000190734863,10.800000190734863,10.300000190734863,10.399999618530273,119195100,TRUE
2025-08-05,10.414026260375977,10.899999618530273,11.0,10.699999809265137,10.800000190734863,89849000,TRUE
2025-08-06,10.700651168823242,11.199999809265137,11.300000190734863,10.699999809265137,11.0,182811000,TRUE
2025-08-07,10.509568214416504,11.0,11.399999618530273,11.0,11.199999809265137,113973800,TRUE
2025-08-08,10.318486213684082,10.800000190734863,11.100000381469727,10.699999809265137,11.0,114241300,TRUE
2025-08-13,10.318486213684082,10.800000190734863,11.0,10.600000381469727,10.899999618530273,84862400,TRUE
2025-08-14,10.222944259643555,10.699999809265137,10.800000190734863,10.600000381469727,10.800000190734863,83572200,TRUE
2025-08-15,10.318486213684082,10.800000190734863,11.0,10.699999809265137,10.699999809265137,41341100,TRUE
2025-08-18,10.318486213684082,10.800000190734863,10.899999618530273,10.699999809265137,10.899999618530273,48691500,TRUE
2025-08-19,10.509568214416504,11.0,11.199999809265137,10.699999809265137,10.800000190734863,78996100,TRUE
2025-08-20,10.987277030944824,11.5,11.5,11.0,11.100000381469727,119615100,TRUE
2025-08-21,10.796192169189453,11.300000190734863,11.800000190734863,11.199999809265137,11.600000381469727,130748800,TRUE
2025-08-22,11.273900985717773,11.800000190734863,11.899999618530273,11.199999809265137,11.300000190734863,131350400,TRUE
2025-08-25,11.178359031677246,11.699999809265137,11.899999618530273,11.5,11.899999618530273,117430400,TRUE
2025-08-26,11.464982986450195,12.0,12.199999809265137,11.600000381469727,11.600000381469727,204454300,TRUE
2025-08-27,11.273900985717773,11.800000190734863,12.0,11.699999809265137,12.0,75022500,TRUE
2025-08-28,11.273900985717773,11.800000190734863,12.0,11.699999809265137,11.800000190734863,57353400,TRUE
2025-08-29,10.89173412322998,11.399999618530273,11.800000190734863,11.399999618530273,11.800000190734863,133930100,TRUE
2025-09-01,10.89173412322998,11.399999618530273,11.600000381469727,11.300000190734863,11.399999618530273,67312200,TRUE
2025-09-02,11.178359031677246,11.699999809265137,11.699999809265137,11.399999618530273,11.5,69350100,TRUE
2025-09-03,10.89173412322998,11.399999618530273,11.800000190734863,11.399999618530273,11.699999809265137,95451800,TRUE
2025-09-04,10.700651168823242,11.199999809265137,11.600000381469727,11.199999809265137,11.399999618530273,106611400,TRUE
2025-09-05,10.796192169189453,11.300000190734863,11.399999618530273,11.100000381469727,11.300000190734863,89608800,TRUE
2025-09-08,10.796192169189453,11.300000190734863,11.5,11.199999809265137,11.399999618530273,65212800,TRUE
2025-09-09,10.89173412322998,11.399999618530273,11.600000381469727,11.300000190734863,11.399999618530273,94722000,TRUE
2025-09-10,10.796192169189453,11.300000190734863,11.5,11.199999809265137,11.399999618530273,100029100,TRUE
2025-09-11,10.796192169189453,11.300000190734863,11.399999618530273,11.300000190734863,11.300000190734863,13500300,TRUE
2025-09-12,10.700651168823242,11.199999809265137,11.399999618530273,11.100000381469727,11.399999618530273,76589800,TRUE
2025-09-15,10.796192169189453,11.300000190734863,11.300000190734863,11.0,11.199999809265137,98471600,TRUE
2025-09-16,10.796192169189453,11.300000190734863,11.300000190734863,11.100000381469727,11.199999809265137,83194500,TRUE
2025-09-17,10.89173412322998,11.399999618530273,11.399999618530273,11.199999809265137,11.300000190734863,86982800,TRUE
2025-09-18,10.796192169189453,11.300000190734863,11.399999618530273,11.100000381469727,11.399999618530273,59642700,TRUE
2025-09-19,10.318486213684082,10.800000190734863,11.199999809265137,10.800000190734863,11.199999809265137,123947300,TRUE
2025-09-22,10.222944259643555,10.699999809265137,10.899999618530273,10.600000381469727,10.800000190734863,97577200,TRUE
2025-09-23,10.0318603515625,10.5,10.800000190734863,10.5,10.699999809265137,82288100,TRUE
2025-09-24,10.222944259643555,10.699999809265137,10.800000190734863,10.199999809265137,10.399999618530273,144803500,TRUE
2025-09-25,10.0318603515625,10.5,10.800000190734863,10.5,10.800000190734863,146170900,TRUE
2025-09-26,10.0318603515625,10.5,10.699999809265137,10.300000190734863,10.5,150415200,TRUE
2025-09-29,10.127403259277344,10.600000381469727,10.800000190734863,10.5,10.600000381469727,131249200,TRUE
2025-09-30,9.936319351196289,10.399999618530273,10.600000381469727,10.300000190734863,10.600000381469727,140297100,TRUE
2025-10-01,10.0318603515625,10.5,10.600000381469727,10.300000190734863,10.399999618530273,74188200,TRUE
2025-10-02,10.414026260375977,10.899999618530273,11.100000381469727,10.699999809265137,10.699999809265137,170294500,TRUE
2025-10-03,10.700651168823242,11.199999809265137,11.399999618530273,11.0,11.100000381469727,186487300,TRUE
2025-10-06,10.796192169189453,11.300000190734863,11.300000190734863,10.899999618530273,11.300000190734863,144350000,TRUE
2025-10-07,10.796192169189453,11.300000190734863,11.300000190734863,11.300000190734863,11.300000190734863,0,TRUE
2025-10-08,10.414026260375977,10.899999618530273,11.100000381469727,10.899999618530273,11.100000381469727,56894400,TRUE
2025-10-09,10.509568214416504,11.0,11.100000381469727,10.800000190734863,10.899999618530273,72046500,TRUE
2025-10-10,10.605110168457031,11.100000381469727,11.199999809265137,11.0,11.0,78560200,TRUE
2025-10-14,10.605110168457031,11.100000381469727,11.199999809265137,11.0,11.100000381469727,81026900,TRUE
2025-10-15,10.605110168457031,11.100000381469727,11.300000190734863,11.100000381469727,11.100000381469727,112345100,TRUE
2025-10-16,10.509568214416504,11.0,11.199999809265137,10.800000190734863,11.199999809265137,109412700,TRUE
2025-10-17,10.318486213684082,10.800000190734863,10.899999618530273,10.699999809265137,10.899999618530273,84417300,TRUE
2025-10-20,10.318486213684082,10.800000190734863,10.899999618530273,10.699999809265137,10.899999618530273,48632800,TRUE
2025-10-21,10.509568214416504,11.0,11.100000381469727,10.800000190734863,10.800000190734863,120863500,TRUE
2025-10-22,10.700651168823242,11.199999809265137,11.300000190734863,11.0,11.100000381469727,60906200,TRUE
2025-10-24,10.89173412322998,11.399999618530273,11.5,11.199999809265137,11.300000190734863,164427100,TRUE
2025-10-27,10.89173412322998,11.399999618530273,11.699999809265137,11.399999618530273,11.5,122138000,TRUE
2025-10-28,10.700651168823242,11.199999809265137,11.399999618530273,11.100000381469727,11.399999618530273,84751800,TRUE
2025-10-29,10.987277030944824,11.5,11.5,11.199999809265137,11.199999809265137,87150400,TRUE
2025-10-30,10.796192169189453,11.300000190734863,11.600000381469727,11.300000190734863,11.399999618530273,69760700,TRUE
2025-10-31,10.796192169189453,11.300000190734863,11.399999618530273,11.300000190734863,11.300000190734863,18720500,TRUE
2025-11-03,10.89173412322998,11.399999618530273,11.600000381469727,11.300000190734863,11.399999618530273,68334000,TRUE
2025-11-04,10.700651168823242,11.199999809265137,11.399999618530273,11.0,11.399999618530273,119438200,TRUE
2025-11-05,10.89173412322998,11.399999618530273,11.699999809265137,11.199999809265137,11.300000190734863,182840800,TRUE
2025-11-06,11.273900985717773,11.800000190734863,11.899999618530273,11.399999618530273,11.5,198189200,TRUE
2025-11-07,11.273900985717773,11.800000190734863,12.0,11.699999809265137,11.800000190734863,125082900,TRUE
2025-11-10,11.273900985717773,11.800000190734863,11.899999618530273,11.600000381469727,11.899999618530273,110274700,TRUE
2025-11-11,11.273900985717773,11.800000190734863,12.0,11.800000190734863,11.800000190734863,79368200,TRUE
2025-11-12,11.273900985717773,11.800000190734863,11.899999618530273,11.699999809265137,11.800000190734863,80417400,TRUE
2025-11-13,11.273900985717773,11.800000190734863,11.899999618530273,11.600000381469727,11.800000190734863,94615200,TRUE
2025-11-14,11.082818984985352,11.600000381469727,11.899999618530273,11.600000381469727,11.800000190734863,64935100,TRUE
2025-11-17,11.17023754119873,11.5,11.600000381469727,11.300000190734863,11.399999618530273,70844900,TRUE
2025-11-18,11.17023754119873,11.5,11.699999809265137,11.399999618530273,11.399999618530273,36331200,TRUE
2025-11-19,11.17023754119873,11.5,11.600000381469727,11.399999618530273,11.600000381469727,63843000,TRUE
2025-11-20,11.17023754119873,11.5,11.800000190734863,11.5,11.600000381469727,103402500,TRUE
2025-11-21,11.073103904724121,11.399999618530273,11.5,11.300000190734863,11.5,85953200,TRUE
2025-11-24,11.17023754119873,11.5,11.5,11.300000190734863,11.5,81636900,TRUE
2025-11-25,11.073103904724121,11.399999618530273,11.5,11.300000190734863,11.5,63185800,TRUE
2025-11-26,10.878838539123535,11.199999809265137,11.5,11.199999809265137,11.5,54432000,TRUE
2025-11-27,10.490309715270996,10.800000190734863,11.300000190734863,10.800000190734863,11.199999809265137,161966500,TRUE
2025-11-28,10.490309715270996,10.800000190734863,11.0,10.600000381469727,10.899999618530273,199813000,TRUE
2025-12-01,10.781706809997559,11.100000381469727,11.199999809265137,10.800000190734863,10.800000190734863,231526298,TRUE
2025-12-02,10.684574127197266,11.0,11.100000381469727,10.899999618530273,11.100000381469727,47205100,TRUE
2025-12-03,10.587441444396973,10.899999618530273,11.100000381469727,10.899999618530273,11.100000381469727,51877400,TRUE
2025-12-04,10.587441444396973,10.899999618530273,11.100000381469727,10.800000190734863,11.0,80739600,TRUE
2025-12-08,10.878838539123535,11.199999809265137,11.300000190734863,11.0,11.0,105650800,TRUE
2025-12-09,10.781706809997559,11.100000381469727,11.199999809265137,11.0,11.199999809265137,51347500,TRUE
2025-12-11,10.684574127197266,11.0,11.100000381469727,10.899999618530273,11.0,52510900,TRUE
2025-12-12,10.684574127197266,11.0,11.100000381469727,10.899999618530273,11.0,41218000,TRUE
2025-12-15,10.781706809997559,11.100000381469727,11.100000381469727,10.899999618530273,11.0,52407300,TRUE
2025-12-16,10.684574127197266,11.0,11.199999809265137,11.0,11.0,43581600,TRUE
2025-12-17,10.781706809997559,11.100000381469727,11.199999809265137,11.0,11.0,51020000,TRUE
2025-12-18,10.684574127197266,11.0,11.199999809265137,10.899999618530273,11.199999809265137,38958600,TRUE
2025-12-19,10.587441444396973,10.899999618530273,11.199999809265137,10.899999618530273,11.100000381469727,111661900,TRUE
2025-12-22,10.684574127197266,11.0,11.0,10.800000190734863,10.800000190734863,47923500,TRUE
2025-12-23,10.878838539123535,11.199999809265137,11.199999809265137,11.0,11.100000381469727,54889500,TRUE
2025-12-24,10.975971221923828,11.300000190734863,11.399999618530273,11.100000381469727,11.300000190734863,72683300,TRUE
2025-12-25,10.781706809997559,11.100000381469727,11.399999618530273,11.100000381469727,11.300000190734863,18664500,TRUE
2025-12-26,10.684574127197266,11.0,11.199999809265137,11.0,11.199999809265137,62864900,TRUE
2025-12-29,10.490309715270996,10.800000190734863,11.100000381469727,10.800000190734863,11.0,92920700,TRUE
2025-12-30,10.587441444396973,10.899999618530273,11.199999809265137,10.800000190734863,10.800000190734863,78613500,TRUE
